<?xml version="1.0" encoding="UTF-8"?>
<kml xmlns="http://www.opengis.net/kml/2.2">
  <Document>
    <name>DIVIETI</name>
    <Style id="icon-1541-E65100-normal">
      <IconStyle>
        <color>ff0051e6</color>
        <scale>1</scale>
        <Icon>
          <href>https://www.gstatic.com/mapspro/images/stock/503-wht-blank_maps.png</href>
        </Icon>
      </IconStyle>
      <LabelStyle>
        <scale>0</scale>
      </LabelStyle>
    </Style>
    <Style id="icon-1541-E65100-highlight">
      <IconStyle>
        <color>ff0051e6</color>
        <scale>1</scale>
        <Icon>
          <href>https://www.gstatic.com/mapspro/images/stock/503-wht-blank_maps.png</href>
        </Icon>
      </IconStyle>
      <LabelStyle>
        <scale>1</scale>
      </LabelStyle>
    </Style>
    <StyleMap id="icon-1541-E65100">
      <Pair>
        <key>normal</key>
        <styleUrl>#icon-1541-E65100-normal</styleUrl>
      </Pair>
      <Pair>
        <key>highlight</key>
        <styleUrl>#icon-1541-E65100-highlight</styleUrl>
      </Pair>
    </StyleMap>
    <Style id="icon-1899-E65100-normal">
      <IconStyle>
        <color>ff0051e6</color>
        <scale>1</scale>
        <Icon>
          <href>https://www.gstatic.com/mapspro/images/stock/503-wht-blank_maps.png</href>
        </Icon>
        <hotSpot x="32" xunits="pixels" y="64" yunits="insetPixels"/>
      </IconStyle>
      <LabelStyle>
        <scale>0</scale>
      </LabelStyle>
    </Style>
    <Style id="icon-1899-E65100-highlight">
      <IconStyle>
        <color>ff0051e6</color>
        <scale>1</scale>
        <Icon>
          <href>https://www.gstatic.com/mapspro/images/stock/503-wht-blank_maps.png</href>
        </Icon>
        <hotSpot x="32" xunits="pixels" y="64" yunits="insetPixels"/>
      </IconStyle>
      <LabelStyle>
        <scale>1</scale>
      </LabelStyle>
    </Style>
    <StyleMap id="icon-1899-E65100">
      <Pair>
        <key>normal</key>
        <styleUrl>#icon-1899-E65100-normal</styleUrl>
      </Pair>
      <Pair>
        <key>highlight</key>
        <styleUrl>#icon-1899-E65100-highlight</styleUrl>
      </Pair>
    </StyleMap>
    <Style id="line-E65100-1200-normal">
      <LineStyle>
        <color>ff0051e6</color>
        <width>1.2</width>
      </LineStyle>
    </Style>
    <Style id="line-E65100-1200-highlight">
      <LineStyle>
        <color>ff0051e6</color>
        <width>1.8</width>
      </LineStyle>
    </Style>
    <StyleMap id="line-E65100-1200">
      <Pair>
        <key>normal</key>
        <styleUrl>#line-E65100-1200-normal</styleUrl>
      </Pair>
      <Pair>
        <key>highlight</key>
        <styleUrl>#line-E65100-1200-highlight</styleUrl>
      </Pair>
    </StyleMap>
    <Style id="line-E65100-2163-normal">
      <LineStyle>
        <color>ff0051e6</color>
        <width>2.163</width>
      </LineStyle>
    </Style>
    <Style id="line-E65100-2163-highlight">
      <LineStyle>
        <color>ff0051e6</color>
        <width>3.2445</width>
      </LineStyle>
    </Style>
    <StyleMap id="line-E65100-2163">
      <Pair>
        <key>normal</key>
        <styleUrl>#line-E65100-2163-normal</styleUrl>
      </Pair>
      <Pair>
        <key>highlight</key>
        <styleUrl>#line-E65100-2163-highlight</styleUrl>
      </Pair>
    </StyleMap>
    <Style id="line-E65100-2356-normal">
      <LineStyle>
        <color>ff0051e6</color>
        <width>2.356</width>
      </LineStyle>
    </Style>
    <Style id="line-E65100-2356-highlight">
      <LineStyle>
        <color>ff0051e6</color>
        <width>3.534</width>
      </LineStyle>
    </Style>
    <StyleMap id="line-E65100-2356">
      <Pair>
        <key>normal</key>
        <styleUrl>#line-E65100-2356-normal</styleUrl>
      </Pair>
      <Pair>
        <key>highlight</key>
        <styleUrl>#line-E65100-2356-highlight</styleUrl>
      </Pair>
    </StyleMap>
    <Style id="line-E65100-2550-normal">
      <LineStyle>
        <color>ff0051e6</color>
        <width>2.55</width>
      </LineStyle>
    </Style>
    <Style id="line-E65100-2550-highlight">
      <LineStyle>
        <color>ff0051e6</color>
        <width>3.825</width>
      </LineStyle>
    </Style>
    <StyleMap id="line-E65100-2550">
      <Pair>
        <key>normal</key>
        <styleUrl>#line-E65100-2550-normal</styleUrl>
      </Pair>
      <Pair>
        <key>highlight</key>
        <styleUrl>#line-E65100-2550-highlight</styleUrl>
      </Pair>
    </StyleMap>
    <Style id="line-E65100-2744-normal">
      <LineStyle>
        <color>ff0051e6</color>
        <width>2.744</width>
      </LineStyle>
    </Style>
    <Style id="line-E65100-2744-highlight">
      <LineStyle>
        <color>ff0051e6</color>
        <width>4.116</width>
      </LineStyle>
    </Style>
    <StyleMap id="line-E65100-2744">
      <Pair>
        <key>normal</key>
        <styleUrl>#line-E65100-2744-normal</styleUrl>
      </Pair>
      <Pair>
        <key>highlight</key>
        <styleUrl>#line-E65100-2744-highlight</styleUrl>
      </Pair>
    </StyleMap>
    <Style id="line-E65100-2938-normal">
      <LineStyle>
        <color>ff0051e6</color>
        <width>2.938</width>
      </LineStyle>
    </Style>
    <Style id="line-E65100-2938-highlight">
      <LineStyle>
        <color>ff0051e6</color>
        <width>4.407</width>
      </LineStyle>
    </Style>
    <StyleMap id="line-E65100-2938">
      <Pair>
        <key>normal</key>
        <styleUrl>#line-E65100-2938-normal</styleUrl>
      </Pair>
      <Pair>
        <key>highlight</key>
        <styleUrl>#line-E65100-2938-highlight</styleUrl>
      </Pair>
    </StyleMap>
    <Style id="line-E65100-3131-normal">
      <LineStyle>
        <color>ff0051e6</color>
        <width>3.131</width>
      </LineStyle>
    </Style>
    <Style id="line-E65100-3131-highlight">
      <LineStyle>
        <color>ff0051e6</color>
        <width>4.6965</width>
      </LineStyle>
    </Style>
    <StyleMap id="line-E65100-3131">
      <Pair>
        <key>normal</key>
        <styleUrl>#line-E65100-3131-normal</styleUrl>
      </Pair>
      <Pair>
        <key>highlight</key>
        <styleUrl>#line-E65100-3131-highlight</styleUrl>
      </Pair>
    </StyleMap>
    <Style id="line-E65100-3325-normal">
      <LineStyle>
        <color>ff0051e6</color>
        <width>3.325</width>
      </LineStyle>
    </Style>
    <Style id="line-E65100-3325-highlight">
      <LineStyle>
        <color>ff0051e6</color>
        <width>4.9875</width>
      </LineStyle>
    </Style>
    <StyleMap id="line-E65100-3325">
      <Pair>
        <key>normal</key>
        <styleUrl>#line-E65100-3325-normal</styleUrl>
      </Pair>
      <Pair>
        <key>highlight</key>
        <styleUrl>#line-E65100-3325-highlight</styleUrl>
      </Pair>
    </StyleMap>
    <Style id="line-E65100-3519-normal">
      <LineStyle>
        <color>ff0051e6</color>
        <width>3.519</width>
      </LineStyle>
    </Style>
    <Style id="line-E65100-3519-highlight">
      <LineStyle>
        <color>ff0051e6</color>
        <width>5.2785</width>
      </LineStyle>
    </Style>
    <StyleMap id="line-E65100-3519">
      <Pair>
        <key>normal</key>
        <styleUrl>#line-E65100-3519-normal</styleUrl>
      </Pair>
      <Pair>
        <key>highlight</key>
        <styleUrl>#line-E65100-3519-highlight</styleUrl>
      </Pair>
    </StyleMap>
    <Style id="line-E65100-3713-normal">
      <LineStyle>
        <color>ff0051e6</color>
        <width>3.713</width>
      </LineStyle>
    </Style>
    <Style id="line-E65100-3713-highlight">
      <LineStyle>
        <color>ff0051e6</color>
        <width>5.5695</width>
      </LineStyle>
    </Style>
    <StyleMap id="line-E65100-3713">
      <Pair>
        <key>normal</key>
        <styleUrl>#line-E65100-3713-normal</styleUrl>
      </Pair>
      <Pair>
        <key>highlight</key>
        <styleUrl>#line-E65100-3713-highlight</styleUrl>
      </Pair>
    </StyleMap>
    <Style id="line-E65100-3906-normal">
      <LineStyle>
        <color>ff0051e6</color>
        <width>3.906</width>
      </LineStyle>
    </Style>
    <Style id="line-E65100-3906-highlight">
      <LineStyle>
        <color>ff0051e6</color>
        <width>5.859</width>
      </LineStyle>
    </Style>
    <StyleMap id="line-E65100-3906">
      <Pair>
        <key>normal</key>
        <styleUrl>#line-E65100-3906-normal</styleUrl>
      </Pair>
      <Pair>
        <key>highlight</key>
        <styleUrl>#line-E65100-3906-highlight</styleUrl>
      </Pair>
    </StyleMap>
    <Style id="line-E65100-4100-normal">
      <LineStyle>
        <color>ff0051e6</color>
        <width>4.1</width>
      </LineStyle>
    </Style>
    <Style id="line-E65100-4100-highlight">
      <LineStyle>
        <color>ff0051e6</color>
        <width>6.15</width>
      </LineStyle>
    </Style>
    <StyleMap id="line-E65100-4100">
      <Pair>
        <key>normal</key>
        <styleUrl>#line-E65100-4100-normal</styleUrl>
      </Pair>
      <Pair>
        <key>highlight</key>
        <styleUrl>#line-E65100-4100-highlight</styleUrl>
      </Pair>
    </StyleMap>
    <Style id="line-E65100-4294-normal">
      <LineStyle>
        <color>ff0051e6</color>
        <width>4.294</width>
      </LineStyle>
    </Style>
    <Style id="line-E65100-4294-highlight">
      <LineStyle>
        <color>ff0051e6</color>
        <width>6.441</width>
      </LineStyle>
    </Style>
    <StyleMap id="line-E65100-4294">
      <Pair>
        <key>normal</key>
        <styleUrl>#line-E65100-4294-normal</styleUrl>
      </Pair>
      <Pair>
        <key>highlight</key>
        <styleUrl>#line-E65100-4294-highlight</styleUrl>
      </Pair>
    </StyleMap>
    <Style id="line-E65100-4488-normal">
      <LineStyle>
        <color>ff0051e6</color>
        <width>4.488</width>
      </LineStyle>
    </Style>
    <Style id="line-E65100-4488-highlight">
      <LineStyle>
        <color>ff0051e6</color>
        <width>6.732</width>
      </LineStyle>
    </Style>
    <StyleMap id="line-E65100-4488">
      <Pair>
        <key>normal</key>
        <styleUrl>#line-E65100-4488-normal</styleUrl>
      </Pair>
      <Pair>
        <key>highlight</key>
        <styleUrl>#line-E65100-4488-highlight</styleUrl>
      </Pair>
    </StyleMap>
    <Style id="line-E65100-4681-normal">
      <LineStyle>
        <color>ff0051e6</color>
        <width>4.681</width>
      </LineStyle>
    </Style>
    <Style id="line-E65100-4681-highlight">
      <LineStyle>
        <color>ff0051e6</color>
        <width>7.0215</width>
      </LineStyle>
    </Style>
    <StyleMap id="line-E65100-4681">
      <Pair>
        <key>normal</key>
        <styleUrl>#line-E65100-4681-normal</styleUrl>
      </Pair>
      <Pair>
        <key>highlight</key>
        <styleUrl>#line-E65100-4681-highlight</styleUrl>
      </Pair>
    </StyleMap>
    <Style id="line-E65100-4875-normal">
      <LineStyle>
        <color>ff0051e6</color>
        <width>4.875</width>
      </LineStyle>
    </Style>
    <Style id="line-E65100-4875-highlight">
      <LineStyle>
        <color>ff0051e6</color>
        <width>7.3125</width>
      </LineStyle>
    </Style>
    <StyleMap id="line-E65100-4875">
      <Pair>
        <key>normal</key>
        <styleUrl>#line-E65100-4875-normal</styleUrl>
      </Pair>
      <Pair>
        <key>highlight</key>
        <styleUrl>#line-E65100-4875-highlight</styleUrl>
      </Pair>
    </StyleMap>
    <Style id="line-E65100-5069-normal">
      <LineStyle>
        <color>ff0051e6</color>
        <width>5.069</width>
      </LineStyle>
    </Style>
    <Style id="line-E65100-5069-highlight">
      <LineStyle>
        <color>ff0051e6</color>
        <width>7.6035</width>
      </LineStyle>
    </Style>
    <StyleMap id="line-E65100-5069">
      <Pair>
        <key>normal</key>
        <styleUrl>#line-E65100-5069-normal</styleUrl>
      </Pair>
      <Pair>
        <key>highlight</key>
        <styleUrl>#line-E65100-5069-highlight</styleUrl>
      </Pair>
    </StyleMap>
    <Style id="line-E65100-5088-normal">
      <LineStyle>
        <color>ff0051e6</color>
        <width>5.088</width>
      </LineStyle>
    </Style>
    <Style id="line-E65100-5088-highlight">
      <LineStyle>
        <color>ff0051e6</color>
        <width>7.632</width>
      </LineStyle>
    </Style>
    <StyleMap id="line-E65100-5088">
      <Pair>
        <key>normal</key>
        <styleUrl>#line-E65100-5088-normal</styleUrl>
      </Pair>
      <Pair>
        <key>highlight</key>
        <styleUrl>#line-E65100-5088-highlight</styleUrl>
      </Pair>
    </StyleMap>
    <Style id="line-E65100-5263-normal">
      <LineStyle>
        <color>ff0051e6</color>
        <width>5.263</width>
      </LineStyle>
    </Style>
    <Style id="line-E65100-5263-highlight">
      <LineStyle>
        <color>ff0051e6</color>
        <width>7.8945</width>
      </LineStyle>
    </Style>
    <StyleMap id="line-E65100-5263">
      <Pair>
        <key>normal</key>
        <styleUrl>#line-E65100-5263-normal</styleUrl>
      </Pair>
      <Pair>
        <key>highlight</key>
        <styleUrl>#line-E65100-5263-highlight</styleUrl>
      </Pair>
    </StyleMap>
    <Style id="line-E65100-5456-normal">
      <LineStyle>
        <color>ff0051e6</color>
        <width>5.456</width>
      </LineStyle>
    </Style>
    <Style id="line-E65100-5456-highlight">
      <LineStyle>
        <color>ff0051e6</color>
        <width>8.184</width>
      </LineStyle>
    </Style>
    <StyleMap id="line-E65100-5456">
      <Pair>
        <key>normal</key>
        <styleUrl>#line-E65100-5456-normal</styleUrl>
      </Pair>
      <Pair>
        <key>highlight</key>
        <styleUrl>#line-E65100-5456-highlight</styleUrl>
      </Pair>
    </StyleMap>
    <Style id="line-E65100-5650-normal">
      <LineStyle>
        <color>ff0051e6</color>
        <width>5.65</width>
      </LineStyle>
    </Style>
    <Style id="line-E65100-5650-highlight">
      <LineStyle>
        <color>ff0051e6</color>
        <width>8.475</width>
      </LineStyle>
    </Style>
    <StyleMap id="line-E65100-5650">
      <Pair>
        <key>normal</key>
        <styleUrl>#line-E65100-5650-normal</styleUrl>
      </Pair>
      <Pair>
        <key>highlight</key>
        <styleUrl>#line-E65100-5650-highlight</styleUrl>
      </Pair>
    </StyleMap>
    <Style id="line-E65100-5844-normal">
      <LineStyle>
        <color>ff0051e6</color>
        <width>5.844</width>
      </LineStyle>
    </Style>
    <Style id="line-E65100-5844-highlight">
      <LineStyle>
        <color>ff0051e6</color>
        <width>8.766</width>
      </LineStyle>
    </Style>
    <StyleMap id="line-E65100-5844">
      <Pair>
        <key>normal</key>
        <styleUrl>#line-E65100-5844-normal</styleUrl>
      </Pair>
      <Pair>
        <key>highlight</key>
        <styleUrl>#line-E65100-5844-highlight</styleUrl>
      </Pair>
    </StyleMap>
    <Style id="line-E65100-6038-normal">
      <LineStyle>
        <color>ff0051e6</color>
        <width>6.038</width>
      </LineStyle>
    </Style>
    <Style id="line-E65100-6038-highlight">
      <LineStyle>
        <color>ff0051e6</color>
        <width>9.057</width>
      </LineStyle>
    </Style>
    <StyleMap id="line-E65100-6038">
      <Pair>
        <key>normal</key>
        <styleUrl>#line-E65100-6038-normal</styleUrl>
      </Pair>
      <Pair>
        <key>highlight</key>
        <styleUrl>#line-E65100-6038-highlight</styleUrl>
      </Pair>
    </StyleMap>
    <Style id="line-E65100-6231-normal">
      <LineStyle>
        <color>ff0051e6</color>
        <width>6.231</width>
      </LineStyle>
    </Style>
    <Style id="line-E65100-6231-highlight">
      <LineStyle>
        <color>ff0051e6</color>
        <width>9.3465</width>
      </LineStyle>
    </Style>
    <StyleMap id="line-E65100-6231">
      <Pair>
        <key>normal</key>
        <styleUrl>#line-E65100-6231-normal</styleUrl>
      </Pair>
      <Pair>
        <key>highlight</key>
        <styleUrl>#line-E65100-6231-highlight</styleUrl>
      </Pair>
    </StyleMap>
    <Style id="line-E65100-6425-normal">
      <LineStyle>
        <color>ff0051e6</color>
        <width>6.425</width>
      </LineStyle>
    </Style>
    <Style id="line-E65100-6425-highlight">
      <LineStyle>
        <color>ff0051e6</color>
        <width>9.6375</width>
      </LineStyle>
    </Style>
    <StyleMap id="line-E65100-6425">
      <Pair>
        <key>normal</key>
        <styleUrl>#line-E65100-6425-normal</styleUrl>
      </Pair>
      <Pair>
        <key>highlight</key>
        <styleUrl>#line-E65100-6425-highlight</styleUrl>
      </Pair>
    </StyleMap>
    <Style id="line-E65100-7394-normal">
      <LineStyle>
        <color>ff0051e6</color>
        <width>7.394</width>
      </LineStyle>
    </Style>
    <Style id="line-E65100-7394-highlight">
      <LineStyle>
        <color>ff0051e6</color>
        <width>11.091</width>
      </LineStyle>
    </Style>
    <StyleMap id="line-E65100-7394">
      <Pair>
        <key>normal</key>
        <styleUrl>#line-E65100-7394-normal</styleUrl>
      </Pair>
      <Pair>
        <key>highlight</key>
        <styleUrl>#line-E65100-7394-highlight</styleUrl>
      </Pair>
    </StyleMap>
    <Style id="line-E65100-7975-normal">
      <LineStyle>
        <color>ff0051e6</color>
        <width>7.975</width>
      </LineStyle>
    </Style>
    <Style id="line-E65100-7975-highlight">
      <LineStyle>
        <color>ff0051e6</color>
        <width>11.9625</width>
      </LineStyle>
    </Style>
    <StyleMap id="line-E65100-7975">
      <Pair>
        <key>normal</key>
        <styleUrl>#line-E65100-7975-normal</styleUrl>
      </Pair>
      <Pair>
        <key>highlight</key>
        <styleUrl>#line-E65100-7975-highlight</styleUrl>
      </Pair>
    </StyleMap>
    <Style id="line-E65100-8169-normal">
      <LineStyle>
        <color>ff0051e6</color>
        <width>8.169</width>
      </LineStyle>
    </Style>
    <Style id="line-E65100-8169-highlight">
      <LineStyle>
        <color>ff0051e6</color>
        <width>12.2535</width>
      </LineStyle>
    </Style>
    <StyleMap id="line-E65100-8169">
      <Pair>
        <key>normal</key>
        <styleUrl>#line-E65100-8169-normal</styleUrl>
      </Pair>
      <Pair>
        <key>highlight</key>
        <styleUrl>#line-E65100-8169-highlight</styleUrl>
      </Pair>
    </StyleMap>
    <Style id="line-F57C00-3519-normal">
      <LineStyle>
        <color>ff007cf5</color>
        <width>3.519</width>
      </LineStyle>
    </Style>
    <Style id="line-F57C00-3519-highlight">
      <LineStyle>
        <color>ff007cf5</color>
        <width>5.2785</width>
      </LineStyle>
    </Style>
    <StyleMap id="line-F57C00-3519">
      <Pair>
        <key>normal</key>
        <styleUrl>#line-F57C00-3519-normal</styleUrl>
      </Pair>
      <Pair>
        <key>highlight</key>
        <styleUrl>#line-F57C00-3519-highlight</styleUrl>
      </Pair>
    </StyleMap>
    <Placemark>
      <name><![CDATA[ORDINANZA 2026/04053
ISTITUZIONE TEMPORANEA DEL DIVIETO DI SOSTA
AMBO I LATI CON RESTRINGIMENTO CARREGGIATA 
VIA GIOVAN BATTISTA TREVISANI DAL CIV.192 AD
ANGOLO VIA DOMENICO NICOLAI
LAVORI DI SCAVO PER POSA CAVI
IMPRESA: PATANO IMPIANTI & COSTRUZIONI S.R.L.

14/09/2026 - 31/12/2026 DALLE ORE 07:30 ALLE ORE 19:00
]]></name>
      <description><![CDATA[ORDINANZA 2026/04053<br>https://drive.google.com/file/d/1qohLmO6nbM6__zGraimU0_iq5Qgchb6U/view?usp=sharing<br>dal 14/09/2026 al giorno 31/12/2026 dalle ore 07:30 alle ore 19:00<br>Istituire temporaneamente un restringimento carreggiata, divieto di sosta ambo i lati su Via Giovan Battista Trevisani dal civ.192 ad angolo Via Domenico Nicolai<br>Tutti i provvedimenti in contrasto con la presente sono momentaneamente e provvisoriamente sospesi e divengono nuovamente efficaci all’esaurimento dei termini previsti dal presente disposto;<br><br>14/09/2026 - 31/12/2026 DALLE ORE 07:30 ALLE ORE 19:00]]></description>
      <styleUrl>#icon-1541-E65100</styleUrl>
      <Point>
        <coordinates>
          16.8600352,41.1205544,0
        </coordinates>
      </Point>
    </Placemark>
    <Placemark>
      <name><![CDATA[ORDINANZA 2026/04053
ISTITUZIONE TEMPORANEA DEL DIVIETO DI SOSTA
AMBO I LATI CON RESTRINGIMENTO CARREGGIATA 
VIA GIOVAN BATTISTA TREVISANI DAL CIV.192 AD
ANGOLO VIA DOMENICO NICOLAI
LAVORI DI SCAVO PER POSA CAVI
IMPRESA: PATANO IMPIANTI & COSTRUZIONI S.R.L.
14/09/2026 - 31/12/2026 DALLE ORE 07:30 ALLE ORE 19:00
]]></name>
      <description><![CDATA[ORDINANZA 2026/04053<br>https://drive.google.com/file/d/1qohLmO6nbM6__zGraimU0_iq5Qgchb6U/view?usp=sharing<br>dal 14/09/2026 al giorno 31/12/2026 dalle ore 07:30 alle ore 19:00<br>Istituire temporaneamente un restringimento carreggiata, divieto di sosta ambo i lati su Via Giovan Battista Trevisani dal civ.192 ad angolo Via Domenico Nicolai<br>Tutti i provvedimenti in contrasto con la presente sono momentaneamente e provvisoriamente sospesi e divengono nuovamente efficaci all’esaurimento dei termini previsti dal presente disposto;<br><br>14/09/2026 - 31/12/2026 DALLE ORE 07:30 ALLE ORE 19:00]]></description>
      <styleUrl>#line-E65100-4875</styleUrl>
      <LineString>
        <tessellate>1</tessellate>
        <coordinates>
          16.8601035,41.1203676,0
          16.8600636,41.1208316,0
        </coordinates>
      </LineString>
    </Placemark>
    <Placemark>
      <name>ORDINANZA 2026/04287
DIVIETO DI TRANSITO ECCETTO FRONTISTI
STRADA RAFASCHIERI TRA LA
ROTATORIA DELL’IMBOCCO DI VIA RAFASCHIERI FINO AL KM 1,70
REALIZZAZIONE DELLA FUTURA VIABILITA’ PER LINEA FERROVIARIA
RICHIEDENTE: D’AGOSTINO COSTRUZIONI GENERALI
16/09/2026 - 16/09/2027</name>
      <description><![CDATA[2026/04287<br>DATE AGGIORNATE: 16/09/2026 - 16/09/2027<br>https://drive.google.com/file/d/1bAduST9DaneaPDJAQsz5yPPhi68Lbzem/view<br><br><br>Ordinanza 2026/03804<br><br>ISTITUZIONE TEMPORANEA DEL DIVIETO DI TRANSITO ECCETTO<br>FRONTISTI SU STRADA RAFASCHIERI NEL TRATTO COMPRESO TRA LA<br>ROTATORIA DELL’IMBOCCO DI VIA RAFASCHIERI FINO AL KM 1,70  PER LA<br>REALIZZAZIONE DELLA FUTURA VIABILITA’ COMUNALE RAFASCHIERI E<br>DELLE STRADE DI CUCITURA AI FONDI PREVISTE NELL’AMBITO<br>DELL’ADEGUAMENTO DELLA VIABILITA’ RISPETTO ALLA COSTRUENDA<br>LINEA FERROVIARIA .<br>RICHIEDENTE: D’AGOSTINO COSTRUZIONI GENERALI<br><br>Durata e tempistiche: 11/09/2026 - 11/09/2027]]></description>
      <styleUrl>#icon-1541-E65100</styleUrl>
      <Point>
        <coordinates>
          16.914195,41.0984145,0
        </coordinates>
      </Point>
    </Placemark>
    <Placemark>
      <name>ORDINANZA 2026/02833 
RESTRINGIMENTO CARREGGIATA
STRADA FRATTASIO (DAL CONSORZIO DI BONIFICA TERRA D’APULIA FINO ALLA STRADA COMUNALE CALDAROLA
)VIA CALDAROLA (DALLA STRADA COMUNALE CALDAROLA FINO ALLO SVINCOLO CON LA SS 16)
VIA MICHELE QUINTAVALLE
VIA GIOVANNI GENTILE (DA VIA GIOVANNI COLELLA AL CIVICO 73/D)
STRADA CANNONE
VIA DI CAGNO ABBRESCIA
CORSO TRIESTE
“BARI COSTA SUD PARCO COSTIERO DELLA CULTURA, DEL TURISMO, DELL’AMBIENTE” - LOTTO N.5 PARCO “RETICOLARE”
IMPRESA ESECUTRICE: ACCIONA AGUA S.A.
10/06/2026 - 10/12/2026 07:00-16:00
</name>
      <description><![CDATA[ORDINANZA 2026/02833 <br>https://drive.google.com/file/d/1_LAJ_3ard-t9XoUp_EuIYJuHObSNKMbi/view<br><br>ACCORDO QUADRO CON PIU’ OPERATORI ECONOMICI PER L’AFFIDAMENTO DI LAVORI (OS24-OG2), AQ5 BARI, LOTTO GEOGRAFICO SUD,SUB – LOTTO PRESTAZIONALE 3“BARI COSTA SUD PARCO COSTIERO DELLA CULTURA, DEL TURISMO, DELL’AMBIENTE” - LOTTO N.5 PARCO “RETICOLARE” - CIG: B3125520BF - CUP: J96B21000040006 ISTITUZIONE TEMPORANEA DEL RESTRINGIMENTO DELLA CARREGGIATA - BARI COSTA SUD: PARCO COSTIERO DELLA CULTURA, DEL TURISMO, DELL’AMBIENTE. DITTA ESECUTRICE: IMPRESA APULIA S.R.L. <br><br>1. dalla data di emanazione della presente ordinanza e per 6 (sei ) mesi naturali e consecutivi dalle ore 07.00 alle ore 16.00 restringimento di carreggiata su: 2. - Strada Frattasio (da Consorzio di Bonifica Terra d’Apulia fino a strada Comunale Caldarola 3. - via Caldarola (da strada Comunale Caldarola a svincolo con SS 16 4. - Via Michele Quintavalle 5. - Via Giovanni Gentile (da via Giovanni Colella al civ. 73/d 6. - Strada Cannone; 7. - Via Di Cagno Abbrescia; 8. - Corso Trieste La deroga per i mezzi d’opera del richiedente a quanto prescritto ai punti precedenti; La graduazione della velocità in avvicinamento per metri 100 all’area del lavori con limite pari a 20 km/h. Durante l’esecuzione dei lavori, dovrà essere predisposta idonea segnaletica stradale, che indichi le deviazioni al transito veicolare, debitamente preannunciata. Dovrà essere garantita la presenza costante di movieri muniti del prescritto ed idoneo equipaggiamento, in particolar modo avendo presente il transito di veicoli del trasporto pubblico di linea e mezzi di soccorso e/o di polizia. Dovranno essere inoltre assicurati gli accessi privati ed il transito dei mezzi di soccorso. Tutti i provvedimenti in contrasto con la presente sono momentaneamente e provvisoriamente sospesi e divengono nuovamente efficaci all’esaurimento dei termini previsti dal presente disposto. <br><br>Durata e tempistiche: 10/06/2026 - 10/12/2026 07:00-16:00<br><br>2025/03614<br>https://drive.google.com/file/d/1Xf4NxUJ2vnPSBPILLjCt26IWrK-_zlZr/view<br><br>ACCORDO QUADRO CON PIU’ OPERATORI ECONOMICI PER L’AFFIDAMENTO DI LAVORI (OS24-OG2), AQ5 BARI, LOTTO GEOGRAFICO SUD,SUB – LOTTO PRESTAZIONALE 3“BARI COSTA SUD PARCO COSTIERO DELLA CULTURA, DEL TURISMO, DELL’AMBIENTE” - LOTTO N.5 PARCO “RETICOLARE” - CIG: B3125520BF - CUP: J96B21000040006 ISTITUZIONE TEMPORANEA DEL RESTRINGIMENTO DELLA CARREGGIATA - BARI COSTA SUD: PARCO COSTIERO DELLA CULTURA, DEL TURISMO, DELL’AMBIENTE. DITTA ESECUTRICE: IMPRESA APULIA S.R.L. <br>Restringimento di carreggiata su: <br> - Strada Frattasio (da Consorzio di Bonifica Terra d’Apulia fino a strada Comunale Caldarola 3. <br>- via Caldarola (da strada Comunale Caldarola a svincolo con SS 16 4. <br>- Via Michele Quintavalle - Via Giovanni Gentile (da via Giovanni Colella al civ. 73/d 6. - Strada Cannone; <br> - Via Di Cagno Abbrescia; <br> - Corso Trieste<br>Durata e tempistiche: 17/11/2025-16/05/2026 07:00-17:00]]></description>
      <styleUrl>#icon-1541-E65100</styleUrl>
      <Point>
        <coordinates>
          16.9230807,41.1077503,0
        </coordinates>
      </Point>
    </Placemark>
    <Placemark>
      <name>ORDINANZA 2026/02833 
RESTRINGIMENTO CARREGGIATA
STRADA FRATTASIO (DAL CONSORZIO DI BONIFICA TERRA D’APULIA FINO ALLA STRADA COMUNALE CALDAROLA
)VIA CALDAROLA (DALLA STRADA COMUNALE CALDAROLA FINO ALLO SVINCOLO CON LA SS 16)
VIA MICHELE QUINTAVALLE
VIA GIOVANNI GENTILE (DA VIA GIOVANNI COLELLA AL CIVICO 73/D)
STRADA CANNONE
VIA DI CAGNO ABBRESCIA
CORSO TRIESTE
“BARI COSTA SUD PARCO COSTIERO DELLA CULTURA, DEL TURISMO, DELL’AMBIENTE” - LOTTO N.5 PARCO “RETICOLARE”
IMPRESA ESECUTRICE: ACCIONA AGUA S.A.
10/06/2026 - 10/12/2026 07:00-16:00
</name>
      <description><![CDATA[ORDINANZA 2026/02833 <br>https://drive.google.com/file/d/1_LAJ_3ard-t9XoUp_EuIYJuHObSNKMbi/view<br><br>ACCORDO QUADRO CON PIU’ OPERATORI ECONOMICI PER L’AFFIDAMENTO DI LAVORI (OS24-OG2), AQ5 BARI, LOTTO GEOGRAFICO SUD,SUB – LOTTO PRESTAZIONALE 3“BARI COSTA SUD PARCO COSTIERO DELLA CULTURA, DEL TURISMO, DELL’AMBIENTE” - LOTTO N.5 PARCO “RETICOLARE” - CIG: B3125520BF - CUP: J96B21000040006 ISTITUZIONE TEMPORANEA DEL RESTRINGIMENTO DELLA CARREGGIATA - BARI COSTA SUD: PARCO COSTIERO DELLA CULTURA, DEL TURISMO, DELL’AMBIENTE. DITTA ESECUTRICE: IMPRESA APULIA S.R.L. <br><br>1. dalla data di emanazione della presente ordinanza e per 6 (sei ) mesi naturali e consecutivi dalle ore 07.00 alle ore 16.00 restringimento di carreggiata su: 2. - Strada Frattasio (da Consorzio di Bonifica Terra d’Apulia fino a strada Comunale Caldarola 3. - via Caldarola (da strada Comunale Caldarola a svincolo con SS 16 4. - Via Michele Quintavalle 5. - Via Giovanni Gentile (da via Giovanni Colella al civ. 73/d 6. - Strada Cannone; 7. - Via Di Cagno Abbrescia; 8. - Corso Trieste La deroga per i mezzi d’opera del richiedente a quanto prescritto ai punti precedenti; La graduazione della velocità in avvicinamento per metri 100 all’area del lavori con limite pari a 20 km/h. Durante l’esecuzione dei lavori, dovrà essere predisposta idonea segnaletica stradale, che indichi le deviazioni al transito veicolare, debitamente preannunciata. Dovrà essere garantita la presenza costante di movieri muniti del prescritto ed idoneo equipaggiamento, in particolar modo avendo presente il transito di veicoli del trasporto pubblico di linea e mezzi di soccorso e/o di polizia. Dovranno essere inoltre assicurati gli accessi privati ed il transito dei mezzi di soccorso. Tutti i provvedimenti in contrasto con la presente sono momentaneamente e provvisoriamente sospesi e divengono nuovamente efficaci all’esaurimento dei termini previsti dal presente disposto. <br><br>Durata e tempistiche: 10/06/2026 - 10/12/2026 07:00-16:00<br><br>2025/03614<br>https://drive.google.com/file/d/1Xf4NxUJ2vnPSBPILLjCt26IWrK-_zlZr/view<br><br>ACCORDO QUADRO CON PIU’ OPERATORI ECONOMICI PER L’AFFIDAMENTO DI LAVORI (OS24-OG2), AQ5 BARI, LOTTO GEOGRAFICO SUD,SUB – LOTTO PRESTAZIONALE 3“BARI COSTA SUD PARCO COSTIERO DELLA CULTURA, DEL TURISMO, DELL’AMBIENTE” - LOTTO N.5 PARCO “RETICOLARE” - CIG: B3125520BF - CUP: J96B21000040006 ISTITUZIONE TEMPORANEA DEL RESTRINGIMENTO DELLA CARREGGIATA - BARI COSTA SUD: PARCO COSTIERO DELLA CULTURA, DEL TURISMO, DELL’AMBIENTE. DITTA ESECUTRICE: IMPRESA APULIA S.R.L. <br>- Strada Frattasio (da Consorzio di Bonifica Terra d’Apulia fino a strada Comunale Caldarola - via Caldarola (da strada Comunale Caldarola a svincolo con SS 16<br><br>Durata e tempistiche: 17/11/2025-16/05/2026 07:00-17:00]]></description>
      <styleUrl>#line-E65100-4100</styleUrl>
      <LineString>
        <tessellate>1</tessellate>
        <coordinates>
          16.9195332,41.0931351,0
          16.9188895,41.0943479,0
          16.9200267,41.0959812,0
          16.918552,41.096685,0
          16.918101,41.098253,0
          16.9156065,41.0987787,0
        </coordinates>
      </LineString>
    </Placemark>
    <Placemark>
      <name>ORDINANZA 2026/02833 
RESTRINGIMENTO CARREGGIATA
STRADA FRATTASIO (DAL CONSORZIO DI BONIFICA TERRA D’APULIA FINO ALLA STRADA COMUNALE CALDAROLA
)VIA CALDAROLA (DALLA STRADA COMUNALE CALDAROLA FINO ALLO SVINCOLO CON LA SS 16)
VIA MICHELE QUINTAVALLE
VIA GIOVANNI GENTILE (DA VIA GIOVANNI COLELLA AL CIVICO 73/D)
STRADA CANNONE
VIA DI CAGNO ABBRESCIA
CORSO TRIESTE
“BARI COSTA SUD PARCO COSTIERO DELLA CULTURA, DEL TURISMO, DELL’AMBIENTE” - LOTTO N.5 PARCO “RETICOLARE”
IMPRESA ESECUTRICE: ACCIONA AGUA S.A.
10/06/2026 - 10/12/2026 07:00-16:00
</name>
      <description><![CDATA[ORDINANZA 2026/02833 <br>https://drive.google.com/file/d/1_LAJ_3ard-t9XoUp_EuIYJuHObSNKMbi/view<br><br>ACCORDO QUADRO CON PIU’ OPERATORI ECONOMICI PER L’AFFIDAMENTO DI LAVORI (OS24-OG2), AQ5 BARI, LOTTO GEOGRAFICO SUD,SUB – LOTTO PRESTAZIONALE 3“BARI COSTA SUD PARCO COSTIERO DELLA CULTURA, DEL TURISMO, DELL’AMBIENTE” - LOTTO N.5 PARCO “RETICOLARE” - CIG: B3125520BF - CUP: J96B21000040006 ISTITUZIONE TEMPORANEA DEL RESTRINGIMENTO DELLA CARREGGIATA - BARI COSTA SUD: PARCO COSTIERO DELLA CULTURA, DEL TURISMO, DELL’AMBIENTE. DITTA ESECUTRICE: IMPRESA APULIA S.R.L. <br><br>1. dalla data di emanazione della presente ordinanza e per 6 (sei ) mesi naturali e consecutivi dalle ore 07.00 alle ore 16.00 restringimento di carreggiata su: 2. - Strada Frattasio (da Consorzio di Bonifica Terra d’Apulia fino a strada Comunale Caldarola 3. - via Caldarola (da strada Comunale Caldarola a svincolo con SS 16 4. - Via Michele Quintavalle 5. - Via Giovanni Gentile (da via Giovanni Colella al civ. 73/d 6. - Strada Cannone; 7. - Via Di Cagno Abbrescia; 8. - Corso Trieste La deroga per i mezzi d’opera del richiedente a quanto prescritto ai punti precedenti; La graduazione della velocità in avvicinamento per metri 100 all’area del lavori con limite pari a 20 km/h. Durante l’esecuzione dei lavori, dovrà essere predisposta idonea segnaletica stradale, che indichi le deviazioni al transito veicolare, debitamente preannunciata. Dovrà essere garantita la presenza costante di movieri muniti del prescritto ed idoneo equipaggiamento, in particolar modo avendo presente il transito di veicoli del trasporto pubblico di linea e mezzi di soccorso e/o di polizia. Dovranno essere inoltre assicurati gli accessi privati ed il transito dei mezzi di soccorso. Tutti i provvedimenti in contrasto con la presente sono momentaneamente e provvisoriamente sospesi e divengono nuovamente efficaci all’esaurimento dei termini previsti dal presente disposto. <br><br>Durata e tempistiche: 10/06/2026 - 10/12/2026 07:00-16:00<br><br>2025/03614<br>https://drive.google.com/file/d/1Xf4NxUJ2vnPSBPILLjCt26IWrK-_zlZr/view<br><br>ACCORDO QUADRO CON PIU’ OPERATORI ECONOMICI PER L’AFFIDAMENTO DI LAVORI (OS24-OG2), AQ5 BARI, LOTTO GEOGRAFICO SUD,SUB – LOTTO PRESTAZIONALE 3“BARI COSTA SUD PARCO COSTIERO DELLA CULTURA, DEL TURISMO, DELL’AMBIENTE” - LOTTO N.5 PARCO “RETICOLARE” - CIG: B3125520BF - CUP: J96B21000040006 ISTITUZIONE TEMPORANEA DEL RESTRINGIMENTO DELLA CARREGGIATA - BARI COSTA SUD: PARCO COSTIERO DELLA CULTURA, DEL TURISMO, DELL’AMBIENTE. DITTA ESECUTRICE: IMPRESA APULIA S.R.L. <br>Via Michele Quintavalle - Via Giovanni Gentile (da via Giovanni (Franco) Colella al civ. 73/d 6 - Strada Cannone<br><br>Durata e tempistiche: 17/11/2025-16/05/2026 07:00-17:00]]></description>
      <styleUrl>#line-E65100-4100</styleUrl>
      <LineString>
        <tessellate>1</tessellate>
        <coordinates>
          16.925913,41.102463,0
          16.9217848,41.1039954,0
          16.9215058,41.1033487,0
          16.920871,41.102496,0
          16.921171,41.101535,0
          16.920871,41.102496,0
          16.9215165,41.1033406,0
          16.9217848,41.1039873,0
          16.9229113,41.1059761,0
          16.9231151,41.1064611,0
          16.9234477,41.1074312,0
          16.923555,41.1080213,0
          16.923437,41.107415,0
          16.9230855,41.1063983,0
          16.922922,41.1059761,0
          16.9217848,41.1039793,0
          16.9094788,41.1087812,0
        </coordinates>
      </LineString>
    </Placemark>
    <Placemark>
      <name>ORDINANZA 2026/02833 
RESTRINGIMENTO CARREGGIATA
STRADA FRATTASIO (DAL CONSORZIO DI BONIFICA TERRA D’APULIA FINO ALLA STRADA COMUNALE CALDAROLA
)VIA CALDAROLA (DALLA STRADA COMUNALE CALDAROLA FINO ALLO SVINCOLO CON LA SS 16)
VIA MICHELE QUINTAVALLE
VIA GIOVANNI GENTILE (DA VIA GIOVANNI COLELLA AL CIVICO 73/D)
STRADA CANNONE
VIA DI CAGNO ABBRESCIA
CORSO TRIESTE
“BARI COSTA SUD PARCO COSTIERO DELLA CULTURA, DEL TURISMO, DELL’AMBIENTE” - LOTTO N.5 PARCO “RETICOLARE”
IMPRESA ESECUTRICE: ACCIONA AGUA S.A.
10/06/2026 - 10/12/2026 07:00-16:00
</name>
      <description><![CDATA[ORDINANZA 2026/02833 <br>https://drive.google.com/file/d/1_LAJ_3ard-t9XoUp_EuIYJuHObSNKMbi/view<br><br>ACCORDO QUADRO CON PIU’ OPERATORI ECONOMICI PER L’AFFIDAMENTO DI LAVORI (OS24-OG2), AQ5 BARI, LOTTO GEOGRAFICO SUD,SUB – LOTTO PRESTAZIONALE 3“BARI COSTA SUD PARCO COSTIERO DELLA CULTURA, DEL TURISMO, DELL’AMBIENTE” - LOTTO N.5 PARCO “RETICOLARE” - CIG: B3125520BF - CUP: J96B21000040006 ISTITUZIONE TEMPORANEA DEL RESTRINGIMENTO DELLA CARREGGIATA - BARI COSTA SUD: PARCO COSTIERO DELLA CULTURA, DEL TURISMO, DELL’AMBIENTE. DITTA ESECUTRICE: IMPRESA APULIA S.R.L. <br><br>1. dalla data di emanazione della presente ordinanza e per 6 (sei ) mesi naturali e consecutivi dalle ore 07.00 alle ore 16.00 restringimento di carreggiata su: 2. - Strada Frattasio (da Consorzio di Bonifica Terra d’Apulia fino a strada Comunale Caldarola 3. - via Caldarola (da strada Comunale Caldarola a svincolo con SS 16 4. - Via Michele Quintavalle 5. - Via Giovanni Gentile (da via Giovanni Colella al civ. 73/d 6. - Strada Cannone; 7. - Via Di Cagno Abbrescia; 8. - Corso Trieste La deroga per i mezzi d’opera del richiedente a quanto prescritto ai punti precedenti; La graduazione della velocità in avvicinamento per metri 100 all’area del lavori con limite pari a 20 km/h. Durante l’esecuzione dei lavori, dovrà essere predisposta idonea segnaletica stradale, che indichi le deviazioni al transito veicolare, debitamente preannunciata. Dovrà essere garantita la presenza costante di movieri muniti del prescritto ed idoneo equipaggiamento, in particolar modo avendo presente il transito di veicoli del trasporto pubblico di linea e mezzi di soccorso e/o di polizia. Dovranno essere inoltre assicurati gli accessi privati ed il transito dei mezzi di soccorso. Tutti i provvedimenti in contrasto con la presente sono momentaneamente e provvisoriamente sospesi e divengono nuovamente efficaci all’esaurimento dei termini previsti dal presente disposto. <br><br>Durata e tempistiche: 10/06/2026 - 10/12/2026 07:00-16:00<br><br>2025/03614<br>https://drive.google.com/file/d/1Xf4NxUJ2vnPSBPILLjCt26IWrK-_zlZr/view<br><br>ACCORDO QUADRO CON PIU’ OPERATORI ECONOMICI PER L’AFFIDAMENTO DI LAVORI (OS24-OG2), AQ5 BARI, LOTTO GEOGRAFICO SUD,SUB – LOTTO PRESTAZIONALE 3“BARI COSTA SUD PARCO COSTIERO DELLA CULTURA, DEL TURISMO, DELL’AMBIENTE” - LOTTO N.5 PARCO “RETICOLARE” - CIG: B3125520BF - CUP: J96B21000040006 ISTITUZIONE TEMPORANEA DEL RESTRINGIMENTO DELLA CARREGGIATA - BARI COSTA SUD: PARCO COSTIERO DELLA CULTURA, DEL TURISMO, DELL’AMBIENTE. DITTA ESECUTRICE: IMPRESA APULIA S.R.L. <br>Via Di Cagno Abbrescia; - Corso Trieste<br>Durata e tempistiche: 17/11/2025-16/05/2026 07:00-17:00]]></description>
      <styleUrl>#line-E65100-4488</styleUrl>
      <LineString>
        <tessellate>1</tessellate>
        <coordinates>
          16.9346464,41.1072087,0
          16.9319535,41.1084293,0
          16.9303656,41.1101673,0
          16.9284881,41.1113314,0
          16.9229734,41.1113071,0
          16.9186604,41.111396,0
          16.9164181,41.1116547,0
          16.9163108,41.1116709,0
          16.9161177,41.1117275,0
          16.9149053,41.1124388,0
          16.9139505,41.1125277,0
          16.91278,41.112742,0
          16.9092942,41.1145243,0
          16.9071162,41.1150982,0
          16.9042945,41.1161974,0
          16.903168,41.1163268,0
          16.9008184,41.1159873,0
          16.899606,41.1160519,0
          16.8967629,41.1164723,0
          16.8923426,41.1175553,0
        </coordinates>
      </LineString>
    </Placemark>
    <Placemark>
      <name>ORDINANZA 2025/03921
CHIUSURA AL TRANSITO VEICOLARE E DIVIETO DI SOSTA AMBO I LATI
VIA VITO VITTORIO LENOCI TRA VIA AMENDOLA E VIA FRESA
RECINZIONE CANTIERE
RICHIEDENTE : SIG. ANTONIO PUTIGNANO
3/12/25 - 30/11/26</name>
      <description><![CDATA[2025/03921<br><br>https://drive.google.com/file/d/1tEzUfI8OEpegjj7p-F4n55FjTVn21Uv0/view?usp=sharing<br><br>CHIUSURA AL TRANSITO VEICOLARE E DIVIETO DI SOSTA AMBO I LATI PER<br>RECINZIONE CANTIERE IN VIA VITO VITTORIO LENOCI N° 1 TRATTO<br>COMPRESO TRA VIA AMENDOLA E VIA FRESA PER IL PERIODO DALLA<br>DATA DI EMANAZIONE DELLA PRESENTE ORDINANZA AL 30 NOVEMBRE<br>2026.<br>RICHIEDENTE : SIG. ANTONIO PUTIGNANO<br><br>Durata e tempistiche: 3/12/25 - 30/11/26]]></description>
      <styleUrl>#icon-1541-E65100</styleUrl>
      <Point>
        <coordinates>
          16.888791,41.1006444,0
        </coordinates>
      </Point>
    </Placemark>
    <Placemark>
      <name>ORDINANZA 2025/03921
CHIUSURA AL TRANSITO VEICOLARE E DIVIETO DI SOSTA AMBO I LATI
VIA VITO VITTORIO LENOCI TRA VIA AMENDOLA E VIA FRESA
RECINZIONE CANTIERE
RICHIEDENTE : SIG. ANTONIO PUTIGNANO
3/12/25 - 30/11/26</name>
      <description><![CDATA[2025/03921<br><br>https://drive.google.com/file/d/1tEzUfI8OEpegjj7p-F4n55FjTVn21Uv0/view?usp=sharing<br><br>CHIUSURA AL TRANSITO VEICOLARE E DIVIETO DI SOSTA AMBO I LATI PER<br>RECINZIONE CANTIERE IN VIA VITO VITTORIO LENOCI N° 1 TRATTO<br>COMPRESO TRA VIA AMENDOLA E VIA FRESA PER IL PERIODO DALLA<br>DATA DI EMANAZIONE DELLA PRESENTE ORDINANZA AL 30 NOVEMBRE<br>2026.<br>RICHIEDENTE : SIG. ANTONIO PUTIGNANO<br><br>Durata e tempistiche: 3/12/25 - 30/11/26]]></description>
      <styleUrl>#line-E65100-2938</styleUrl>
      <LineString>
        <tessellate>1</tessellate>
        <coordinates>
          16.8887867,41.1005477,0
          16.8891622,41.10058,0
          16.8897952,41.1008468,0
          16.8903478,41.1010651,0
        </coordinates>
      </LineString>
    </Placemark>
    <Placemark>
      <name>ORDINANZA 2025/04065
RIPRISTINO DEL SENSO ANTIORARIO SU PIAZZA UMBERTO I CREAZIONE DI ZONA DI PARCHEGGIO SU:
PIAZZA UMBERTO I TRATTO VIA VELA/VIA VENEZIA 
VIA VENEZIA/VIA CALATAFIMI 
VIA CALATAFIMI/VIA PRINCIPE
IMPRESA ESECUTRICE: CO.RES. SRL
15/12/2025 - FINO A NUOVA DISPOSIZIONE</name>
      <description><![CDATA[Ordinanza: 2025/04065<br><br>https://drive.google.com/file/d/1Za7JK9ivxnT9oK-RBM2xCImKbpKWZwnm/view<br><br>LAVORI DI RIQUALIFICAZIONE DELLE STRADE ATTORNO ALLA PIAZZA UMBERTO IN CARBONARA E RIFACIMENTO DEI MARCIAPIEDI.<br>RIPRISTINO DEL SENSO ANTIORARIO SU PIAZZA UMBERTO I IN<br>CARBONARA E CREAZIONE DI ZONA DI PARCHEGGIO PER I VEICOLI SULLA<br>STESSA PIAZZA UMBERTO I, TRATTO VIA VELA/VIA VENEZIA – VIA<br>VENEZIA/VIA CALATAFIMI E VIA CALATAFIMI/VIA PRINCIPE DAL 15/12/2025<br>SINO A NUOVA DISPOSIZIONE. E<br>SOCIETÀ: CO.RES. SRL<br>ISTANTE: ING. COLAPIETRO VITANTONIO (DIRETTORE DEI LAVORI) RIP.<br>IVOP<br><br>Durata e tempistiche: 15/12/2025 - fino a nuova disposizione]]></description>
      <styleUrl>#icon-1541-E65100</styleUrl>
      <Point>
        <coordinates>
          16.8716639,41.0742738,0
        </coordinates>
      </Point>
    </Placemark>
    <Placemark>
      <name>ORDINANZA 2025/04065
RIPRISTINO DEL SENSO ANTIORARIO SU PIAZZA UMBERTO I CREAZIONE DI ZONA DI PARCHEGGIO SU:
PIAZZA UMBERTO I TRATTO VIA VELA/VIA VENEZIA 
VIA VENEZIA/VIA CALATAFIMI 
VIA CALATAFIMI/VIA PRINCIPE
IMPRESA ESECUTRICE: CO.RES. SRL
15/12/2025 - FINO A NUOVA DISPOSIZIONE</name>
      <description><![CDATA[Ordinanza: 2025/04065<br><br>https://drive.google.com/file/d/1Za7JK9ivxnT9oK-RBM2xCImKbpKWZwnm/view<br><br>LAVORI DI RIQUALIFICAZIONE DELLE STRADE ATTORNO ALLA PIAZZA UMBERTO IN CARBONARA E RIFACIMENTO DEI MARCIAPIEDI.<br>RIPRISTINO DEL SENSO ANTIORARIO SU PIAZZA UMBERTO I IN<br>CARBONARA E CREAZIONE DI ZONA DI PARCHEGGIO PER I VEICOLI SULLA<br>STESSA PIAZZA UMBERTO I, TRATTO VIA VELA/VIA VENEZIA – VIA<br>VENEZIA/VIA CALATAFIMI E VIA CALATAFIMI/VIA PRINCIPE DAL 15/12/2025<br>SINO A NUOVA DISPOSIZIONE. E<br>SOCIETÀ: CO.RES. SRL<br>ISTANTE: ING. COLAPIETRO VITANTONIO (DIRETTORE DEI LAVORI) RIP.<br>IVOP<br><br>Durata e tempistiche: 15/12/2025 - fino a nuova disposizione]]></description>
      <styleUrl>#line-E65100-4681</styleUrl>
      <LineString>
        <tessellate>1</tessellate>
        <coordinates>
          16.8713906,41.0743212,0
          16.8715417,41.0742026,0
          16.8718063,41.0741978,0
          16.8719485,41.0741533,0
          16.872155,41.0740563,0
        </coordinates>
      </LineString>
    </Placemark>
    <Placemark>
      <name>ORDINANZA 2025/04128
RESTRINGIMENTO DI CARREGGIATA DIVIETO DI FERMATA CON RIMOZIONE FORZATA AMBO I LATI
VIA R. GORJUX CIVV. 8-10 
DEMOLIZIONE E RICOSTRUZIONE DI FABBRICATO
IMPRESA ESECUTRICE: CLAM COSTRUZIONI
01/01/2026 - 30/09/2026</name>
      <description><![CDATA[Ordinanza: 2025/04128<br><br>https://drive.google.com/file/d/18uwoS3uZu1TrGhUQuBvL2_xL103W8wm2/view?usp=sharing<br><br>PROROGA ORDINANZA N. 2024/03965 DEL 5.12.2024<br>ISTITUZIONE TEMPORANEA DEL RESTRINGIMENTO DI CARREGGIATA E<br>DEL DIVIETO DI FERMATA CON RIMOZIONE FORZATA PER TUTTI I VEICOLI<br>SU AMBO I LATI SU UN TRATTO DI VIA SCIPIONE L’ AFRICANO CIVV. 262-266<br>E VIA R. GORJUX CIVV. 8-10 PER<br>ESEGUIRE ATTIVITÀ DI DEMOLIZIONE E RICOSTRUZIONE DI FABBRICATO.<br>RICHIEDENTE: SIG. COTUGNO GIOVANNI - DITTA CLAM COSTRUZIONI –<br>BARI<br><br>Durata e tempistiche: DAL GIORNO 1.1.2026 FINO AL 30.9.2026]]></description>
      <styleUrl>#icon-1541-E65100</styleUrl>
      <Point>
        <coordinates>
          16.8643907,41.1097399,0
        </coordinates>
      </Point>
    </Placemark>
    <Placemark>
      <name>ORDINANZA 2025/04128
RESTRINGIMENTO DI CARREGGIATA DIVIETO DI FERMATA CON RIMOZIONE FORZATA AMBO I LATI
VIA SCIPIONE L’ AFRICANO CIVV. 262-266
DEMOLIZIONE E RICOSTRUZIONE DI FABBRICATO
IMPRESA ESECUTRICE: CLAM COSTRUZIONI
01/01/2026 - 30/09/2026</name>
      <description><![CDATA[Ordinanza: 2025/04128<br><br>https://drive.google.com/file/d/18uwoS3uZu1TrGhUQuBvL2_xL103W8wm2/view?usp=sharing<br><br>PROROGA ORDINANZA N. 2024/03965 DEL 5.12.2024<br>ISTITUZIONE TEMPORANEA DEL RESTRINGIMENTO DI CARREGGIATA E<br>DEL DIVIETO DI FERMATA CON RIMOZIONE FORZATA PER TUTTI I VEICOLI<br>SU AMBO I LATI SU UN TRATTO DI VIA SCIPIONE L’ AFRICANO CIVV. 262-266<br>E VIA R. GORJUX CIVV. 8-10 PER<br>ESEGUIRE ATTIVITÀ DI DEMOLIZIONE E RICOSTRUZIONE DI FABBRICATO.<br>RICHIEDENTE: SIG. COTUGNO GIOVANNI - DITTA CLAM COSTRUZIONI –<br>BARI<br><br>Durata e tempistiche: DAL GIORNO 1.1.2026 FINO AL 30.9.2026]]></description>
      <styleUrl>#icon-1541-E65100</styleUrl>
      <Point>
        <coordinates>
          16.8651303,41.1108005,0
        </coordinates>
      </Point>
    </Placemark>
    <Placemark>
      <name>ORDINANZA 2025/04161
CHIUSURA AL TRANSITO VEICOLARE ECCETTO FRONTISTI E RESIDENTI 
VIA VACCARELLA TRA VIA MARCHITELLI E VIA GASPARE DEL BUFALO 
DIVIETO DI SOSTA E DI FERMATA
VIA GAETANO MARCHITELLI
COSTRUZIONE DELLA FOGNATURA PLUVIALE
IMPRESA ESECUTRICE: FAP SRL
29/12/2025 - 31/12/2026
</name>
      <description><![CDATA[2025/04161<br><br>https://drive.google.com/file/d/1KbfkFoSi2_iw7Bm-rNjGtOWg0ZO-jJFP/view<br><br>PN21006. ACCORDO QUADRO PER LAVORI DI COSTRUZIONE DELLA FOGNATURA PLUVIALE A SERVIZIO DELLE EX FRAZIONI CEGLIE E CARBONARA. ORDINANZA PER DIVIETO DI SOSTA E DI FERMATA E CHIUSURA AL TRANSITO VEICOLARE IN VIA VACCARELLA TRATTO COMPRESO TRA VIA MARCHITELLI E VIA GASPARE DEL BUFALO PER LAVORI DI NUOVA COSTRUZIONE DELLA RETE DI FOGNA BIANCA COMUNALE. 1° E 2° CONTRATTO ATTUATIVO – CIG 8551675973. CONTINUAZIONE LAVORI SINO AL 31/12/2026. IMPRESA: FAP SRL <br><br>1. istituire temporaneamente la chiusura al transito veicolare sulla via Vaccarella tratto compreso tra via Marchitelli e via Gaspare del Bufalo eccetto frontisti e residenti; <br>2. Istituire temporaneamente il divieto di sosta e di fermata su via Gaetano Marchitelli per permette la fluidità del transito veicolare in uscita da Carbonara direzione via Trisorio Liuzzi; <br>3. Tutti i provvedimenti in contrasto con la presente sono momentaneamente e provvisoriamente sospesi e divengono nuovamente efficaci all’esaurimento dei termini previsti dal presente disposto;<br><br>Durata e tempistiche: 29/12/2025 - 31/12/2026]]></description>
      <styleUrl>#icon-1541-E65100</styleUrl>
      <Point>
        <coordinates>
          16.8638728,41.071375,0
        </coordinates>
      </Point>
    </Placemark>
    <Placemark>
      <name>ORDINANZA 2025/04161
CHIUSURA AL TRANSITO VEICOLARE ECCETTO FRONTISTI E RESIDENTI 
VIA VACCARELLA TRA VIA MARCHITELLI E VIA GASPARE DEL BUFALO 
DIVIETO DI SOSTA E DI FERMATA
VIA GAETANO MARCHITELLI
COSTRUZIONE DELLA FOGNATURA PLUVIALE
IMPRESA ESECUTRICE: FAP SRL
29/12/2025 - 31/12/2026
</name>
      <description><![CDATA[2025/04161<br><br>https://drive.google.com/file/d/1KbfkFoSi2_iw7Bm-rNjGtOWg0ZO-jJFP/view<br><br>PN21006. ACCORDO QUADRO PER LAVORI DI COSTRUZIONE DELLA FOGNATURA PLUVIALE A SERVIZIO DELLE EX FRAZIONI CEGLIE E CARBONARA. ORDINANZA PER DIVIETO DI SOSTA E DI FERMATA E CHIUSURA AL TRANSITO VEICOLARE IN VIA VACCARELLA TRATTO COMPRESO TRA VIA MARCHITELLI E VIA GASPARE DEL BUFALO PER LAVORI DI NUOVA COSTRUZIONE DELLA RETE DI FOGNA BIANCA COMUNALE. 1° E 2° CONTRATTO ATTUATIVO – CIG 8551675973. CONTINUAZIONE LAVORI SINO AL 31/12/2026. IMPRESA: FAP SRL <br><br>1. istituire temporaneamente la chiusura al transito veicolare sulla via Vaccarella tratto compreso tra via Marchitelli e via Gaspare del Bufalo eccetto frontisti e residenti; <br>2. Istituire temporaneamente il divieto di sosta e di fermata su via Gaetano Marchitelli per permette la fluidità del transito veicolare in uscita da Carbonara direzione via Trisorio Liuzzi; <br>3. Tutti i provvedimenti in contrasto con la presente sono momentaneamente e provvisoriamente sospesi e divengono nuovamente efficaci all’esaurimento dei termini previsti dal presente disposto;<br><br>Durata e tempistiche: 29/12/2025 - 31/12/2026]]></description>
      <styleUrl>#line-E65100-5456</styleUrl>
      <LineString>
        <tessellate>1</tessellate>
        <coordinates>
          16.8635134,41.0716662,0
          16.8644468,41.0700283,0
          16.8646638,41.069485,0
          16.8653534,41.0688635,0
          16.8655328,41.0682636,0
        </coordinates>
      </LineString>
    </Placemark>
    <Placemark>
      <name>ORDINANZA 2026/00675
RESTRINGIMENTO DI CARREGGIATA DIVIETO DI FERMATA AMBO I LATI
VIA CALDAROLA TRA VIA SALAPIA E VIA MAGNA GRECIA
DIVIETO DI FERMATA AMBO I LATI DIVIETO DI TRANSITO L’ISTITUZIONE DEL DOPPIO SENSO DI MARCIA
VIA SANTA TERESA
VIA PADRE MASSIMILIANO KOLBE
L’ISTITUZIONE DELL’OBBLIGO DI PROSEGUIRE DIRITTO A TUTTI I VEICOLI
VIA CALDAROLA, IN CORRISPONDENZA DELL’INTERSEZIONE CON VIA SANTA TERESA
VIA CALDAROLA, IN CORRISPONDENZA DELL’INTERSEZIONE CON VIA PADRE MASSIMILIANO KOLBE
BRT
IMPRESA ESECUTRICE: R.T.I. COBAR S.P.A. - MER MEC STE S.R.L.
10/02/2026 - 31/12/2026</name>
      <description><![CDATA[2025/04181<br><br>https://drive.google.com/file/d/1dUmgpDqfbFFAo3LDDIiiGx-1RAlkauOe/view<br><br>PN21006. ACCORDO QUADRO PER LAVORI DI COSTRUZIONE DELLA FOGNATURA PLUVIALE A SERVIZIO DELLE EX FRAZIONI CEGLIE E CARBONARA. ORDINANZA PER DIVIETO DI SOSTA E DI FERMATA E CHIUSURA AL TRANSITO VEICOLARE IN VIA VACCARELLA TRATTO COMPRESO TRA VIA MARCHITELLI E VIA GASPARE DEL BUFALO PER LAVORI DI NUOVA COSTRUZIONE DELLA RETE DI FOGNA BIANCA COMUNALE. 1° E 2° CONTRATTO ATTUATIVO – CIG 8551675973. CONTINUAZIONE LAVORI SINO AL 31/12/2026. IMPRESA: FAP SRL<br><br>Durata e tempistiche: 29/12/2025 - 31/12/2026<br><br>2025/03451 <br><br>LAVORI DI REALIZZAZIONE DI UN SISTEMA BRT PER LA CITTÀ DI BARI -<br>FINANZIATO DALLA UNIONE EUROPEA NEXT GENERATION EU -<br>TRASPORTO RAPIDO DI MASSA - MISURA M2C2 - INV 4.2 DEL PNRR - CUP:<br>J91B21002850001<br>REGOLAMENTAZIONE TEMPORANEA DELLA CIRCOLAZIONE STRADALE SU<br>VIA CALDAROLA FINO AL 03.12.2025<br>IMPRESA ESECUTRICE: R.T.I. COBAR S.P.A. - MER MEC STE S.R.L.<br><br>a) L’istituzione del restringimento di carreggiata a tutti i veicoli su:<br>i) via Caldarola nel tratto stradale compreso tra via Salapia e via Magna Grecia, su entrambe le carreggiate.<br>b) L’istituzione del divieto di fermata a tutti i veicoli su:<br>i) via Caldarola nel tratto stradale compreso tra via Salapia e via Magna Grecia, su entrambe le carreggiate;<br>ii) via Santa Teresa;<br>iii) via Padre Massimiliano Kolbe.<br>c) L’istituzione del divieto di transito, eccetto frontisti, a tutti i veicoli su:<br>i) via Santa Teresa;<br>ii) via Padre Massimiliano Kolbe.<br>d) L’istituzione del doppio senso di marcia, riservato ai soli frontisti su:<br>i) via Santa Teresa;<br>ii) via Padre Massimiliano Kolbe.<br>e) L’istituzione dell’obbligo di proseguite diritto a tutti i veicoli su:<br>i) Via Caldarola, in corrispondenza dell’intersezione con via Santa Teresa;<br><br>ii) Via Caldarola, in corrispondenza dell’intersezione con via Padre Massimiliano Kolbe;<br>2) Dagli obblighi e divieti di cui al punto 1) sono esclusi:<br>i) i veicoli al servizio, ovvero di proprietà dell’impresa esecutrice dei lavori e sue subappaltatrici;<br>ii) i veicoli delle forze dell’ordine, dei vigili del fuoco e delle ambulanze durante l’espletamento di servizi<br>d’istituto e di soccorso pubblico e d’emergenza;<br>iii) i veicoli al servizio di persone con limitate o impedite capacità motorie;<br>iv) i veicoli diretti agli accessi carrabili privati.<br><br><br>Durata e tempistiche: 03/11/2025 - 03/12/2025 ]]></description>
      <styleUrl>#line-E65100-4294</styleUrl>
      <LineString>
        <tessellate>1</tessellate>
        <coordinates>
          16.8928725,41.1103286,0
          16.8945032,41.1096657,0
        </coordinates>
      </LineString>
    </Placemark>
    <Placemark>
      <name>ORDINANZA 2026/00059
RESTRINGIMENTO DI CARREGGIATA E DIVIETO DI SOSTA
VIA FRATELLI ROSSELLI ANGOLO PIAZZA POERIO
POSIZIONAMENTO DI PONTEGGIO GRU E RECINZIONE DI CANTIERE
RICHIEDENTE: SIG. VISAGGIO NICCOLO’
02/01/2026 - 31/10/2026</name>
      <description><![CDATA[2026/00059<br>https://drive.google.com/file/d/1NXcGf5oJtjlItpyCWtp4f5ETKQwzmf9R/view<br><br>AUTORIZZAZIONE TEMPORANEA AL TRANSITO DEI MEZZI SUPERIORI AI 35 Q.LI, IN DEROGA ALL’ORDINANZA SINDACALE N. 2322 DEL 20.3.1991 ,RESTRINGIMENTO DI CARREGGIATA E DIVIETO DI SOSTA PER LAVORI DI POSIZIONAMENTO DI PONTEGGIO GRU E RECINZIONE DI CANTIERE , IN VIA FRATELLI ROSSELLI ANGOLO PIAZZA POERIO (ISTITUTO MARCONI) , DALLA DATA DI EMANAZIONE DELLA PRESENTE ORDINANZA AL GIORNO 31.10.2026. RICHIEDENTE : SIG. VISAGGIO NICCOLO’ <br><br><br>Durata e tempistiche: 12/01/2026 - 31/10/2026]]></description>
      <styleUrl>#icon-1541-E65100</styleUrl>
      <Point>
        <coordinates>
          16.8876784,41.1173793,0
        </coordinates>
      </Point>
    </Placemark>
    <Placemark>
      <name>ORDINANZA 2026/00059
RESTRINGIMENTO DI CARREGGIATA E DIVIETO DI SOSTA
VIA FRATELLI ROSSELLI ANGOLO PIAZZA POERIO
POSIZIONAMENTO DI PONTEGGIO GRU E RECINZIONE DI CANTIERE
RICHIEDENTE: SIG. VISAGGIO NICCOLO’
02/01/2026 - 31/10/2026</name>
      <description><![CDATA[2026/00059<br><br>https://drive.google.com/file/d/1NXcGf5oJtjlItpyCWtp4f5ETKQwzmf9R/view<br><br><br>AUTORIZZAZIONE TEMPORANEA AL TRANSITO DEI MEZZI SUPERIORI AI 35 Q.LI, IN DEROGA ALL’ORDINANZA SINDACALE N. 2322 DEL 20.3.1991 ,RESTRINGIMENTO DI CARREGGIATA E DIVIETO DI SOSTA PER LAVORI DI POSIZIONAMENTO DI PONTEGGIO GRU E RECINZIONE DI CANTIERE , IN VIA FRATELLI ROSSELLI ANGOLO PIAZZA POERIO (ISTITUTO MARCONI) , DALLA DATA DI EMANAZIONE DELLA PRESENTE ORDINANZA AL GIORNO 31.10.2026. RICHIEDENTE : SIG. VISAGGIO NICCOLO’ <br><br><br>Durata e tempistiche: 12/01/2026 - 31/10/2026]]></description>
      <styleUrl>#line-E65100-3906</styleUrl>
      <LineString>
        <tessellate>1</tessellate>
        <coordinates>
          16.8876677,41.1174253,0
          16.8876382,41.1173414,0
        </coordinates>
      </LineString>
    </Placemark>
    <Placemark>
      <name>ORDINANZA 2026/02937
DIVIETO DI TRANSITO E DIVIETO DI
FERMATA NELLE AREE DI SOSTA
VIA CARABELLESE
VIA PAPALIA
BARI COSTASUD
RICHIEDENTE: EUROAMBIENTE S.R.L.
13/01/2026 - 30/09/2026
</name>
      <description><![CDATA[PROROGATA DALLA ORDINANZA 2026/02937<br>FINO AL 30/09/2026<br>https://drive.google.com/file/d/1mEyO6IZe0SV3OnJooPFlWhL4Pl5akeEE/view<br><br>Ordinanza: 2026/00086<br><br>https://drive.google.com/file/d/1WoxUoWxe3gef0CGb8_APx7Ki5ub7xeCC/view<br><br>BARI COSTASUD, PARCO COSTIERO DELLA CULTURA DEL TURISMO E<br>DELL’AMBIENTE LOTTO 4 “PARCO VALENZANO” INTERVENTO ID. N. 10.4 DI<br>CUI AL D.M. 139 DEL 29 MARZO 2023 –CUP J96821000030006 –CIG<br>DERIVATO: 824802A482<br>ISTITUZIONE TEMPORANEA DEL DIVIETO DI TRANSITO E DIVIETO DI<br>FERMATA NELLE AREE DI SOSTA SU VIA CARABELLESE E VIA PAPALIA<br>DALLA DATA DI EMANAZIONE DELLA PRESENTE ORDINANZA AL 30.06.2026.<br>IMPRESA APPALTATRICE DEI LAVORI: EUROAMBIENTE S.R.L. PISTOIA VIA<br>PRATESE N. 527 CAP 51100 CF GARE@EUROAMB.IT INDIRIZZO PEC<br>EUROAMB@LEGALMAIL.IT<br><br>N.B.: Tutti i provvedimenti in contrasto con la presente sono momentaneamente e provvisoriamente sospesi e<br>divengono nuovamente efficaci all’esaurimento dei termini previsti dal presente disposto<br><br>Durata e tempistiche: 13/01/2026 - 30/06/2026]]></description>
      <styleUrl>#icon-1541-E65100</styleUrl>
      <Point>
        <coordinates>
          16.9057855,41.1060794,0
        </coordinates>
      </Point>
    </Placemark>
    <Placemark>
      <name>ORDINANZA 2026/02937
DIVIETO DI TRANSITO E DIVIETO DI
FERMATA NELLE AREE DI SOSTA
VIA CARABELLESE
VIA PAPALIA
BARI COSTASUD
RICHIEDENTE: EUROAMBIENTE S.R.L.
13/01/2026 - 30/09/2026
</name>
      <description><![CDATA[PROROGATA DALLA ORDINANZA 2026/02937<br>FINO AL 30/09/2026<br>https://drive.google.com/file/d/1mEyO6IZe0SV3OnJooPFlWhL4Pl5akeEE/view<br>-----<br>Ordinanza: 2026/00086<br><br>https://drive.google.com/file/d/1WoxUoWxe3gef0CGb8_APx7Ki5ub7xeCC/view<br><br>BARI COSTASUD, PARCO COSTIERO DELLA CULTURA DEL TURISMO E<br>DELL’AMBIENTE LOTTO 4 “PARCO VALENZANO” INTERVENTO ID. N. 10.4 DI<br>CUI AL D.M. 139 DEL 29 MARZO 2023 –CUP J96821000030006 –CIG<br>DERIVATO: 824802A482<br>ISTITUZIONE TEMPORANEA DEL DIVIETO DI TRANSITO E DIVIETO DI<br>FERMATA NELLE AREE DI SOSTA SU VIA CARABELLESE E VIA PAPALIA<br>DALLA DATA DI EMANAZIONE DELLA PRESENTE ORDINANZA AL 30.06.2026.<br>IMPRESA APPALTATRICE DEI LAVORI: EUROAMBIENTE S.R.L. PISTOIA VIA<br>PRATESE N. 527 CAP 51100 CF GARE@EUROAMB.IT INDIRIZZO PEC<br>EUROAMB@LEGALMAIL.IT<br><br>N.B. : Tutti i provvedimenti in contrasto con la presente sono momentaneamente e provvisoriamente sospesi e<br>divengono nuovamente efficaci all’esaurimento dei termini previsti dal presente disposto<br><br>Durata e tempistiche: 13/01/2026 - 30/06/2026]]></description>
      <styleUrl>#line-E65100-2356</styleUrl>
      <LineString>
        <tessellate>1</tessellate>
        <coordinates>
          16.900968,41.10775,0
          16.9059435,41.1058565,0
          16.9059649,41.1058586,0
          16.9078036,41.1086071,0
        </coordinates>
      </LineString>
    </Placemark>
    <Placemark>
      <name>ORDINANZA 2026/03221
DIVIETO DI TRANSITO
STRADA SANTA CATERINA
STRADA MASSIMI – LOSACCO
VIA GENERALE NICOLA BELLOMO
LAVORI TRATTA LINEA BARI - ALTAMURA - MATERA DELLE FERROVIE APPULO LUCANE
IMPRESA ESECUTRICE: COBAR S.P.A
30/06/2026-30/09/2026</name>
      <description><![CDATA[PROROGATA FINO AL 30/09/2026 <br>Ordinanza 2026/03221<br><br>https://drive.google.com/file/d/1A_bVAPhU5qpnG2FCVYLpGn3k2y9DDraF/view<br>-----<br><br>2026/01491<br>https://drive.google.com/file/d/13lpDQG-a_Dj09kvmz-FbuYxQBi45IHNl/view<br><br>PROROGA DELL’ORDINANZA DIRIGENZIALE N. 2026/00579 DI<br>REGOLAMENTAZIONE TEMPORANEA DELLA CIRCOLAZIONE SU STRADA<br>SANTA CATERINA E STRADA MASSIMI LOSACCO <br>FINO AL GIORNO30.06.2026 <br><br>REVOCA DELL’ORDINANZA DIRIGENZIALE N. 2026/00249<br><br>2026/00579<br><br>https://drive.google.com/file/d/1GBe3-_6pFKxp1_dsTb-mXkx88MKoUlmh/view<br><br>REGOLAMENTAZIONE TEMPORANEA DELLA CIRCOLAZIONE SU STRADA SANTA CATERINA E STRADA MASSIMI LOSACCO FINO AL GIORNO 31.03.2026 LAVORI DI "LINEA BARI - ALTAMURA - MATERA DELLE FERROVIE APPULO LUCANE S.R.L. - POTENZIAMENTO E VELOCIZZAZIONE DELLA TRATTA BARI - TORITTO. LOTTO 4: RADDOPPIO BARI POLICLINICO - BARI S. ANDREA". SOVRAPPASSO S. CATERINA. REVOCA DELL’ORDINANZA DIRIGENZIALE N. 2026/00249 IMPRESA ESECUTRICE: COBAR S.P.A<br><br>a) L’istituzione del divieto di transito, eccetto frontisti, a tutti i veicoli sui seguenti tratti stradali:<br> i) Strada Santa Caterina nel tratto stradale compreso tra il passaggio a livello e via San Giorgio Martire; o l’ingresso e l’uscita dei frontisti dovrà avvenire esclusivamente dalla rotatoria con via San Giorgio Martire; <br>ii) Strada Santa Caterina nel tratto stradale compreso tra viale Caduti di Nassiriya e Strada Massimi Losacco o l’ingresso e l’uscita dei frontisti dovrà avvenire esclusivamente dalla rotatoria con viale Caduti di Nassiriya;<br> iii) Strada Massimi – Losacco; o L’ingresso e l’uscita dei frontisti dovrà avvenire esclusivamente da via Generale Bellomo;<br> b) L’istituzione dell’obbligo di proseguire diritto a tutti i veicoli eccetto frontisti sui seguenti tratti stradali:<br> i) via Generale Nicola Bellomo all’intersezione con Strada Massimi Losacco per entrambe le correnti di traffico; <br>a) L’istituzione del limite massimo di velocità pari a trenta chilometri orari a tutti i veicoli in avvicinamento alle aree interessate dai lavori. 2) Dai divieti di cui al punto 1) sono esclusi: i) i veicoli al servizio, ovvero di proprietà dell’impresa esecutrice dei lavori e sue subappaltatrici;<br>ii) i veicoli delle forze dell’ordine, dei vigili del fuoco e delle ambulanze durante l’espletamento di servizi d’istituto e di soccorso pubblico e d’emergenza;<br><br>Durata e tempistiche: 03/02/2026 - 31/03/2026<br><br>2026/00249 <br>https://drive.google.com/file/d/1EuApqvL_QhrXXW3b-e_FuiOlYIo6_GFP/view]]></description>
      <styleUrl>#icon-1541-E65100</styleUrl>
      <Point>
        <coordinates>
          16.8398783,41.1067517,0
        </coordinates>
      </Point>
    </Placemark>
    <Placemark>
      <name>ORDINANZA 2026/03221
DIVIETO DI TRANSITO
STRADA SANTA CATERINA
STRADA MASSIMI – LOSACCO
VIA GENERALE NICOLA BELLOMO
LAVORI TRATTA LINEA BARI - ALTAMURA - MATERA DELLE FERROVIE APPULO LUCANE
IMPRESA ESECUTRICE: COBAR S.P.A
30/06/2026-30/09/2026</name>
      <description><![CDATA[PROROGATA FINO AL 30/09/2026<br>Ordinanza 2026/03221<br><br>https://drive.google.com/file/d/1A_bVAPhU5qpnG2FCVYLpGn3k2y9DDraF/view<br>-----<br><br>2026/01491<br><br>https://drive.google.com/file/d/13lpDQG-a_Dj09kvmz-FbuYxQBi45IHNl/view<br><br>PROROGA DELL’ORDINANZA DIRIGENZIALE N. 2026/00579 DI<br>REGOLAMENTAZIONE TEMPORANEA DELLA CIRCOLAZIONE SU STRADA<br>SANTA CATERINA E STRADA MASSIMI LOSACCO<br>FINO AL GIORNO30.06.2026 <br>REVOCA DELL’ORDINANZA DIRIGENZIALE N. 2026/00249<br>2026/00579<br>https://drive.google.com/file/d/1GBe3-_6pFKxp1_dsTb-mXkx88MKoUlmh/view<br><br>REGOLAMENTAZIONE TEMPORANEA DELLA CIRCOLAZIONE SU STRADA SANTA CATERINA E STRADA MASSIMI LOSACCO FINO AL GIORNO 31.03.2026 LAVORI DI "LINEA BARI - ALTAMURA - MATERA DELLE FERROVIE APPULO LUCANE S.R.L. - POTENZIAMENTO E VELOCIZZAZIONE DELLA TRATTA BARI - TORITTO. LOTTO 4: RADDOPPIO BARI POLICLINICO - BARI S. ANDREA". SOVRAPPASSO S. CATERINA. REVOCA DELL’ORDINANZA DIRIGENZIALE N. 2026/00249 IMPRESA ESECUTRICE: COBAR S.P.A<br><br>a) L’istituzione del divieto di transito, eccetto frontisti, a tutti i veicoli sui seguenti tratti stradali:<br> i) Strada Santa Caterina nel tratto stradale compreso tra il passaggio a livello e via San Giorgio Martire; o l’ingresso e l’uscita dei frontisti dovrà avvenire esclusivamente dalla rotatoria con via San Giorgio Martire; <br>ii) Strada Santa Caterina nel tratto stradale compreso tra viale Caduti di Nassiriya e Strada Massimi Losacco o l’ingresso e l’uscita dei frontisti dovrà avvenire esclusivamente dalla rotatoria con viale Caduti di Nassiriya;<br> iii) Strada Massimi – Losacco; o L’ingresso e l’uscita dei frontisti dovrà avvenire esclusivamente da via Generale Bellomo;<br> b) L’istituzione dell’obbligo di proseguire diritto a tutti i veicoli eccetto frontisti sui seguenti tratti stradali:<br> i) via Generale Nicola Bellomo all’intersezione con Strada Massimi Losacco per entrambe le correnti di traffico; <br>a) L’istituzione del limite massimo di velocità pari a trenta chilometri orari a tutti i veicoli in avvicinamento alle aree interessate dai lavori. 2) Dai divieti di cui al punto 1) sono esclusi: i) i veicoli al servizio, ovvero di proprietà dell’impresa esecutrice dei lavori e sue subappaltatrici;<br>ii) i veicoli delle forze dell’ordine, dei vigili del fuoco e delle ambulanze durante l’espletamento di servizi d’istituto e di soccorso pubblico e d’emergenza;<br><br>Durata e tempistiche: 03/02/2026 - 31/03/2026<br><br>2026/00249<br> https://drive.google.com/file/d/1EuApqvL_QhrXXW3b-e_FuiOlYIo6_GFP/view]]></description>
      <styleUrl>#line-E65100-3131</styleUrl>
      <LineString>
        <tessellate>1</tessellate>
        <coordinates>
          16.8502638,41.1056725,0
          16.8477854,41.1070872,0
          16.8394169,41.1062384,0
          16.8358764,41.102269,0
          16.8394062,41.1062384,0
          16.8430647,41.1092941,0
          16.8449208,41.1116545,0
          16.8463048,41.113158,0
          16.8466696,41.1133439,0
        </coordinates>
      </LineString>
    </Placemark>
    <Placemark>
      <name>ORDINANZA 2026/04369 
DIVIETO DI TRANSITO A TUTTI I VEICOLI ESCLUSIVAMENTE NELLA CARREGGIATA STRADALE CENTRALE
VIA CALDAROLA NEL TRATTO COMPRESO TRA VIA ARCHIMEDE E VIA
LOIACONO
LAVORI DI REALIZZAZIONE DI UN SISTEMA BRT PER LA CITTÀ DI BARI
IMPRESA ESECUTRICE: R.T.I. COBAR S.P.A. - MER MEC STE S.R.L.
22/09/2026 - 31/10/2026
</name>
      <description><![CDATA[ORDINANZA 2026/04369 <br>https://drive.google.com/file/d/1iLS5tUVTiuAVD23hWHDKovIuqyNzcGcY/view<br><br>PROROGA DELL’ORDINANZA DIRIGENZIALE N. 2026/03850 LAVORI DI REALIZZAZIONE DI UN SISTEMA BRT PER LA CITTÀ DI BARI - FINANZIATO DALLA UNIONE EUROPEA NEXT GENERATION EU - TRASPORTO RAPIDO DI MASSA - MISURA M2C2 - INV 4.2 DEL PNRR - CUP: J91B21002850001 ISTITUZIONE TEMPORANEA DEL DIVIETO DI TRANSITO A TUTTI I VEICOLI SU VIA CALDAROLA, ESCLUSIVAMENTE NELLA CARREGGIATA STRADALE CENTRALE, NEL TRATTO COMPRESO TRA VIA ARCHIMEDE E VIA LOIACONO FINO AL 31.10.2026 IMPRESA ESECUTRICE: R.T.I. COBAR S.P.A. - MER MEC STE S.R.L. <br><br>Durata e tempistiche: 22/09/2026 - 31/10/2026<br><br>PROROGATA FINO AL 20/09/2026<br>Ordinanza 2026/03850<br>https://drive.google.com/file/d/1_YfvwkbNtwDvOaniL1ySynTHbcFEG7J6/view<br><br>PROROGATA DALLA Ordinanza 2026/02928<br>FINO AL 21/07/2026<br>https://drive.google.com/file/d/10RoipljyPyzEqpu0w-6LRFl2bx7_0vRj/view<br><br>ORDINANZA 2026/02593 <br>https://drive.google.com/file/d/1-e4i4e1920nmZoDDmqlZpOHaF9xDKBeE/view<br><br>PROROGA DELL’ORDINANZA DIRIGENZIALE N. 2026/01984 LAVORI DI REALIZZAZIONE DI UN SISTEMA BRT PER LA CITTÀ DI BARI - FINANZIATO DALLA UNIONE EUROPEA NEXT GENERATION EU - TRASPORTO RAPIDO DI MASSA - MISURA M2C2 - INV 4.2 DEL PNRR - CUP: J91B21002850001 ISTITUZIONE TEMPORANEA DEL DIVIETO DI TRANSITO A TUTTI I VEICOLI SU VIA CALDAROLA, ESCLUSIVAMENTE NELLA CARREGGIATA STRADALE CENTRALE, NEL TRATTO COMPRESO TRA VIA ARCHIMEDE E VIA LOIACONO FINO AL 21.06.2026 IMPRESA ESECUTRICE: R.T.I. COBAR S.P.A. - MER MEC STE S.R.L. <br><br><br>Durata e tempistiche: 22/05/2026 - 21/06/2026<br><br>PROROGATA DALLA 2026/01984<br>FINO AL 21/05/2026<br>https://drive.google.com/file/d/1F6XHonBwebIgQ7Fnm7RnXKZnkDB519rD/view<br><br><br>PROROGATA DALLA 2026/01395<br>https://drive.google.com/file/d/14Ef7jjxS8lSL1qwkiHHAkKFKO0l1VYP4/view<br>FINO AL 21/04/2026<br><br><br>https://albo.comune.bari.it/AlboPretorio/BA_PubblicIntranet.nsf/63e823169cf6eba8c1256fdc003ae470/730dd2c3b0178734c1258da70046e069/$FILE/Atto20260223102442.pdf<br><br>2026/00803<br><br>LAVORI DI REALIZZAZIONE DI UN SISTEMA BRT PER LA CITTÀ DI BARI -<br>FINANZIATO DALLA UNIONE EUROPEA NEXT GENERATION EU -<br>TRASPORTO RAPIDO DI MASSA - MISURA M2C2 - INV 4.2 DEL PNRR - CUP:<br>J91B21002850001<br>ISTITUZIONE TEMPORANEA DEL DIVIETO DI TRANSITO A TUTTI I VEICOLI<br>SU VIA CALDAROLA, ESCLUSIVAMENTE NELLA CARREGGIATA STRADALE<br>CENTRALE, NEL TRATTO COMPRESO TRA VIA ARCHIMEDE E VIA<br>LOIACONO FINO AL 21.03.2026<br>IMPRESA ESECUTRICE: R.T.I. COBAR S.P.A. - MER MEC STE S.R.L.<br>Dalla data di emanazione della presente ordinanza fino al 21.03.2026 sono istituiti i seguenti<br>provvedimenti temporanei di circolazione:<br>Istituzione temporanea del divieto di transito a tutti i veicoli su:<br>- Via Caldarola, esclusivamente nella carreggiata stradale centrale, nel tratto compreso tra via<br>Archimede e via Loiacono<br>Dagli obblighi e divieti di cui al punto 2) sono esclusi:<br>i) i veicoli al servizio, ovvero di proprietà dell’impresa esecutrice dei lavori e sue subappaltatrici;<br>ii) i veicoli delle forze dell’ordine, dei vigili del fuoco e delle ambulanze durante l’espletamento di servizi<br>d’istituto e di soccorso pubblico e d’emergenza;<br>iii) i veicoli al servizio di persone con limitate o impedite capacità motorie;<br>iv) i veicoli diretti agli accessi carrabili privati. <br>TERMINE E DURATA: DAL 23/02/2026 AL 21/03/2026<br>2026/00258 <br><br>https://drive.google.com/file/d/1LExG9MScVkg-xCTSuo4mVme260neWesG/view<br><br> LAVORI DI REALIZZAZIONE DI UN SISTEMA BRT PER LA CITTÀ DI BARI -<br>FINANZIATO DALLA UNIONE EUROPEA NEXT GENERATION EU -<br>TRASPORTO RAPIDO DI MASSA - MISURA M2C2 - INV 4.2 DEL PNRR - CUP:<br>J91B21002850001<br>ISTITUZIONE TEMPORANEA DEL DIVIETO DI TRANSITO A TUTTI I VEICOLI<br>SU VIA CALDAROLA, ESCLUSIVAMENTE NELLA CARREGGIATA STRADALE<br>CENTRALE, NEL TRATTO COMPRESO TRA VIA ARCHIMEDE E VIA<br>LOIACONO DAL GIORNO 20.01.2026 AL GIORNO 20.02.2026<br>IMPRESA ESECUTRICE: R.T.I. COBAR S.P.A. - MER MEC STE S.R.L.<br><br>Istituzione temporanea del divieto di transito a tutti i veicoli su:<br>- Via Caldarola, esclusivamente nella carreggiata stradale centrale,]]></description>
      <styleUrl>#icon-1541-E65100</styleUrl>
      <Point>
        <coordinates>
          16.9027446,41.1047175,0
        </coordinates>
      </Point>
    </Placemark>
    <Placemark>
      <name>ORDINANZA 2026/04369 
DIVIETO DI TRANSITO A TUTTI I VEICOLI ESCLUSIVAMENTE NELLA CARREGGIATA STRADALE CENTRALE
VIA CALDAROLA NEL TRATTO COMPRESO TRA VIA ARCHIMEDE E VIA
LOIACONO
LAVORI DI REALIZZAZIONE DI UN SISTEMA BRT PER LA CITTÀ DI BARI
IMPRESA ESECUTRICE: R.T.I. COBAR S.P.A. - MER MEC STE S.R.L.
22/09/2026 - 31/10/2026
</name>
      <description><![CDATA[ORDINANZA 2026/04369 <br>https://drive.google.com/file/d/1iLS5tUVTiuAVD23hWHDKovIuqyNzcGcY/view<br><br>PROROGA DELL’ORDINANZA DIRIGENZIALE N. 2026/03850 LAVORI DI REALIZZAZIONE DI UN SISTEMA BRT PER LA CITTÀ DI BARI - FINANZIATO DALLA UNIONE EUROPEA NEXT GENERATION EU - TRASPORTO RAPIDO DI MASSA - MISURA M2C2 - INV 4.2 DEL PNRR - CUP: J91B21002850001 ISTITUZIONE TEMPORANEA DEL DIVIETO DI TRANSITO A TUTTI I VEICOLI SU VIA CALDAROLA, ESCLUSIVAMENTE NELLA CARREGGIATA STRADALE CENTRALE, NEL TRATTO COMPRESO TRA VIA ARCHIMEDE E VIA LOIACONO FINO AL 31.10.2026 IMPRESA ESECUTRICE: R.T.I. COBAR S.P.A. - MER MEC STE S.R.L. <br><br>Durata e tempistiche: 22/09/2026 - 31/10/2026<br><br>PROROGATA FINO AL 20/09/2026<br>Ordinanza 2026/03850<br>https://drive.google.com/file/d/1_YfvwkbNtwDvOaniL1ySynTHbcFEG7J6/view<br><br>PROROGATA DALLA Ordinanza 2026/02928<br>FINO AL 21/07/2026<br>https://drive.google.com/file/d/10RoipljyPyzEqpu0w-6LRFl2bx7_0vRj/view<br><br>ORDINANZA 2026/02593 <br>https://drive.google.com/file/d/1-e4i4e1920nmZoDDmqlZpOHaF9xDKBeE/view<br><br>PROROGA DELL’ORDINANZA DIRIGENZIALE N. 2026/01984 LAVORI DI REALIZZAZIONE DI UN SISTEMA BRT PER LA CITTÀ DI BARI - FINANZIATO DALLA UNIONE EUROPEA NEXT GENERATION EU - TRASPORTO RAPIDO DI MASSA - MISURA M2C2 - INV 4.2 DEL PNRR - CUP: J91B21002850001 ISTITUZIONE TEMPORANEA DEL DIVIETO DI TRANSITO A TUTTI I VEICOLI SU VIA CALDAROLA, ESCLUSIVAMENTE NELLA CARREGGIATA STRADALE CENTRALE, NEL TRATTO COMPRESO TRA VIA ARCHIMEDE E VIA LOIACONO FINO AL 21.06.2026 IMPRESA ESECUTRICE: R.T.I. COBAR S.P.A. - MER MEC STE S.R.L. <br><br><br>Durata e tempistiche: 22/05/2026 - 21/06/2026<br><br>PROROGATA DALLA 2026/01984<br>FINO AL 21/05/2026<br>https://drive.google.com/file/d/1F6XHonBwebIgQ7Fnm7RnXKZnkDB519rD/view<br><br><br>PROROGATA DALLA 2026/01395<br>https://drive.google.com/file/d/14Ef7jjxS8lSL1qwkiHHAkKFKO0l1VYP4/view<br>FINO AL 21/04/2026<br><br><br>https://albo.comune.bari.it/AlboPretorio/BA_PubblicIntranet.nsf/63e823169cf6eba8c1256fdc003ae470/730dd2c3b0178734c1258da70046e069/$FILE/Atto20260223102442.pdf<br><br>2026/00803<br><br>LAVORI DI REALIZZAZIONE DI UN SISTEMA BRT PER LA CITTÀ DI BARI -<br>FINANZIATO DALLA UNIONE EUROPEA NEXT GENERATION EU -<br>TRASPORTO RAPIDO DI MASSA - MISURA M2C2 - INV 4.2 DEL PNRR - CUP:<br>J91B21002850001<br>ISTITUZIONE TEMPORANEA DEL DIVIETO DI TRANSITO A TUTTI I VEICOLI<br>SU VIA CALDAROLA, ESCLUSIVAMENTE NELLA CARREGGIATA STRADALE<br>CENTRALE, NEL TRATTO COMPRESO TRA VIA ARCHIMEDE E VIA<br>LOIACONO FINO AL 21.03.2026<br>IMPRESA ESECUTRICE: R.T.I. COBAR S.P.A. - MER MEC STE S.R.L.<br>Dalla data di emanazione della presente ordinanza fino al 21.03.2026 sono istituiti i seguenti<br>provvedimenti temporanei di circolazione:<br>Istituzione temporanea del divieto di transito a tutti i veicoli su:<br>- Via Caldarola, esclusivamente nella carreggiata stradale centrale, nel tratto compreso tra via<br>Archimede e via Loiacono<br>Dagli obblighi e divieti di cui al punto 2) sono esclusi:<br>i) i veicoli al servizio, ovvero di proprietà dell’impresa esecutrice dei lavori e sue subappaltatrici;<br>ii) i veicoli delle forze dell’ordine, dei vigili del fuoco e delle ambulanze durante l’espletamento di servizi<br>d’istituto e di soccorso pubblico e d’emergenza;<br>iii) i veicoli al servizio di persone con limitate o impedite capacità motorie;<br>iv) i veicoli diretti agli accessi carrabili privati.<br>TERMINE E DURATA: DAL 23/02/2026 AL 21/03/2026<br>2026/00258<br><br>https://drive.google.com/file/d/1LExG9MScVkg-xCTSuo4mVme260neWesG/view<br><br>LAVORI DI REALIZZAZIONE DI UN SISTEMA BRT PER LA CITTÀ DI BARI -<br>FINANZIATO DALLA UNIONE EUROPEA NEXT GENERATION EU -<br>TRASPORTO RAPIDO DI MASSA - MISURA M2C2 - INV 4.2 DEL PNRR - CUP:<br>J91B21002850001<br>ISTITUZIONE TEMPORANEA DEL DIVIETO DI TRANSITO A TUTTI I VEICOLI<br>SU VIA CALDAROLA, ESCLUSIVAMENTE NELLA CARREGGIATA STRADALE<br>CENTRALE, NEL TRATTO COMPRESO TRA VIA ARCHIMEDE E VIA<br>LOIACONO DAL GIORNO 20.01.2026 AL GIORNO 20.02.2026<br>IMPRESA ESECUTRICE: R.T.I. COBAR S.P.A. - MER MEC STE S.R.L.<br><br>Istituzione temporanea del divieto di transito a tutti i veicoli su:<br>- Via Caldarola, esclusivamente nella carreggiata stradale centrale, ne]]></description>
      <styleUrl>#line-E65100-4488</styleUrl>
      <LineString>
        <tessellate>1</tessellate>
        <coordinates>
          16.9083558,41.1027408,0
          16.8999444,41.1060473,0
        </coordinates>
      </LineString>
    </Placemark>
    <Placemark>
      <name>ORDINANZA 2026/04367 
DIVIETO DI FERMATA E RESTRINGIMENTO DI CARREGGIATA
VIA CALDAROLA DA VIA MARESCIALLO VITTORIO MAGGIORE A VIA CAVALIERI DI VITTORIO VENETO
LAVORI DI REALIZZAZIONE DI UN SISTEMA BRT PER LA CITTÀ DI BARI 
IMPRESA ESECUTRICE: R.T.I. COBAR S.P.A. - MER MEC STE S.R.L.
21/09/2026 - 31/10/2026
</name>
      <description><![CDATA[ORDINANZA 2026/04367 <br>https://drive.google.com/file/d/19k6aPgo_tjylJZ-M8djkhK7VnXeF1xwD/view<br><br>PROROGA DELL’ORDINANZA DIRIGENZIALE N. 2026/03852<br><br>LAVORI DI REALIZZAZIONE DI UN SISTEMA BRT PER LA CITTÀ DI BARI -<br>FINANZIATO DALLA UNIONE EUROPEA NEXT GENERATION EU -<br>TRASPORTO RAPIDO DI MASSA - MISURA M2C2 - INV 4.2 DEL PNRR - CUP:<br>J91B21002850001<br>REGOLAMENTAZIONE TEMPORANEA DELLA CIRCOLAZIONE STRADALE SU<br>VIA CALDAROLA FINO AL GIORNO 31.10.2026<br>IMPRESA ESECUTRICE: R.T.I. COBAR S.P.A. - MER MEC STE S.R.L.<br><br><br>Durata e tempistiche: 21/09/2026 - 31/10/2026 <br><br>PROROGATA FINO 20/09/2026<br>Ordinanza 2026/03852<br>https://drive.google.com/file/d/11C3RgNGiCDXSrxPrJLr1UoSdtRakDjks/view<br><br>PROROGATA FINO AL 21/08/2026<br>ORDINANZA 2026/03528<br>https://drive.google.com/file/d/172YoJ92l8MTj15Q5zsm1KRalDGjA3Emy/view <br><br>PROROGATA FINO AL 24/07/2026<br>ORDINANZA 2026/03047<br>https://drive.google.com/file/d/1aF3mlh5LG0YcjquVjquD9ShsOJwyb8c-/view<br><br>PROROGATA FINO AL 24/06/2026<br>ORDINANZA 2026/02595<br>https://drive.google.com/file/d/1zy5MJvXb-bSd-E6Yj4K-djgOpNs3FD0C/view<br><br>PROROGATA FINO AL 24/05/2026 DALLA 2026/01986<br>https://drive.google.com/file/d/1jfN4jYiMuCGExWSm4B_yDGgUxQPd-kwU/view<br><br>ORDINANZA 2026/01427 <br><br>https://drive.google.com/file/d/11eA8bo6TWlYngNOlPP6wVvgazYwjOwRE/view<br><br>PROROGA DELL’ORDINANZA DIRIGENZIALE N. 2026/00891 LAVORI DI REALIZZAZIONE DI UN SISTEMA BRT PER LA CITTÀ DI BARI - FINANZIATO DALLA UNIONE EUROPEA NEXT GENERATION EU - TRASPORTO RAPIDO DI MASSA - MISURA M2C2 - INV 4.2 DEL PNRR - CUP: J91B21002850001 REGOLAMENTAZIONE TEMPORANEA DELLA CIRCOLAZIONE STRADALE SU VIA CALDAROLA FINO AL GIORNO 24.04.2026 IMPRESA ESECUTRICE: R.T.I. COBAR S.P.A. - MER MEC STE S.R.L. <br>1) Istituzione del divieto di fermata su via Caldarola, su entrambe le carreggiate, nel tratto stradale compreso tra via Maresciallo Vittorio Maggiore e via Cavalieri di Vittorio Veneto 2) Istituzione del restringimento di carreggiata su via Caldarola, su entrambe le carreggiate, nel tratto stradale compreso tra via Maresciallo Vittorio Maggiore e via Cavalieri di Vittorio Veneto<br>Durata e tempistiche: 23/03/2026 - 24/04/2026  <br><br>ORDINANZA 2026/00891 <br>PROROGA DELL’ORDINANZA DIRIGENZIALE N. 2026/00354<br><br>https://drive.google.com/file/d/15NL8937WW0HJGWSr7-Wwe1Dtn5m-7lyl/view<br><br>Durata e tempistiche: 03/03/2026 - 24/03/2026  <br><br>2026/00354 <br>proroga  2025/04038 <br>https://drive.google.com/file/d/1IoSTENjtVO14YZzvC3KuLAsfRnK4vCOy/view<br><br>PROROGA: 23/01/2026 - 24/02/2026 <br><br><br>2025/03780<br>https://drive.google.com/file/d/1ISNmpw_6s235hinGZBGKRvZLatZjjms-/view<br><br>PROROGA: 2025/04038 <br>https://drive.google.com/file/d/17cudLjnhgLG0662J04aalnelb13SasBx/view<br><br><br>Durata e tempistiche: 24/11/2025 - 24/12/2025<br>PROROGA: 12/12/2025 - 24/01/2026 ]]></description>
      <styleUrl>#icon-1541-E65100</styleUrl>
      <Point>
        <coordinates>
          16.89444,41.108292,0
        </coordinates>
      </Point>
    </Placemark>
    <Placemark>
      <name>ORDINANZA 2026/04367 
DIVIETO DI FERMATA E RESTRINGIMENTO DI CARREGGIATA
VIA CALDAROLA DA VIA MARESCIALLO VITTORIO MAGGIORE A VIA CAVALIERI DI VITTORIO VENETO
LAVORI DI REALIZZAZIONE DI UN SISTEMA BRT PER LA CITTÀ DI BARI 
IMPRESA ESECUTRICE: R.T.I. COBAR S.P.A. - MER MEC STE S.R.L.
21/09/2026 - 31/10/2026   
</name>
      <description><![CDATA[ORDINANZA 2026/04367 <br>https://drive.google.com/file/d/19k6aPgo_tjylJZ-M8djkhK7VnXeF1xwD/view<br><br>PROROGA DELL’ORDINANZA DIRIGENZIALE N. 2026/03852<br><br>LAVORI DI REALIZZAZIONE DI UN SISTEMA BRT PER LA CITTÀ DI BARI -<br>FINANZIATO DALLA UNIONE EUROPEA NEXT GENERATION EU -<br>TRASPORTO RAPIDO DI MASSA - MISURA M2C2 - INV 4.2 DEL PNRR - CUP:<br>J91B21002850001<br>REGOLAMENTAZIONE TEMPORANEA DELLA CIRCOLAZIONE STRADALE SU<br>VIA CALDAROLA FINO AL GIORNO 31.10.2026<br>IMPRESA ESECUTRICE: R.T.I. COBAR S.P.A. - MER MEC STE S.R.L.<br><br><br>Durata e tempistiche: 21/09/2026 - 31/10/2026 <br><br>PROROGATA FINO 20/09/2026<br>Ordinanza 2026/03852<br>https://drive.google.com/file/d/11C3RgNGiCDXSrxPrJLr1UoSdtRakDjks/view<br><br>PROROGATA FINO AL 21/08/2026<br>ORDINANZA 2026/03528<br>https://drive.google.com/file/d/172YoJ92l8MTj15Q5zsm1KRalDGjA3Emy/view <br><br>PROROGATA FINO AL 24/07/2026<br>ORDINANZA 2026/03047<br>https://drive.google.com/file/d/1aF3mlh5LG0YcjquVjquD9ShsOJwyb8c-/view<br><br>PROROGATA FINO AL 24/06/2026<br>ORDINANZA 2026/02595<br>https://drive.google.com/file/d/1zy5MJvXb-bSd-E6Yj4K-djgOpNs3FD0C/view<br>----<br>PROROGATA FINO AL 24/05/2026 DALLA 2026/01986<br>https://drive.google.com/file/d/1jfN4jYiMuCGExWSm4B_yDGgUxQPd-kwU/view<br><br>ORDINANZA 2026/01427 <br><br>https://drive.google.com/file/d/11eA8bo6TWlYngNOlPP6wVvgazYwjOwRE/view<br><br>PROROGA DELL’ORDINANZA DIRIGENZIALE N. 2026/00891 LAVORI DI REALIZZAZIONE DI UN SISTEMA BRT PER LA CITTÀ DI BARI - FINANZIATO DALLA UNIONE EUROPEA NEXT GENERATION EU - TRASPORTO RAPIDO DI MASSA - MISURA M2C2 - INV 4.2 DEL PNRR - CUP: J91B21002850001 REGOLAMENTAZIONE TEMPORANEA DELLA CIRCOLAZIONE STRADALE SU VIA CALDAROLA FINO AL GIORNO 24.04.2026 IMPRESA ESECUTRICE: R.T.I. COBAR S.P.A. - MER MEC STE S.R.L. <br>1) Istituzione del divieto di fermata su via Caldarola, su entrambe le carreggiate, nel tratto stradale compreso tra via Maresciallo Vittorio Maggiore e via Cavalieri di Vittorio Veneto 2) Istituzione del restringimento di carreggiata su via Caldarola, su entrambe le carreggiate, nel tratto stradale compreso tra via Maresciallo Vittorio Maggiore e via Cavalieri di Vittorio Veneto<br>Durata e tempistiche: 23/03/2026 - 24/04/2026  <br><br>ORDINANZA 2026/00891 <br>PROROGA DELL’ORDINANZA DIRIGENZIALE N. 2026/00354<br><br>https://drive.google.com/file/d/15NL8937WW0HJGWSr7-Wwe1Dtn5m-7lyl/view<br><br>PROROGA DELL’ORDINANZA DIRIGENZIALE N. 2026/00354 LAVORI DI REALIZZAZIONE DI UN SISTEMA BRT PER LA CITTÀ DI BARI - FINANZIATO DALLA UNIONE EUROPEA NEXT GENERATION EU - TRASPORTO RAPIDO DI MASSA - MISURA M2C2 - INV 4.2 DEL PNRR - CUP: J91B21002850001 REGOLAMENTAZIONE TEMPORANEA DELLA CIRCOLAZIONE STRADALE SU VIA CALDAROLA FINO AL GIORNO 24.03.2026 IMPRESA ESECUTRICE: R.T.I. COBAR S.P.A. - MER MEC STE S.R.L.<br><br>1) Istituzione del divieto di fermata su via Caldarola, su entrambe le carreggiate, nel tratto stradale compreso tra via Maresciallo Vittorio Maggiore e via Cavalieri di Vittorio Veneto <br>2) Istituzione del restringimento di carreggiata su via Caldarola, su entrambe le carreggiate, nel tratto stradale compreso tra via Maresciallo Vittorio Maggiore e via Cavalieri di Vittorio Veneto <br><br>Durata e tempistiche: 03/03/2026 - 24/03/2026  <br><br>2026/00354 <br>proroga 2025/04038<br>https://drive.google.com/file/d/1IoSTENjtVO14YZzvC3KuLAsfRnK4vCOy/view <br><br>PROROGA: 23/01/2026 - 24/02/2026 <br><br>2025/03780<br>https://drive.google.com/file/d/1ISNmpw_6s235hinGZBGKRvZLatZjjms-/view<br><br>LAVORI DI REALIZZAZIONE DI UN SISTEMA BRT PER LA CITTÀ DI BARI - FINANZIATO DALLA UNIONE EUROPEA NEXT GENERATION EU - TRASPORTO RAPIDO DI MASSA - MISURA M2C2 - INV 4.2 DEL PNRR - CUP: J91B21002850001 RESTRINGIMENTO CARREGGIATA VIA CALDAROLA NEL TRATTO COMPRESO VIA MARESCIALLO VITTORIO MAGGIORE E VIA CAVALIERI DI VITTORIO VENETO DALL'ESECUTIVITÀ DEL PRESENTE PROVVEDIMENTO FINO AL GIORNO 24.12.2025 IMPRESA ESECUTRICE: R.T.I. COBAR S.P.A. - MER MEC STE S.R.L<br><br>Restringimento Carreggiata via Caldarola nel tratto compreso via Maresciallo Vittorio Maggiore e via Cavalieri di Vittorio Veneto<br><br>Dagli obblighi e divieti di cui al punto 1) sono esclusi: i) i veicoli al servizio, ovvero di]]></description>
      <styleUrl>#line-E65100-5069</styleUrl>
      <LineString>
        <tessellate>1</tessellate>
        <coordinates>
          16.8937406,41.1084985,0
          16.8953553,41.1078478,0
        </coordinates>
      </LineString>
    </Placemark>
    <Placemark>
      <name>ORDINANZA 2026/03306 
RESTRINGIMENTO CARREGGIATA, DIVIETO DI FERMATA
VIA GAETANO SALVEMINI TRA VIA OMODEO E VIA ORABONA
LAVORI DEL PIRP DI SAN MARCELLO 
RICHIEDENTE : PIRP SAN MARCELLO S.R.L. 
06/07/2026 - 06/10/2026 
</name>
      <description><![CDATA[ORDINANZA 2026/03306 <br><br>https://drive.google.com/file/d/1Y_g-d5XsGdytylu_M6dliKqrmvsg8xpy/view<br><br>REALIZZAZIONE NEL CONTESTO DELLE EDIFICAZIONI DEL PIRP SAN MARCELLO DI: SISTEMAZIONI ESTERNE; PISTE CICLABILI VIA OMODEO – RACCORDO VIA AMENDOLA; PISTE CICLABILIVIA ORABONA – VIA FANELLI – RACCORDO VIALE UNITÀ D’ITALIA REGOLAMENTAZIONE TEMPORANEA DELLA CIRCOLAZIONE SULLA VIA GAETANO SALVEMINI NELL’AMBITO DEI LAVORI DEL PIRP DI SAN MARCELLO DALL’ESECUTIVITÀ DELLA PRESENTE ORDINANZA E PER 3(TRE) MESI . RICHIEDENTE : PIRP SAN MARCELLO S.R.L. <br><br>a) L’istituzione del restringimento di carreggiata per entrambe le carreggiate di via Gaetano Salvemini nel tratto compreso tra via Omodeo e via Orabona ; b) L’istituzione del divieto di fermata su ambo i lati per entrambe le carreggiate di via Gaetano Salvemini nel tratto compreso tra via Omodeo e via Orabona ; c) L’istituzione del limite massimo di velocità pari a trenta chilometri orari a tutti i veicoli in avvicinamento alle aree interessate dai lavor <br><br>Durata e tempistiche: 06/07/2026 - 06/10/2026 <br> <br><br>https://drive.google.com/file/d/1m8VBjzRyn-ZmB4BFZy2eWK5bafPRFmIB/view<br><br>2026/00355<br><br>REALIZZAZIONE NEL CONTESTO DELLE EDIFICAZIONI DEL PIRP SAN<br>MARCELLO - REGOLAMENTAZIONE DELLA CIRCOLAZIONE STRADALE SU<br>VIA GAETANO SALVEMINI NEL TRATTO COMPRESO TRA VIA OMODEO E VIA<br>ORABONA FINO AL GIORNO 22.06.2026<br><br>Dall’esecutività della presente ordinanza fino al giorno 22.06.2026 sono istituiti i seguenti provvedimenti<br>temporanei di circolazione:<br>a) L’istituzione del restringimento di carreggiata per entrambe le carreggiate di via Gaetano Salvemini nel tratto<br>compreso tra via Omodeo e via Orabona ;<br>b) L’istituzione del divieto di fermata su ambo i lati per entrambe le carreggiate di via Gaetano Salvemini nel tratto<br>compreso tra via Omodeo e via Orabona ;<br>c) L’istituzione del limite massimo di velocità pari a trenta chilometri orari a tutti i veicoli in avvicinamento alle aree<br>interessate dai lavori;<br>d) dai divieti di cui al punto 1) sono esclusi:<br>i) i veicoli al servizio, ovvero di proprietà dell’impresa esecutrice dei lavori e sue subappaltatrici;<br>ii) i veicoli delle forze dell’ordine, dei vigili del fuoco e delle ambulanze durante l’espletamento di servizi<br>d’istituto e di soccorso pubblico e d’emergenza;<br>iii) i veicoli al servizio di persone con limitate o impedite capacità motorie;<br>termine e durata 23/01/2026 al 22/06/2026]]></description>
      <styleUrl>#icon-1541-E65100</styleUrl>
      <Point>
        <coordinates>
          16.8809555,41.1074002,0
        </coordinates>
      </Point>
    </Placemark>
    <Placemark>
      <name>ORDINANZA 2026/03306 
RESTRINGIMENTO CARREGGIATA, DIVIETO DI FERMATA
VIA GAETANO SALVEMINI TRA VIA OMODEO E VIA ORABONA
LAVORI DEL PIRP DI SAN MARCELLO 
RICHIEDENTE : PIRP SAN MARCELLO S.R.L. 
06/07/2026 - 06/10/2026 

</name>
      <description><![CDATA[ORDINANZA 2026/03306 <br><br>https://drive.google.com/file/d/1Y_g-d5XsGdytylu_M6dliKqrmvsg8xpy/view<br><br>REALIZZAZIONE NEL CONTESTO DELLE EDIFICAZIONI DEL PIRP SAN MARCELLO DI: SISTEMAZIONI ESTERNE; PISTE CICLABILI VIA OMODEO – RACCORDO VIA AMENDOLA; PISTE CICLABILIVIA ORABONA – VIA FANELLI – RACCORDO VIALE UNITÀ D’ITALIA REGOLAMENTAZIONE TEMPORANEA DELLA CIRCOLAZIONE SULLA VIA GAETANO SALVEMINI NELL’AMBITO DEI LAVORI DEL PIRP DI SAN MARCELLO DALL’ESECUTIVITÀ DELLA PRESENTE ORDINANZA E PER 3(TRE) MESI . RICHIEDENTE : PIRP SAN MARCELLO S.R.L. <br><br>a) L’istituzione del restringimento di carreggiata per entrambe le carreggiate di via Gaetano Salvemini nel tratto compreso tra via Omodeo e via Orabona ; b) L’istituzione del divieto di fermata su ambo i lati per entrambe le carreggiate di via Gaetano Salvemini nel tratto compreso tra via Omodeo e via Orabona ; c) L’istituzione del limite massimo di velocità pari a trenta chilometri orari a tutti i veicoli in avvicinamento alle aree interessate dai lavor <br><br>Durata e tempistiche: 06/07/2026 - 06/10/2026 <br> <br><br>https://drive.google.com/file/d/1m8VBjzRyn-ZmB4BFZy2eWK5bafPRFmIB/view<br><br>2026/00355<br><br>REALIZZAZIONE NEL CONTESTO DELLE EDIFICAZIONI DEL PIRP SAN<br>MARCELLO - REGOLAMENTAZIONE DELLA CIRCOLAZIONE STRADALE SU<br>VIA GAETANO SALVEMINI NEL TRATTO COMPRESO TRA VIA OMODEO E VIA<br>ORABONA FINO AL GIORNO 22.06.2026<br><br>Dall’esecutività della presente ordinanza fino al giorno 22.06.2026 sono istituiti i seguenti provvedimenti<br>temporanei di circolazione:<br>a) L’istituzione del restringimento di carreggiata per entrambe le carreggiate di via Gaetano Salvemini nel tratto<br>compreso tra via Omodeo e via Orabona ;<br>b) L’istituzione del divieto di fermata su ambo i lati per entrambe le carreggiate di via Gaetano Salvemini nel tratto<br>compreso tra via Omodeo e via Orabona ;<br>c) L’istituzione del limite massimo di velocità pari a trenta chilometri orari a tutti i veicoli in avvicinamento alle aree<br>interessate dai lavori;<br>d) dai divieti di cui al punto 1) sono esclusi:<br>i) i veicoli al servizio, ovvero di proprietà dell’impresa esecutrice dei lavori e sue subappaltatrici;<br>ii) i veicoli delle forze dell’ordine, dei vigili del fuoco e delle ambulanze durante l’espletamento di servizi<br>d’istituto e di soccorso pubblico e d’emergenza;<br>iii) i veicoli al servizio di persone con limitate o impedite capacità motorie;<br>termine e durata 23/01/2026 al 22/06/2026]]></description>
      <styleUrl>#line-E65100-7975</styleUrl>
      <LineString>
        <tessellate>1</tessellate>
        <coordinates>
          16.8807623,41.1078684,0
          16.881347,41.105962,0
        </coordinates>
      </LineString>
    </Placemark>
    <Placemark>
      <name>ORDINANZA 2026/04048 
DIVIETO DI FERMATA E DIVIETO DI TRANSITO
VIA MANZONI TRA PIAZZA GARIBALDI E VIA CALEFATI
VIA MANZONI TRA CORSO ITALIA E VIA PRINCIPE AMEDEO 
LAVORI DI RIQUALIFICAZIONE DI VIA MANZONI
IMPRESA ESECUTRICE: SOCIETÀ DROMOS APPALTI S.P.A.
08/09/2026 - 31/12/2026 
</name>
      <description><![CDATA[ORDINANZA 2026/04048 <br>https://drive.google.com/file/d/1FvrYwcH0NY4JOqYR9ZJNyqZpEz-_2Tlq/view<br><br>LAVORI DI RIQUALIFICAZIONE DI VIA MANZONI REGOLAMENTAZIONE TEMPORANEA DELLA CIRCOLAZIONE STRADALE SU VIA MANZONI NEI TRATTI COMPRESI TRA PIAZZA GARIBALDI E VIA CALEFATI E TRA CORSO ITALIA E VIA PRINCIPE AMEDEO FINO AL GIORNO 31.12.2026 IMPRESA ESECUTRICE: SOCIETÀ DROMOS APPALTI S.P.A. <br><br>Durata e tempistiche: 08/09/2026 - 31/12/2026 <br><br>ORDINANZA 2026/03274 <br><br>https://drive.google.com/file/d/1ZBgsCzR-O5UEjr6tgQbGTI72I3-k3m0k/view<br><br><br>PROCEDURA NEGOZIATA PN23023 PER LA CONCLUSIONE DI UN ACCORDO QUADRO QUADRIENNALE PER L'AFFIDAMENTO CONGIUNTO DI PROGETTAZIONE ESECUTIVA ED ESECUZIONE DEI "LAVORI DI RIQUALIFICAZIONE DI VIA MANZONI" – ACCORDO QUADRO CIG: 9934949346 1° CONTRATTO ATTUATIVO CUP: J91B21001180001 – CIG: A065861BA9 2° CONTRATTO ATTUATIVO CUP: J98E22000030003 – CIG: A06586D592 RICHIESTA ORDINANZA PER CHIUSURA AL TRAFFICO VEICOLARE H 24, DIVIETO DI SOSTA E FERMATA AMBO I LATI CON RIMOZIONE, SU VIA MANZONI NEI TRATTI COMPRESI TRA P.ZZA GARIBALDI E VIA CALEFATI E CORSO ITALIA E VIA PRINCIPE AMEDEO DAL GIORNO 01/07/2026 AL 01/09/2026 IMPRESA ESECUTRICE: SOCIETÀ DROMOS APPALTI S.P.A. CON SEDE LEGALE IN VIA PO N. 31 <br><br>Durata e tempistiche: 01/07/2026 - 01/09/2026 <br><br>2026/00399 <br><br>https://drive.google.com/file/d/1op0_ljbF4lwUzOdbzrajcLWR4u5asjQ6/view<br><br>PROCEDURA NEGOZIATA PN23023 PER LA CONCLUSIONE DI UN ACCORDO QUADRO QUADRIENNALE PER L'AFFIDAMENTO CONGIUNTO DI PROGETTAZIONE ESECUTIVA ED ESECUZIONE DEI "LAVORI DI RIQUALIFICAZIONE DI VIA MANZONI" – ACCORDO QUADRO CIG: 9934949346 1° CONTRATTO ATTUATIVO CUP: J91B21001180001 – CIG: A065861BA9 2° CONTRATTO ATTUATIVO CUP: J98E22000030003 – CIG: A06586D592 RICHIESTA ORDINANZA PER CHIUSURA AL TRAFFICO VEICOLARE H 24, DIVIETO DI SOSTA E FERMATA AMBO I LATI CON RIMOZIONE, SU VIA MANZONI NEI TRATTI COMPRESI TRA P.ZZA GARIBALDI E VIA CALEFATI DAL GIORNO 02/02/2026 AL 30/06/2026 IMPRESA ESECUTRICE: SOCIETÀ DROMOS APPALTI S.P.A. CON SEDE LEGALE IN VIA PO N. 31 <br><br>1) divieto di sosta e fermata con rimozione, e chiusura al traffico Veicolare H24 su via Manzoni nei tratti compresi tra P.zza Garibaldi e Via Calefati.<br><br>Durata e tempistiche: 02/02/2026 - 30/06/2026 h24]]></description>
      <styleUrl>#icon-1541-E65100</styleUrl>
      <Point>
        <coordinates>
          16.8607874,41.1245121,0
        </coordinates>
      </Point>
    </Placemark>
    <Placemark>
      <name>ORDINANZA 2026/04048 
DIVIETO DI FERMATA E DIVIETO DI TRANSITO
VIA MANZONI TRA PIAZZA GARIBALDI E VIA CALEFATI
VIA MANZONI TRA CORSO ITALIA E VIA PRINCIPE AMEDEO 
LAVORI DI RIQUALIFICAZIONE DI VIA MANZONI
IMPRESA ESECUTRICE: SOCIETÀ DROMOS APPALTI S.P.A.
08/09/2026 - 31/12/2026 
</name>
      <description><![CDATA[ORDINANZA 2026/04048 <br>https://drive.google.com/file/d/1FvrYwcH0NY4JOqYR9ZJNyqZpEz-_2Tlq/view<br><br>LAVORI DI RIQUALIFICAZIONE DI VIA MANZONI REGOLAMENTAZIONE TEMPORANEA DELLA CIRCOLAZIONE STRADALE SU VIA MANZONI NEI TRATTI COMPRESI TRA PIAZZA GARIBALDI E VIA CALEFATI E TRA CORSO ITALIA E VIA PRINCIPE AMEDEO FINO AL GIORNO 31.12.2026 IMPRESA ESECUTRICE: SOCIETÀ DROMOS APPALTI S.P.A. <br><br>Durata e tempistiche: 08/09/2026 - 31/12/2026 <br><br>ORDINANZA 2026/03274 <br><br>https://drive.google.com/file/d/1ZBgsCzR-O5UEjr6tgQbGTI72I3-k3m0k/view<br><br><br>PROCEDURA NEGOZIATA PN23023 PER LA CONCLUSIONE DI UN ACCORDO QUADRO QUADRIENNALE PER L'AFFIDAMENTO CONGIUNTO DI PROGETTAZIONE ESECUTIVA ED ESECUZIONE DEI "LAVORI DI RIQUALIFICAZIONE DI VIA MANZONI" – ACCORDO QUADRO CIG: 9934949346 1° CONTRATTO ATTUATIVO CUP: J91B21001180001 – CIG: A065861BA9 2° CONTRATTO ATTUATIVO CUP: J98E22000030003 – CIG: A06586D592 RICHIESTA ORDINANZA PER CHIUSURA AL TRAFFICO VEICOLARE H 24, DIVIETO DI SOSTA E FERMATA AMBO I LATI CON RIMOZIONE, SU VIA MANZONI NEI TRATTI COMPRESI TRA P.ZZA GARIBALDI E VIA CALEFATI E CORSO ITALIA E VIA PRINCIPE AMEDEO DAL GIORNO 01/07/2026 AL 01/09/2026 IMPRESA ESECUTRICE: SOCIETÀ DROMOS APPALTI S.P.A. CON SEDE LEGALE IN VIA PO N. 31 <br><br>Durata e tempistiche: 01/07/2026 - 01/09/2026 <br><br>2026/00399 <br><br>https://drive.google.com/file/d/1op0_ljbF4lwUzOdbzrajcLWR4u5asjQ6/view<br><br>PROCEDURA NEGOZIATA PN23023 PER LA CONCLUSIONE DI UN ACCORDO QUADRO QUADRIENNALE PER L'AFFIDAMENTO CONGIUNTO DI PROGETTAZIONE ESECUTIVA ED ESECUZIONE DEI "LAVORI DI RIQUALIFICAZIONE DI VIA MANZONI" – ACCORDO QUADRO CIG: 9934949346 1° CONTRATTO ATTUATIVO CUP: J91B21001180001 – CIG: A065861BA9 2° CONTRATTO ATTUATIVO CUP: J98E22000030003 – CIG: A06586D592 RICHIESTA ORDINANZA PER CHIUSURA AL TRAFFICO VEICOLARE H 24, DIVIETO DI SOSTA E FERMATA AMBO I LATI CON RIMOZIONE, SU VIA MANZONI NEI TRATTI COMPRESI TRA P.ZZA GARIBALDI E VIA CALEFATI DAL GIORNO 02/02/2026 AL 30/06/2026 IMPRESA ESECUTRICE: SOCIETÀ DROMOS APPALTI S.P.A. CON SEDE LEGALE IN VIA PO N. 31 <br><br>1) divieto di sosta e fermata con rimozione, e chiusura al traffico Veicolare H24 su via Manzoni nei tratti compresi tra P.zza Garibaldi e Via Calefati.<br><br>Durata e tempistiche: 02/02/2026 - 30/06/2026 h24]]></description>
      <styleUrl>#line-E65100-4488</styleUrl>
      <LineString>
        <tessellate>1</tessellate>
        <coordinates>
          16.8610004,41.1235711,0
          16.8608368,41.1252481,0
        </coordinates>
      </LineString>
    </Placemark>
    <Placemark>
      <name>ORDINANZA 2026/00401
DIVIETO DI SOSTA E RESTRINGIMENTO DI CARREGGIATA
VIA A. MANZONI INCROCIO VIA M. GARRUBA E VIA A. MANZONI INCROCIO VIA S. CRISANZIO
SPOSTAMENTO RETE OPEN FIBER
IMPRESA ESECUTRICE: COGEPA SPA
02/02/2026 - fine lavori 
08:00-17:00
</name>
      <description><![CDATA[2026/00401 <br><br>https://drive.google.com/file/d/1-KS_WjMLv6Rui18RW8M4_r1o9fAlDiOf/view<br><br>ISTITUZIONE TEMPORANEA DEL RESTRINGIMENTO DELLA CARREGGIATA ED IL DIVIETO DI SOSTA IN VIA A. MANZONI INCROCIO VIA M. GARRUBA E VIA A. MANZONI INCROCIO VIA S. CRISANZIO IN DATA 02/02/2026 DALLE ORE 08:00 ALLE ORE 17:00 FINO AL COMPLETAMENTO DELLE OPERE PER SPOSTAMENTO RETE OPEN FIBER A SEGUITO LAVORAZIONI IN VIA A. MANZONI RICHIEDENTE: OPEN FIBER SPA IMPRESA : COGEPA SPA<br><br> restringimento della carreggiata ed il divieto di sosta in : <br>1) Via A. Manzoni incrocio Via M. Garruba <br>2)Via A. Manzoni incrocio Via S. Crisanzio :<br><br>Durata e tempistiche: 02/02/2026 - fine lavori 08:00-17:00]]></description>
      <styleUrl>#icon-1541-E65100</styleUrl>
      <Point>
        <coordinates>
          16.8613771,41.120083,0
        </coordinates>
      </Point>
    </Placemark>
    <Placemark>
      <name>ORDINANZA 2026/00401
DIVIETO DI SOSTA E RESTRINGIMENTO DI CARREGGIATA
VIA A. MANZONI INCROCIO VIA M. GARRUBA E VIA A. MANZONI INCROCIO VIA S. CRISANZIO
SPOSTAMENTO RETE OPEN FIBER
IMPRESA ESECUTRICE: COGEPA SPA
02/02/2026 - fine lavori 
08:00-17:00
</name>
      <description><![CDATA[2026/00401 <br><br>https://drive.google.com/file/d/1-KS_WjMLv6Rui18RW8M4_r1o9fAlDiOf/view<br><br>ISTITUZIONE TEMPORANEA DEL RESTRINGIMENTO DELLA CARREGGIATA ED IL DIVIETO DI SOSTA IN VIA A. MANZONI INCROCIO VIA M. GARRUBA E VIA A. MANZONI INCROCIO VIA S. CRISANZIO IN DATA 02/02/2026 DALLE ORE 08:00 ALLE ORE 17:00 FINO AL COMPLETAMENTO DELLE OPERE PER SPOSTAMENTO RETE OPEN FIBER A SEGUITO LAVORAZIONI IN VIA A. MANZONI RICHIEDENTE: OPEN FIBER SPA IMPRESA : COGEPA SPA<br><br> restringimento della carreggiata ed il divieto di sosta in : <br>1) Via A. Manzoni incrocio Via M. Garruba <br>2)Via A. Manzoni incrocio Via S. Crisanzio :<br><br>Durata e tempistiche: 02/02/2026 - fine lavori 08:00-17:00]]></description>
      <styleUrl>#line-E65100-4681</styleUrl>
      <LineString>
        <tessellate>1</tessellate>
        <coordinates>
          16.8613182,41.1201234,0
          16.8614066,41.1194182,0
        </coordinates>
      </LineString>
    </Placemark>
    <Placemark>
      <name>ORDINANZA 2026/00553
DIVIETO DI SOSTA CON RIMOZIONE 
VIA ITALO BALBO (FIANCO) CIV. 16
RECINZIONE PER AREA DI CANTIERE	
IMPRESA ESECUTRICE: DI GROUP BUILDINGS S.R.L.
DAL 06/02/2026 AL 07/01/2027
</name>
      <description><![CDATA[2026/00553<br><br>https://drive.google.com/file/d/1x3TInKyonZw7cb_EPafwuFkcXUIZgRjv/view<br><br>ORDINANZA PER TEMPORANEA ISTITUZIONE DEL DIVIETO DI SOSTA ZONA RIMOZIONE SU VIA ITALO BALBO (FIANCO) CIV. 16 CON RECINZIONE PER AREA DI CANTIERE DAL 06/02/2026 AL 07/01/2027. SOCIETÀ:DI GROUP BUILDINGS S.R.L. ISTANTE: DILERMA PIETRO <br><br>1. Istituzione temporanea del divieto di sosta-rimozione coatta su via Italo Balbo (fianco) civ. 16 con restringimento carreggiata, per un tratto di strada di mt. 9.62 x mt. 3.50, al fine di consentire sia la realizzazione dell’area di cantiere e sia il regolare transito veicolare, con altresì la realizzazione del corridoio pedonale adiacente l’area di cantiere; <br>2. Istituzione temporanea del divieto di sosta – rimozione coatta su via Italo Balbo dal civ. 21 all’intersezione con via Gen. G. Vacca, al fine di consentire sia la realizzazione dell’area di cantiere e sia il regolare transito veicolare, con altresì la realizzazione del corridoio pedonale adiacente l’area di cantiere e in particolare per tutto il periodo nelle giornate del mercoledì dalle ore 07:00 alle ore 15:00; <br>3. L’istituzione temporanea del divieto di sosta – rimozione coatta su via Gen. Giovanni Vacca nel tratto compreso tra Corso Vittorio Emanuele e via Italo Balbo, lato destro secondo il senso unico di marcia in direzione della via Italo Balbo, al fine di consentire il transito in sicurezza dei mezzi diretti al cantiere edile nelle giornate specificate; <br>4. L’istituzione temporanea del divieto di sosta – rimozione coatta su via Caputo (civ. 21) altezza via Gen. Giovanni Valle, al fine di consentire il transito in sicurezza dei mezzi provenienti dal cantiere edile nelle giornate specificate; <br>5. Deroga al senso unico di circolazione su via Italo Balbo, tratto compreso tra via Gen. Giovanni Valle e via gen. Giovanni Vacca, e su via Gen. Giovanni Valle. Tratto compreso tra via Caputo e via Italo Balbo, al fine di consentire i transito dei mezzi in uscita dal cantiere edile; <br>6. Il passaggio dei veicoli dovrà essere effettuato a velocità particolarmente ridotta e accompagnato da movieri di idoneo equipaggiamento; <br>7. Dovrà essere previsto altresì il posizionamento di movieri alle intersezioni: via Caputo/via Gen. Giovanni Valle e via Gen. Giovanni Valle/via Italo Balbo ai fini della regolamentazione della circolazione stradale durante il transito dei veicoli in deroga ai sensi unici di circolazione;<br> 8. Il transito pedonale sul lato area di cantiere in via Italo Balbo dovrà essere salvaguardato mediante la realizzazione di un corridoio pedonale sul tratto di carreggiata adiacente l’occupazione, di dimensioni trasversali di mt. 1.00 e debitamente protetto da corrimano, accessibile anche a persone con ridotte capacità motorie, deambulanti anche con ausili ortopedici; <br>9. Occorrerà interdire il transito dei pedoni nell’area di cantiere con particolare attenzione all’eventuale zona sottostante il braccio operativo;<br> 10. Tutti i provvedimenti in contrasto con la presente sono momentaneamente e provvisoriamente sospesi e divengono nuovamente efficaci all’esaurimento dei termini previsti dal presente disposto;<br><br>Durata e tempistiche: 06/02/2026 - 07/01/2027]]></description>
      <styleUrl>#icon-1541-E65100</styleUrl>
      <Point>
        <coordinates>
          16.7629712,41.151351,0
        </coordinates>
      </Point>
    </Placemark>
    <Placemark>
      <name>ORDINANZA 2026/00553
DIVIETO DI SOSTA CON RIMOZIONE 
VIA ITALO BALBO (FIANCO) CIV. 16
RECINZIONE PER AREA DI CANTIERE	
IMPRESA ESECUTRICE: DI GROUP BUILDINGS S.R.L.
DAL 06/02/2026 AL 07/01/2027
</name>
      <description><![CDATA[2026/00553<br><br>https://drive.google.com/file/d/1x3TInKyonZw7cb_EPafwuFkcXUIZgRjv/view<br><br>ORDINANZA PER TEMPORANEA ISTITUZIONE DEL DIVIETO DI SOSTA ZONA RIMOZIONE SU VIA ITALO BALBO (FIANCO) CIV. 16 CON RECINZIONE PER AREA DI CANTIERE DAL 06/02/2026 AL 07/01/2027. SOCIETÀ:DI GROUP BUILDINGS S.R.L. ISTANTE: DILERMA PIETRO <br><br>1. Istituzione temporanea del divieto di sosta-rimozione coatta su via Italo Balbo (fianco) civ. 16 con restringimento carreggiata, per un tratto di strada di mt. 9.62 x mt. 3.50, al fine di consentire sia la realizzazione dell’area di cantiere e sia il regolare transito veicolare, con altresì la realizzazione del corridoio pedonale adiacente l’area di cantiere; <br>2. Istituzione temporanea del divieto di sosta – rimozione coatta su via Italo Balbo dal civ. 21 all’intersezione con via Gen. G. Vacca, al fine di consentire sia la realizzazione dell’area di cantiere e sia il regolare transito veicolare, con altresì la realizzazione del corridoio pedonale adiacente l’area di cantiere e in particolare per tutto il periodo nelle giornate del mercoledì dalle ore 07:00 alle ore 15:00; <br>3. L’istituzione temporanea del divieto di sosta – rimozione coatta su via Gen. Giovanni Vacca nel tratto compreso tra Corso Vittorio Emanuele e via Italo Balbo, lato destro secondo il senso unico di marcia in direzione della via Italo Balbo, al fine di consentire il transito in sicurezza dei mezzi diretti al cantiere edile nelle giornate specificate; <br>4. L’istituzione temporanea del divieto di sosta – rimozione coatta su via Caputo (civ. 21) altezza via Gen. Giovanni Valle, al fine di consentire il transito in sicurezza dei mezzi provenienti dal cantiere edile nelle giornate specificate; <br>5. Deroga al senso unico di circolazione su via Italo Balbo, tratto compreso tra via Gen. Giovanni Valle e via gen. Giovanni Vacca, e su via Gen. Giovanni Valle. Tratto compreso tra via Caputo e via Italo Balbo, al fine di consentire i transito dei mezzi in uscita dal cantiere edile; <br>6. Il passaggio dei veicoli dovrà essere effettuato a velocità particolarmente ridotta e accompagnato da movieri di idoneo equipaggiamento; <br>7. Dovrà essere previsto altresì il posizionamento di movieri alle intersezioni: via Caputo/via Gen. Giovanni Valle e via Gen. Giovanni Valle/via Italo Balbo ai fini della regolamentazione della circolazione stradale durante il transito dei veicoli in deroga ai sensi unici di circolazione;<br> 8. Il transito pedonale sul lato area di cantiere in via Italo Balbo dovrà essere salvaguardato mediante la realizzazione di un corridoio pedonale sul tratto di carreggiata adiacente l’occupazione, di dimensioni trasversali di mt. 1.00 e debitamente protetto da corrimano, accessibile anche a persone con ridotte capacità motorie, deambulanti anche con ausili ortopedici; <br>9. Occorrerà interdire il transito dei pedoni nell’area di cantiere con particolare attenzione all’eventuale zona sottostante il braccio operativo;<br> 10. Tutti i provvedimenti in contrasto con la presente sono momentaneamente e provvisoriamente sospesi e divengono nuovamente efficaci all’esaurimento dei termini previsti dal presente disposto;<br><br>Durata e tempistiche: 06/02/2026 - 07/01/2027]]></description>
      <styleUrl>#line-E65100-4488</styleUrl>
      <LineString>
        <tessellate>1</tessellate>
        <coordinates>
          16.7627647,41.1514985,0
          16.7631375,41.1513914,0
          16.7627942,41.1507613,0
        </coordinates>
      </LineString>
    </Placemark>
    <Placemark>
      <name>ORDINANZA 2026/03976 
RESTRINGIMENTO CARREGGIATA, DIVIETO DI FERMATA
VIALE EMANUELE ORLANDO
LAVORI DI REALIZZAZIONE DI UN SISTEMA BRT PER LA CITTÀ DI BARI
IMPRESA ESECUTRICE: R.T.I. COBAR S.P.A. - MER MEC STE S.R.L.
01/09/2026 - 31/10/2026 
</name>
      <description><![CDATA[ORDINANZA 2026/03975 <br><br>https://drive.google.com/file/d/1Bg2a7Dv371Br4XCNcmKGXDZ_JzlOP7Wx/view<br><br>PROROGA ORDINANZA N. 2026/03751 LAVORI DI REALIZZAZIONE DI UN SISTEMA BRT PER LA CITTÀ DI BARI - FINANZIATO DALLA UNIONE EUROPEA NEXT GENERATION EU - TRASPORTO RAPIDO DI MASSA - MISURA M2C2 - INV 4.2 DEL PNRR - CUP: J91B21002850001 ISTITUZIONE TEMPORANEA DEL RESTRINGIMENTO DI CARREGGIATA E IL DIVIETO DI FERMATA A TUTTI I VEICOLI SU VIALE EMANUELE ORLANDO, SU ENTRAMBE LE CARREGGIATE DALLA DATA DI EMANAZIONE DELLA PRESENTE ORDINANZA AL 31.10.2026 IMPRESA ESECUTRICE: R.T.I. COBAR S.P.A. - MER MEC STE S.R.L. <br><br>Durata e tempistiche: 01/09/2026 - 31/10/2026 <br><br>PROROGATA FINO AL 31/08/2026<br>DALLA Ordinanza 2026/03751<br>https://drive.google.com/file/d/1d6EA9S-B5P_kFrBIXQSJhPDXMFoDUQAj/view<br><br>----------------<br>ORDINANZA 2026/03241<br>https://drive.google.com/file/d/1wKalbmNBzaXrt2pIiTPO0ni1Vinekfp-/view<br>PROROGA AL 31.07.2026 IMPRESA ESECUTRICE: R.T.I. COBAR S.P.A. - MER MEC STE S.R.L. <br>Durata e tempistiche: 01/07/2026 - 31/07/2026 <br>---------------------<br>PROROGATA DALLA <br>2026/02744<br>https://drive.google.com/file/d/18L-P_4x4oCcBNFcyLuiwbSi-NCNZrCxG/view<br>FINO AL 30/06/2026<br>--------<br>ORDINANZA 2026/02422 <br><br>https://drive.google.com/file/d/1vGrd2lSu6NjTOxetGT4F-7eiLCw25clR/view<br>Durata e tempistiche: 11/05//2026 - 11/06/2026<br>--------<br>ORDINANZA 2026/01847 <br><br>https://drive.google.com/file/d/1lqsgKvM-wPXe_ebzdR7LSDGGQNQAjxB7/view<br><br>LAVORI DI REALIZZAZIONE DI UN SISTEMA BRT PER LA CITTÀ DI BARI - FINANZIATO DALLA UNIONE EUROPEA NEXT GENERATION EU - TRASPORTO RAPIDO DI MASSA - MISURA M2C2 - INV 4.2 DEL PNRR - CUP: J91B21002850001 ISTITUZIONE TEMPORANEA DEL RESTRINGIMENTO DI CARREGGIATA E IL DIVIETO DI FERMATA A TUTTI I VEICOLI SU VIALE EMANUELE ORLANDO, SU ENTRAMBE LE CARREGGIATE DALLA DATA DI EMANAZIONE DELLA PRESENTE ORDINANZA AL 10.05.2026 IMPRESA ESECUTRICE: R.T.I. COBAR S.P.A. - MER MEC STE S.R.L.<br><br>Durata e tempistiche: 10/04/2026 - 10/05/2026<br><br>ORDINANZA 2026/00907 <br><br>https://drive.google.com/file/d/14OzR_SInaoZmMtxb0hg73tB17AJWDIyP/view<br><br>PROROGA ORDINANZA N 2026/00584 LAVORI DI REALIZZAZIONE DI UN SISTEMA BRT PER LA CITTÀ DI BARI - FINANZIATO DALLA UNIONE EUROPEA NEXT GENERATION EU - TRASPORTO RAPIDO DI MASSA - MISURA M2C2 - INV 4.2 DEL PNRR - CUP: J91B21002850001 ISTITUZIONE TEMPORANEA DEL RESTRINGIMENTO DI CARREGGIATA E IL DIVIETO DI FERMATA A TUTTI I VEICOLI SU VIALE EMANUELE ORLANDO, SU ENTRAMBE LE CARREGGIATE DALLA DATA DI EMANAZIONE DELLA PRESENTE ORDINANZA AL 05/04/2026 IMPRESA ESECUTRICE: R.T.I. COBAR S.P.A. - MER MEC STE S.R.L.<br><br><br>Durata e tempistiche: 05/03/2026 - 31/03/2026 <br><br>2026/00584<br><br>https://drive.google.com/file/d/18tBytqiMCASNF3IAInrK6-rpYn9b9X2o/view<br><br>LAVORI DI REALIZZAZIONE DI UN SISTEMA BRT PER LA CITTÀ DI BARI - FINANZIATO DALLA UNIONE EUROPEA NEXT GENERATION EU - TRASPORTO RAPIDO DI MASSA - MISURA M2C2 - INV 4.2 DEL PNRR - CUP: J91B21002850001 ISTITUZIONE TEMPORANEA DEL RESTRINGIMENTO DI CARREGGIATA E IL DIVIETO DI FERMATA A TUTTI I VEICOLI SU VIALE EMANUELE ORLANDO, SU ENTRAMBE LE CARREGGIATE DALLA DATA DI EMANAZIONE DELLA PRESENTE ORDINANZA AL GIORNO 05.03.2026 IMPRESA ESECUTRICE: R.T.I. COBAR S.P.A. - MER MEC STE S.R.L.<br><br>a) L’istituzione del restringimento di carreggiata a tutti i veicoli su viale Emanuele Orlando, su entrambe le carreggiate.<br> b) L’istituzione del divieto di fermata a tutti i veicoli su viale Emanuele Orlando, su entrambe le carreggiate. <br>Dagli obblighi e divieti di cui al punto 2) sono esclusi: i) i veicoli al servizio, ovvero di proprietà dell’impresa esecutrice dei lavori e sue subappaltatrici; ii) i veicoli delle forze dell’ordine, dei vigili del fuoco e delle ambulanze durante l’espletamento di servizi d’istituto e di soccorso pubblico e d’emergenza; iii) i veicoli al servizio di persone con limitate o impedite capacità motorie; iv) i veicoli diretti agli accessi carrabili privati. <br><br><br>Durata e tempistiche: 05/02/2026 - 05/03/2026<br><br>Nell’ambito dei lavori per la realizzazione del sistema BRT - Bus Rapid Transit, finanz]]></description>
      <styleUrl>#icon-1541-E65100</styleUrl>
      <Point>
        <coordinates>
          16.8432898,41.1339686,0
        </coordinates>
      </Point>
    </Placemark>
    <Placemark>
      <name>ORDINANZA 2026/03976 
RESTRINGIMENTO CARREGGIATA, DIVIETO DI FERMATA
VIALE EMANUELE ORLANDO
LAVORI DI REALIZZAZIONE DI UN SISTEMA BRT PER LA CITTÀ DI BARI
IMPRESA ESECUTRICE: R.T.I. COBAR S.P.A. - MER MEC STE S.R.L.
01/09/2026 - 31/10/2026 
</name>
      <description><![CDATA[ORDINANZA 2026/03976 <br><br>https://drive.google.com/file/d/1Bg2a7Dv371Br4XCNcmKGXDZ_JzlOP7Wx/view<br><br>PROROGA ORDINANZA N. 2026/03751 LAVORI DI REALIZZAZIONE DI UN SISTEMA BRT PER LA CITTÀ DI BARI - FINANZIATO DALLA UNIONE EUROPEA NEXT GENERATION EU - TRASPORTO RAPIDO DI MASSA - MISURA M2C2 - INV 4.2 DEL PNRR - CUP: J91B21002850001 ISTITUZIONE TEMPORANEA DEL RESTRINGIMENTO DI CARREGGIATA E IL DIVIETO DI FERMATA A TUTTI I VEICOLI SU VIALE EMANUELE ORLANDO, SU ENTRAMBE LE CARREGGIATE DALLA DATA DI EMANAZIONE DELLA PRESENTE ORDINANZA AL 31.10.2026 IMPRESA ESECUTRICE: R.T.I. COBAR S.P.A. - MER MEC STE S.R.L. <br><br>Durata e tempistiche: 01/09/2026 - 31/10/2026 <br><br>PROROGATA FINO AL 31/08/2026<br>DALLA Ordinanza 2026/03751<br>https://drive.google.com/file/d/1d6EA9S-B5P_kFrBIXQSJhPDXMFoDUQAj/view<br>-----------------<br>ORDINANZA 2026/03241<br>https://drive.google.com/file/d/1wKalbmNBzaXrt2pIiTPO0ni1Vinekfp-/view<br>PROROGA AL 31.07.2026 IMPRESA <br>Durata e tempistiche: 01/07/2026 - 31/07/2026 <br><br>PROROGATA DALLA <br>2026/02744<br>https://drive.google.com/file/d/18L-P_4x4oCcBNFcyLuiwbSi-NCNZrCxG/view<br>FINO AL 30/06/2026<br>-----<br>ORDINANZA 2026/02422 <br>https://drive.google.com/file/d/1vGrd2lSu6NjTOxetGT4F-7eiLCw25clR/view<br>Durata e tempistiche: 11/05//2026 - 11/06/2026<br><br>ORDINANZA 2026/01847 <br><br>https://drive.google.com/file/d/1lqsgKvM-wPXe_ebzdR7LSDGGQNQAjxB7/view<br><br>LAVORI DI REALIZZAZIONE DI UN SISTEMA BRT PER LA CITTÀ DI BARI - FINANZIATO DALLA UNIONE EUROPEA NEXT GENERATION EU - TRASPORTO RAPIDO DI MASSA - MISURA M2C2 - INV 4.2 DEL PNRR - CUP: J91B21002850001 ISTITUZIONE TEMPORANEA DEL RESTRINGIMENTO DI CARREGGIATA E IL DIVIETO DI FERMATA A TUTTI I VEICOLI SU VIALE EMANUELE ORLANDO, SU ENTRAMBE LE CARREGGIATE DALLA DATA DI EMANAZIONE DELLA PRESENTE ORDINANZA AL 10.05.2026 IMPRESA ESECUTRICE: R.T.I. COBAR S.P.A. - MER MEC STE S.R.L.<br><br>Durata e tempistiche: 10/04/2026 - 10/05/2026<br><br>ORDINANZA 2026/00907 <br><br>https://drive.google.com/file/d/14OzR_SInaoZmMtxb0hg73tB17AJWDIyP/view<br><br>PROROGA ORDINANZA N 2026/00584 LAVORI DI REALIZZAZIONE DI UN SISTEMA BRT PER LA CITTÀ DI BARI - FINANZIATO DALLA UNIONE EUROPEA NEXT GENERATION EU - TRASPORTO RAPIDO DI MASSA - MISURA M2C2 - INV 4.2 DEL PNRR - CUP: J91B21002850001 ISTITUZIONE TEMPORANEA DEL RESTRINGIMENTO DI CARREGGIATA E IL DIVIETO DI FERMATA A TUTTI I VEICOLI SU VIALE EMANUELE ORLANDO, SU ENTRAMBE LE CARREGGIATE DALLA DATA DI EMANAZIONE DELLA PRESENTE ORDINANZA AL 05/04/2026 IMPRESA ESECUTRICE: R.T.I. COBAR S.P.A. - MER MEC STE S.R.L.<br><br><br>Durata e tempistiche: 05/03/2026 - 31/03/2026 <br><br>2026/00584<br><br>https://drive.google.com/file/d/18tBytqiMCASNF3IAInrK6-rpYn9b9X2o/view<br><br>LAVORI DI REALIZZAZIONE DI UN SISTEMA BRT PER LA CITTÀ DI BARI - FINANZIATO DALLA UNIONE EUROPEA NEXT GENERATION EU - TRASPORTO RAPIDO DI MASSA - MISURA M2C2 - INV 4.2 DEL PNRR - CUP: J91B21002850001 ISTITUZIONE TEMPORANEA DEL RESTRINGIMENTO DI CARREGGIATA E IL DIVIETO DI FERMATA A TUTTI I VEICOLI SU VIALE EMANUELE ORLANDO, SU ENTRAMBE LE CARREGGIATE DALLA DATA DI EMANAZIONE DELLA PRESENTE ORDINANZA AL GIORNO 05.03.2026 IMPRESA ESECUTRICE: R.T.I. COBAR S.P.A. - MER MEC STE S.R.L.<br><br>a) L’istituzione del restringimento di carreggiata a tutti i veicoli su viale Emanuele Orlando, su entrambe le carreggiate.<br> b) L’istituzione del divieto di fermata a tutti i veicoli su viale Emanuele Orlando, su entrambe le carreggiate. <br>Dagli obblighi e divieti di cui al punto 2) sono esclusi: i) i veicoli al servizio, ovvero di proprietà dell’impresa esecutrice dei lavori e sue subappaltatrici; ii) i veicoli delle forze dell’ordine, dei vigili del fuoco e delle ambulanze durante l’espletamento di servizi d’istituto e di soccorso pubblico e d’emergenza; iii) i veicoli al servizio di persone con limitate o impedite capacità motorie; iv) i veicoli diretti agli accessi carrabili privati. <br><br><br>Durata e tempistiche: 05/02/2026 - 05/03/2026<br><br>Nell’ambito dei lavori per la realizzazione del sistema BRT - Bus Rapid Transit, finanziato con fondi dell’Unione Europea “Next Generation” - Trasporto rapido di massa - Mis]]></description>
      <styleUrl>#line-E65100-3906</styleUrl>
      <LineString>
        <tessellate>1</tessellate>
        <coordinates>
          16.844283,41.134061,0
          16.8413371,41.1334353,0
        </coordinates>
      </LineString>
    </Placemark>
    <Placemark>
      <name>ORDINANZA 2026/00609 
CHIUSURA AL TRANSITO VEICOLARE
VIA MARSALA
MANUTENZIONE STRAORDINARIA EDIFICIO
RICHIEDENTE: SIG. RA FACCILONGO ROSITA
01/02/2026 - 31/12/2026 
07:00 - 13:00
</name>
      <description><![CDATA[Ordinanza: 2026/00609<br><br>https://drive.google.com/file/d/18Tgxz-8CbVEI-TUAwRxP9hjawA0NKpFT/view<br><br>ORDINANZA PER ISTITUIRE TEMPORANEAMENTE UNA CHIUSURA AL<br>TRANSITO VEICOLARE SU VIA MARSALA CIVV 7-9 PER POSIZIONAMENTO<br>CASSONE RIFIUTI PER OPERAZIONE DI MANUTENZIONE STRAORDINARIA<br>ALL’EDIFICIO IVI UBICATO<br>ISTANTE: SIG. RA FACCILONGO ROSITA<br><br>Durata e tempistiche: 01/02/2026 - 31/12/2026 DALLE ORE 07:00 ALLE ORE 13:00.]]></description>
      <styleUrl>#icon-1541-E65100</styleUrl>
      <Point>
        <coordinates>
          16.8667247,41.0720482,0
        </coordinates>
      </Point>
    </Placemark>
    <Placemark>
      <name>ORDINANZA 2026/00609 
CHIUSURA AL TRANSITO VEICOLARE
VIA MARSALA
MANUTENZIONE STRAORDINARIA EDIFICIO
RICHIEDENTE: SIG. RA FACCILONGO ROSITA
01/02/2026 - 31/12/2026 
07:00 - 13:00
</name>
      <description><![CDATA[Ordinanza: 2026/00609<br><br>https://drive.google.com/file/d/18Tgxz-8CbVEI-TUAwRxP9hjawA0NKpFT/view<br><br>ORDINANZA PER ISTITUIRE TEMPORANEAMENTE UNA CHIUSURA AL<br>TRANSITO VEICOLARE SU VIA MARSALA CIVV 7-9 PER POSIZIONAMENTO<br>CASSONE RIFIUTI PER OPERAZIONE DI MANUTENZIONE STRAORDINARIA<br>ALL’EDIFICIO IVI UBICATO<br>ISTANTE: SIG. RA FACCILONGO ROSITA<br><br>Durata e tempistiche: 01/02/2026 - 31/12/2026 DALLE ORE 07:00 ALLE ORE 13:00.]]></description>
      <styleUrl>#line-E65100-3906</styleUrl>
      <LineString>
        <tessellate>1</tessellate>
        <coordinates>
          16.8666282,41.0719876,0
          16.868098,41.0715993,0
        </coordinates>
      </LineString>
    </Placemark>
    <Placemark>
      <name>ORDINANZA 2026/00619 
DIVIETO DI SOSTA CON RIMOZIONE FORZATA AMBO I LATI
DEROGA AL DIVIETO DI SOSTA
RESTRINGIMENTO DI CARREGGIATA
VIALE ARCHIMEDE (TRAVERSE E AREE A PARCHEGGIO)
VIA APPULO GUGLIELMO (TRAVERSE E AREE A PARCHEGGIO)
VIA GIUSTINA ROCCA- STRADA PANTALEO- AREA ADIACENTE AL PARCO
MAUGERI (CORSO G. MAZZINI ANGOLO VIA A. GARIBALDI)- VIA SAN
GIORGIO
LAVORI DI ADEGUAMENTO, RIQUALIFICAZIONE E
SISTEMAZIONE DELLE STRADE E DEI MARCIAPIEDI
IMPRESA ESECUTRICE: SCAF – SOCIETÀ COOPERATIVA APPALTATORI
FOGGIA VIA STEFANO CAVALIERE 23 – 71121 FOGGIA (FG)
10/02/2026 - 10/02/2027
</name>
      <description><![CDATA[2026/00619 <br><br>https://drive.google.com/file/d/10nN5Hh0pYjd-Ucv5-1rbfVoNXRi1ZVET/view<br><br>ACCORDO QUADRO:L24012 – PROCEDURA APERTA EX ART. 71 D.LGS. 36/2023, TRIENNALE, PER LAVORI DI ADEGUAMENTO, RIQUALIFICAZIONE E SISTEMAZIONE DELLE STRADE E DEI MARCIAPIEDI, DIVISO IN CINQUE LOTTI (MUNICIPI 1, 2, 3, 4, 5), ANNUALITÀ 2024/2025/2026.LOTTO 1 - MUNICIPIO 1 - CIG A.Q.:B 3EAE56C99 CONTRATTO ATTUATIVO 1 – CUP: J97H24002010004 – CIG: B96FB579E0 – DETERMINA DI AFFIDAMENTO DD 01065/2026 DEL 23/12/2025 CONTRATTO ATTUATIVO 2 – CUP: J97H24002020004 – CIG: B9702B4D6C – DETERMINA DI AFFIDAMENTO DD 01068/2026 DEL 29/12/2025 CONTRATTO ATTUATIVO 3 – CUP: J97H24002030004 – CIG: B97060AE2A – DETERMINA DI AFFIDAMENTO DD 01067/2026 DEL 29/12/2025 REGOLAMENTAZIONE ALLA CIRCOLAZIONE DAL 10/02/2026 PER 365 GIORNI SU:- VIALE ARCHIMEDE (TRAVERSE E AREE A PARCHEGGIO) - VIA APPULO GUGLIELMO (TRAVERSE E AREE A PARCHEGGIO)- VIA GIUSTINA ROCCA- STRADA PANTALEO- AREA ADIACENTE AL PARCO MAUGERI (CORSO G. MAZZINI ANGOLO VIA A. GARIBALDI)- VIA SAN GIORGIO .IMPRESA ESECUTRICE: SCAF – SOCIETÀ COOPERATIVA APPALTATORI FOGGIA VIA STEFANO CAVALIERE 23 – 71121 FOGGIA (FG) PEC: SCAF@PEC.CONFCOOPERATIVE.IT<br><br>1) Divieto di sosta con rimozione forzata ambo i lati, Deroga al divieto di sosta, Restringimento di carreggiata Autorizzazione in deroga all’Ordinanza Sindacale n. 2322 del 20/03/1991, al transito all’interno del perimetro individuato dalla stessa: Via B. Regina – Via B. Bari – Via Capruzzi – Via Oberdan – Via Di Vagno - Lungomare A. Di Crollalanza – P.zza IV Novembre – C.so V. Emanuele al veicolo con portata superiore ai 35 ql. al servizio dell’impresa esecutrice dei lavori su: <br>- Viale Archimede (esclusivamente tutte le traverse e le aree di parcheggio prospicienti) <br> Via Appulo Guglielmo (esclusivamente tutte le traverse e le aree di parcheggio prospicienti) <br>Via Giustina Rocca (intero tratto compreso tra Viale Archimede e Via Giorgio La Pira, incluso il tratto trasversale avente la medesima denominazione e i tratti perpendicolari a Via Giorgio La Pira) <br>Strada Pantaleo (tratto compreso tra Via Alfredo Giovine e il civico 15) <br>Area adiacente al Parco Maugeri (tutta l’area delimitata da Via Francesco Zampari, Corso G. Mazzini, Via A. Garibaldi e il Parco Maugeri) <br>Via San Giorgio (intera strada, delimitata tra la Strada detta della Marina e Via Michelangelo Interesse, incluso l’incrocio con Via Michelangelo Interesse) Il divieto di cui ai punto 1) dovrà essere adeguatamente segnalato mediante posizionamento di segnaletica mobile di preavviso da parte dell’impresa esecutrice, almeno 48 ore prima dell’intervento. <br><br><br>Durata e tempistiche: 10/02/2026 - 10/02/2027]]></description>
      <styleUrl>#icon-1541-E65100</styleUrl>
      <Point>
        <coordinates>
          16.9501929,41.0999317,0
        </coordinates>
      </Point>
    </Placemark>
    <Placemark>
      <name>ORDINANZA 2026/00619 
DIVIETO DI SOSTA CON RIMOZIONE FORZATA AMBO I LATI
DEROGA AL DIVIETO DI SOSTA
RESTRINGIMENTO DI CARREGGIATA
VIALE ARCHIMEDE (TRAVERSE E AREE A PARCHEGGIO)
VIA APPULO GUGLIELMO (TRAVERSE E AREE A PARCHEGGIO)
VIA GIUSTINA ROCCA- STRADA PANTALEO- AREA ADIACENTE AL PARCO
MAUGERI (CORSO G. MAZZINI ANGOLO VIA A. GARIBALDI)- VIA SAN
GIORGIO
LAVORI DI ADEGUAMENTO, RIQUALIFICAZIONE E
SISTEMAZIONE DELLE STRADE E DEI MARCIAPIEDI
IMPRESA ESECUTRICE: SCAF – SOCIETÀ COOPERATIVA APPALTATORI
FOGGIA VIA STEFANO CAVALIERE 23 – 71121 FOGGIA (FG)
10/02/2026 - 10/02/2027
</name>
      <description><![CDATA[2026/00619 <br><br>https://drive.google.com/file/d/10nN5Hh0pYjd-Ucv5-1rbfVoNXRi1ZVET/view<br><br>ACCORDO QUADRO:L24012 – PROCEDURA APERTA EX ART. 71 D.LGS. 36/2023, TRIENNALE, PER LAVORI DI ADEGUAMENTO, RIQUALIFICAZIONE E SISTEMAZIONE DELLE STRADE E DEI MARCIAPIEDI, DIVISO IN CINQUE LOTTI (MUNICIPI 1, 2, 3, 4, 5), ANNUALITÀ 2024/2025/2026.LOTTO 1 - MUNICIPIO 1 - CIG A.Q.:B 3EAE56C99 CONTRATTO ATTUATIVO 1 – CUP: J97H24002010004 – CIG: B96FB579E0 – DETERMINA DI AFFIDAMENTO DD 01065/2026 DEL 23/12/2025 CONTRATTO ATTUATIVO 2 – CUP: J97H24002020004 – CIG: B9702B4D6C – DETERMINA DI AFFIDAMENTO DD 01068/2026 DEL 29/12/2025 CONTRATTO ATTUATIVO 3 – CUP: J97H24002030004 – CIG: B97060AE2A – DETERMINA DI AFFIDAMENTO DD 01067/2026 DEL 29/12/2025 REGOLAMENTAZIONE ALLA CIRCOLAZIONE DAL 10/02/2026 PER 365 GIORNI SU:- VIALE ARCHIMEDE (TRAVERSE E AREE A PARCHEGGIO) - VIA APPULO GUGLIELMO (TRAVERSE E AREE A PARCHEGGIO)- VIA GIUSTINA ROCCA- STRADA PANTALEO- AREA ADIACENTE AL PARCO MAUGERI (CORSO G. MAZZINI ANGOLO VIA A. GARIBALDI)- VIA SAN GIORGIO .IMPRESA ESECUTRICE: SCAF – SOCIETÀ COOPERATIVA APPALTATORI FOGGIA VIA STEFANO CAVALIERE 23 – 71121 FOGGIA (FG) PEC: SCAF@PEC.CONFCOOPERATIVE.IT<br><br>1) Divieto di sosta con rimozione forzata ambo i lati, Deroga al divieto di sosta, Restringimento di carreggiata Autorizzazione in deroga all’Ordinanza Sindacale n. 2322 del 20/03/1991, al transito all’interno del perimetro individuato dalla stessa: Via B. Regina – Via B. Bari – Via Capruzzi – Via Oberdan – Via Di Vagno - Lungomare A. Di Crollalanza – P.zza IV Novembre – C.so V. Emanuele al veicolo con portata superiore ai 35 ql. al servizio dell’impresa esecutrice dei lavori su: <br>- Viale Archimede (esclusivamente tutte le traverse e le aree di parcheggio prospicienti) <br> Via Appulo Guglielmo (esclusivamente tutte le traverse e le aree di parcheggio prospicienti) <br>Via Giustina Rocca (intero tratto compreso tra Viale Archimede e Via Giorgio La Pira, incluso il tratto trasversale avente la medesima denominazione e i tratti perpendicolari a Via Giorgio La Pira) <br>Strada Pantaleo (tratto compreso tra Via Alfredo Giovine e il civico 15) <br>Area adiacente al Parco Maugeri (tutta l’area delimitata da Via Francesco Zampari, Corso G. Mazzini, Via A. Garibaldi e il Parco Maugeri) <br>Via San Giorgio (intera strada, delimitata tra la Strada detta della Marina e Via Michelangelo Interesse, incluso l’incrocio con Via Michelangelo Interesse) Il divieto di cui ai punto 1) dovrà essere adeguatamente segnalato mediante posizionamento di segnaletica mobile di preavviso da parte dell’impresa esecutrice, almeno 48 ore prima dell’intervento. <br><br><br>Durata e tempistiche: 10/02/2026 - 10/02/2027]]></description>
      <styleUrl>#icon-1541-E65100</styleUrl>
      <Point>
        <coordinates>
          16.8534132,41.1258203,0
        </coordinates>
      </Point>
    </Placemark>
    <Placemark>
      <name>ORDINANZA 2026/00619 
DIVIETO DI SOSTA CON RIMOZIONE FORZATA AMBO I LATI
DEROGA AL DIVIETO DI SOSTA
RESTRINGIMENTO DI CARREGGIATA
VIALE ARCHIMEDE (TRAVERSE E AREE A PARCHEGGIO)
VIA APPULO GUGLIELMO (TRAVERSE E AREE A PARCHEGGIO)
VIA GIUSTINA ROCCA- STRADA PANTALEO- AREA ADIACENTE AL PARCO
MAUGERI (CORSO G. MAZZINI ANGOLO VIA A. GARIBALDI)- VIA SAN
GIORGIO
LAVORI DI ADEGUAMENTO, RIQUALIFICAZIONE E
SISTEMAZIONE DELLE STRADE E DEI MARCIAPIEDI
IMPRESA ESECUTRICE: SCAF – SOCIETÀ COOPERATIVA APPALTATORI
FOGGIA VIA STEFANO CAVALIERE 23 – 71121 FOGGIA (FG)
10/02/2026 - 10/02/2027
</name>
      <description><![CDATA[2026/00619 <br><br>https://drive.google.com/file/d/10nN5Hh0pYjd-Ucv5-1rbfVoNXRi1ZVET/view<br><br>ACCORDO QUADRO:L24012 – PROCEDURA APERTA EX ART. 71 D.LGS. 36/2023, TRIENNALE, PER LAVORI DI ADEGUAMENTO, RIQUALIFICAZIONE E SISTEMAZIONE DELLE STRADE E DEI MARCIAPIEDI, DIVISO IN CINQUE LOTTI (MUNICIPI 1, 2, 3, 4, 5), ANNUALITÀ 2024/2025/2026.LOTTO 1 - MUNICIPIO 1 - CIG A.Q.:B 3EAE56C99 CONTRATTO ATTUATIVO 1 – CUP: J97H24002010004 – CIG: B96FB579E0 – DETERMINA DI AFFIDAMENTO DD 01065/2026 DEL 23/12/2025 CONTRATTO ATTUATIVO 2 – CUP: J97H24002020004 – CIG: B9702B4D6C – DETERMINA DI AFFIDAMENTO DD 01068/2026 DEL 29/12/2025 CONTRATTO ATTUATIVO 3 – CUP: J97H24002030004 – CIG: B97060AE2A – DETERMINA DI AFFIDAMENTO DD 01067/2026 DEL 29/12/2025 REGOLAMENTAZIONE ALLA CIRCOLAZIONE DAL 10/02/2026 PER 365 GIORNI SU:- VIALE ARCHIMEDE (TRAVERSE E AREE A PARCHEGGIO) - VIA APPULO GUGLIELMO (TRAVERSE E AREE A PARCHEGGIO)- VIA GIUSTINA ROCCA- STRADA PANTALEO- AREA ADIACENTE AL PARCO MAUGERI (CORSO G. MAZZINI ANGOLO VIA A. GARIBALDI)- VIA SAN GIORGIO .IMPRESA ESECUTRICE: SCAF – SOCIETÀ COOPERATIVA APPALTATORI FOGGIA VIA STEFANO CAVALIERE 23 – 71121 FOGGIA (FG) PEC: SCAF@PEC.CONFCOOPERATIVE.IT<br><br>1) Divieto di sosta con rimozione forzata ambo i lati, Deroga al divieto di sosta, Restringimento di carreggiata Autorizzazione in deroga all’Ordinanza Sindacale n. 2322 del 20/03/1991, al transito all’interno del perimetro individuato dalla stessa: Via B. Regina – Via B. Bari – Via Capruzzi – Via Oberdan – Via Di Vagno - Lungomare A. Di Crollalanza – P.zza IV Novembre – C.so V. Emanuele al veicolo con portata superiore ai 35 ql. al servizio dell’impresa esecutrice dei lavori su: <br>- Viale Archimede (esclusivamente tutte le traverse e le aree di parcheggio prospicienti) <br> Via Appulo Guglielmo (esclusivamente tutte le traverse e le aree di parcheggio prospicienti) <br>Via Giustina Rocca (intero tratto compreso tra Viale Archimede e Via Giorgio La Pira, incluso il tratto trasversale avente la medesima denominazione e i tratti perpendicolari a Via Giorgio La Pira) <br>Strada Pantaleo (tratto compreso tra Via Alfredo Giovine e il civico 15) <br>Area adiacente al Parco Maugeri (tutta l’area delimitata da Via Francesco Zampari, Corso G. Mazzini, Via A. Garibaldi e il Parco Maugeri) <br>Via San Giorgio (intera strada, delimitata tra la Strada detta della Marina e Via Michelangelo Interesse, incluso l’incrocio con Via Michelangelo Interesse) Il divieto di cui ai punto 1) dovrà essere adeguatamente segnalato mediante posizionamento di segnaletica mobile di preavviso da parte dell’impresa esecutrice, almeno 48 ore prima dell’intervento. <br><br><br>Durata e tempistiche: 10/02/2026 - 10/02/2027]]></description>
      <styleUrl>#icon-1541-E65100</styleUrl>
      <Point>
        <coordinates>
          16.9623677,41.095055,0
        </coordinates>
      </Point>
    </Placemark>
    <Placemark>
      <name>ORDINANZA 2026/00619 
DIVIETO DI SOSTA CON RIMOZIONE FORZATA AMBO I LATI
DEROGA AL DIVIETO DI SOSTA
RESTRINGIMENTO DI CARREGGIATA
VIALE ARCHIMEDE (TRAVERSE E AREE A PARCHEGGIO)
VIA APPULO GUGLIELMO (TRAVERSE E AREE A PARCHEGGIO)
VIA GIUSTINA ROCCA- STRADA PANTALEO- AREA ADIACENTE AL PARCO
MAUGERI (CORSO G. MAZZINI ANGOLO VIA A. GARIBALDI)- VIA SAN
GIORGIO
LAVORI DI ADEGUAMENTO, RIQUALIFICAZIONE E
SISTEMAZIONE DELLE STRADE E DEI MARCIAPIEDI
IMPRESA ESECUTRICE: SCAF – SOCIETÀ COOPERATIVA APPALTATORI
FOGGIA VIA STEFANO CAVALIERE 23 – 71121 FOGGIA (FG)
10/02/2026 - 10/02/2027
</name>
      <description><![CDATA[2026/00619 <br><br>https://drive.google.com/file/d/10nN5Hh0pYjd-Ucv5-1rbfVoNXRi1ZVET/view<br><br>ACCORDO QUADRO:L24012 – PROCEDURA APERTA EX ART. 71 D.LGS. 36/2023, TRIENNALE, PER LAVORI DI ADEGUAMENTO, RIQUALIFICAZIONE E SISTEMAZIONE DELLE STRADE E DEI MARCIAPIEDI, DIVISO IN CINQUE LOTTI (MUNICIPI 1, 2, 3, 4, 5), ANNUALITÀ 2024/2025/2026.LOTTO 1 - MUNICIPIO 1 - CIG A.Q.:B 3EAE56C99 CONTRATTO ATTUATIVO 1 – CUP: J97H24002010004 – CIG: B96FB579E0 – DETERMINA DI AFFIDAMENTO DD 01065/2026 DEL 23/12/2025 CONTRATTO ATTUATIVO 2 – CUP: J97H24002020004 – CIG: B9702B4D6C – DETERMINA DI AFFIDAMENTO DD 01068/2026 DEL 29/12/2025 CONTRATTO ATTUATIVO 3 – CUP: J97H24002030004 – CIG: B97060AE2A – DETERMINA DI AFFIDAMENTO DD 01067/2026 DEL 29/12/2025 REGOLAMENTAZIONE ALLA CIRCOLAZIONE DAL 10/02/2026 PER 365 GIORNI SU:- VIALE ARCHIMEDE (TRAVERSE E AREE A PARCHEGGIO) - VIA APPULO GUGLIELMO (TRAVERSE E AREE A PARCHEGGIO)- VIA GIUSTINA ROCCA- STRADA PANTALEO- AREA ADIACENTE AL PARCO MAUGERI (CORSO G. MAZZINI ANGOLO VIA A. GARIBALDI)- VIA SAN GIORGIO .IMPRESA ESECUTRICE: SCAF – SOCIETÀ COOPERATIVA APPALTATORI FOGGIA VIA STEFANO CAVALIERE 23 – 71121 FOGGIA (FG) PEC: SCAF@PEC.CONFCOOPERATIVE.IT<br><br>1) Divieto di sosta con rimozione forzata ambo i lati, Deroga al divieto di sosta, Restringimento di carreggiata Autorizzazione in deroga all’Ordinanza Sindacale n. 2322 del 20/03/1991, al transito all’interno del perimetro individuato dalla stessa: Via B. Regina – Via B. Bari – Via Capruzzi – Via Oberdan – Via Di Vagno - Lungomare A. Di Crollalanza – P.zza IV Novembre – C.so V. Emanuele al veicolo con portata superiore ai 35 ql. al servizio dell’impresa esecutrice dei lavori su: <br>- Viale Archimede (esclusivamente tutte le traverse e le aree di parcheggio prospicienti) <br> Via Appulo Guglielmo (esclusivamente tutte le traverse e le aree di parcheggio prospicienti) <br>Via Giustina Rocca (intero tratto compreso tra Viale Archimede e Via Giorgio La Pira, incluso il tratto trasversale avente la medesima denominazione e i tratti perpendicolari a Via Giorgio La Pira) <br>Strada Pantaleo (tratto compreso tra Via Alfredo Giovine e il civico 15) <br>Area adiacente al Parco Maugeri (tutta l’area delimitata da Via Francesco Zampari, Corso G. Mazzini, Via A. Garibaldi e il Parco Maugeri) <br>Via San Giorgio (intera strada, delimitata tra la Strada detta della Marina e Via Michelangelo Interesse, incluso l’incrocio con Via Michelangelo Interesse) Il divieto di cui ai punto 1) dovrà essere adeguatamente segnalato mediante posizionamento di segnaletica mobile di preavviso da parte dell’impresa esecutrice, almeno 48 ore prima dell’intervento. <br><br><br>Durata e tempistiche: 10/02/2026 - 10/02/2027]]></description>
      <styleUrl>#icon-1541-E65100</styleUrl>
      <Point>
        <coordinates>
          16.9011799,41.1038219,0
        </coordinates>
      </Point>
    </Placemark>
    <Placemark>
      <name>ORDINANZA 2026/00619 
DIVIETO DI SOSTA CON RIMOZIONE FORZATA AMBO I LATI
DEROGA AL DIVIETO DI SOSTA
RESTRINGIMENTO DI CARREGGIATA
 STRADA PANTALEO
LAVORI DI ADEGUAMENTO, RIQUALIFICAZIONE E
SISTEMAZIONE DELLE STRADE E DEI MARCIAPIEDI
IMPRESA ESECUTRICE: SCAF – SOCIETÀ COOPERATIVA APPALTATORI
FOGGIA VIA STEFANO CAVALIERE 23 – 71121 FOGGIA (FG)
10/02/2026 - 10/02/2027
</name>
      <description><![CDATA[2026/00619 <br><br>https://drive.google.com/file/d/10nN5Hh0pYjd-Ucv5-1rbfVoNXRi1ZVET/view<br><br>ACCORDO QUADRO:L24012 – PROCEDURA APERTA EX ART. 71 D.LGS. 36/2023, TRIENNALE, PER LAVORI DI ADEGUAMENTO, RIQUALIFICAZIONE E SISTEMAZIONE DELLE STRADE E DEI MARCIAPIEDI, DIVISO IN CINQUE LOTTI (MUNICIPI 1, 2, 3, 4, 5), ANNUALITÀ 2024/2025/2026.LOTTO 1 - MUNICIPIO 1 - CIG A.Q.:B 3EAE56C99 CONTRATTO ATTUATIVO 1 – CUP: J97H24002010004 – CIG: B96FB579E0 – DETERMINA DI AFFIDAMENTO DD 01065/2026 DEL 23/12/2025 CONTRATTO ATTUATIVO 2 – CUP: J97H24002020004 – CIG: B9702B4D6C – DETERMINA DI AFFIDAMENTO DD 01068/2026 DEL 29/12/2025 CONTRATTO ATTUATIVO 3 – CUP: J97H24002030004 – CIG: B97060AE2A – DETERMINA DI AFFIDAMENTO DD 01067/2026 DEL 29/12/2025 REGOLAMENTAZIONE ALLA CIRCOLAZIONE DAL 10/02/2026 PER 365 GIORNI SU:- VIALE ARCHIMEDE (TRAVERSE E AREE A PARCHEGGIO) - VIA APPULO GUGLIELMO (TRAVERSE E AREE A PARCHEGGIO)- VIA GIUSTINA ROCCA- STRADA PANTALEO- AREA ADIACENTE AL PARCO MAUGERI (CORSO G. MAZZINI ANGOLO VIA A. GARIBALDI)- VIA SAN GIORGIO .IMPRESA ESECUTRICE: SCAF – SOCIETÀ COOPERATIVA APPALTATORI FOGGIA VIA STEFANO CAVALIERE 23 – 71121 FOGGIA (FG) PEC: SCAF@PEC.CONFCOOPERATIVE.IT<br><br>1) Divieto di sosta con rimozione forzata ambo i lati, Deroga al divieto di sosta, Restringimento di carreggiata Autorizzazione in deroga all’Ordinanza Sindacale n. 2322 del 20/03/1991, al transito all’interno del perimetro individuato dalla stessa: Via B. Regina – Via B. Bari – Via Capruzzi – Via Oberdan – Via Di Vagno - Lungomare A. Di Crollalanza – P.zza IV Novembre – C.so V. Emanuele al veicolo con portata superiore ai 35 ql. al servizio dell’impresa esecutrice dei lavori su: <br>- Viale Archimede (esclusivamente tutte le traverse e le aree di parcheggio prospicienti) <br> Via Appulo Guglielmo (esclusivamente tutte le traverse e le aree di parcheggio prospicienti) <br>Via Giustina Rocca (intero tratto compreso tra Viale Archimede e Via Giorgio La Pira, incluso il tratto trasversale avente la medesima denominazione e i tratti perpendicolari a Via Giorgio La Pira) <br>Strada Pantaleo (tratto compreso tra Via Alfredo Giovine e il civico 15) <br>Area adiacente al Parco Maugeri (tutta l’area delimitata da Via Francesco Zampari, Corso G. Mazzini, Via A. Garibaldi e il Parco Maugeri) <br>Via San Giorgio (intera strada, delimitata tra la Strada detta della Marina e Via Michelangelo Interesse, incluso l’incrocio con Via Michelangelo Interesse) Il divieto di cui ai punto 1) dovrà essere adeguatamente segnalato mediante posizionamento di segnaletica mobile di preavviso da parte dell’impresa esecutrice, almeno 48 ore prima dell’intervento. <br><br><br>Durata e tempistiche: 10/02/2026 - 10/02/2027]]></description>
      <styleUrl>#line-E65100-3519</styleUrl>
      <LineString>
        <tessellate>1</tessellate>
        <coordinates>
          16.9504339,41.1006524,0
          16.949758,41.0993184,0
        </coordinates>
      </LineString>
    </Placemark>
    <Placemark>
      <name>ORDINANZA 2026/00619 
DIVIETO DI SOSTA CON RIMOZIONE FORZATA AMBO I LATI
DEROGA AL DIVIETO DI SOSTA
RESTRINGIMENTO DI CARREGGIATA
VIALE ARCHIMEDE (TRAVERSE E AREE A PARCHEGGIO)
VIA APPULO GUGLIELMO (TRAVERSE E AREE A PARCHEGGIO)
VIA GIUSTINA ROCCA
LAVORI DI ADEGUAMENTO, RIQUALIFICAZIONE E
SISTEMAZIONE DELLE STRADE E DEI MARCIAPIEDI
IMPRESA ESECUTRICE: SCAF – SOCIETÀ COOPERATIVA APPALTATORI
FOGGIA VIA STEFANO CAVALIERE 23 – 71121 FOGGIA (FG)
10/02/2026 - 10/02/2027
</name>
      <description><![CDATA[2026/00619 <br><br>https://drive.google.com/file/d/10nN5Hh0pYjd-Ucv5-1rbfVoNXRi1ZVET/view<br><br>ACCORDO QUADRO:L24012 – PROCEDURA APERTA EX ART. 71 D.LGS. 36/2023, TRIENNALE, PER LAVORI DI ADEGUAMENTO, RIQUALIFICAZIONE E SISTEMAZIONE DELLE STRADE E DEI MARCIAPIEDI, DIVISO IN CINQUE LOTTI (MUNICIPI 1, 2, 3, 4, 5), ANNUALITÀ 2024/2025/2026.LOTTO 1 - MUNICIPIO 1 - CIG A.Q.:B 3EAE56C99 CONTRATTO ATTUATIVO 1 – CUP: J97H24002010004 – CIG: B96FB579E0 – DETERMINA DI AFFIDAMENTO DD 01065/2026 DEL 23/12/2025 CONTRATTO ATTUATIVO 2 – CUP: J97H24002020004 – CIG: B9702B4D6C – DETERMINA DI AFFIDAMENTO DD 01068/2026 DEL 29/12/2025 CONTRATTO ATTUATIVO 3 – CUP: J97H24002030004 – CIG: B97060AE2A – DETERMINA DI AFFIDAMENTO DD 01067/2026 DEL 29/12/2025 REGOLAMENTAZIONE ALLA CIRCOLAZIONE DAL 10/02/2026 PER 365 GIORNI SU:- VIALE ARCHIMEDE (TRAVERSE E AREE A PARCHEGGIO) - VIA APPULO GUGLIELMO (TRAVERSE E AREE A PARCHEGGIO)- VIA GIUSTINA ROCCA- STRADA PANTALEO- AREA ADIACENTE AL PARCO MAUGERI (CORSO G. MAZZINI ANGOLO VIA A. GARIBALDI)- VIA SAN GIORGIO .IMPRESA ESECUTRICE: SCAF – SOCIETÀ COOPERATIVA APPALTATORI FOGGIA VIA STEFANO CAVALIERE 23 – 71121 FOGGIA (FG) PEC: SCAF@PEC.CONFCOOPERATIVE.IT<br><br>1) Divieto di sosta con rimozione forzata ambo i lati, Deroga al divieto di sosta, Restringimento di carreggiata Autorizzazione in deroga all’Ordinanza Sindacale n. 2322 del 20/03/1991, al transito all’interno del perimetro individuato dalla stessa: Via B. Regina – Via B. Bari – Via Capruzzi – Via Oberdan – Via Di Vagno - Lungomare A. Di Crollalanza – P.zza IV Novembre – C.so V. Emanuele al veicolo con portata superiore ai 35 ql. al servizio dell’impresa esecutrice dei lavori su: <br>- Viale Archimede (esclusivamente tutte le traverse e le aree di parcheggio prospicienti) <br> Via Appulo Guglielmo (esclusivamente tutte le traverse e le aree di parcheggio prospicienti) <br>Via Giustina Rocca (intero tratto compreso tra Viale Archimede e Via Giorgio La Pira, incluso il tratto trasversale avente la medesima denominazione e i tratti perpendicolari a Via Giorgio La Pira) <br>Strada Pantaleo (tratto compreso tra Via Alfredo Giovine e il civico 15) <br>Area adiacente al Parco Maugeri (tutta l’area delimitata da Via Francesco Zampari, Corso G. Mazzini, Via A. Garibaldi e il Parco Maugeri) <br>Via San Giorgio (intera strada, delimitata tra la Strada detta della Marina e Via Michelangelo Interesse, incluso l’incrocio con Via Michelangelo Interesse) Il divieto di cui ai punto 1) dovrà essere adeguatamente segnalato mediante posizionamento di segnaletica mobile di preavviso da parte dell’impresa esecutrice, almeno 48 ore prima dell’intervento. <br><br><br>Durata e tempistiche: 10/02/2026 - 10/02/2027]]></description>
      <styleUrl>#line-E65100-4488</styleUrl>
      <LineString>
        <tessellate>1</tessellate>
        <coordinates>
          16.8996548,41.1059643,0
          16.8992686,41.1053176,0
          16.9007384,41.1047032,0
          16.8986785,41.1015906,0
          16.9007277,41.104687,0
          16.9056093,41.1028518,0
          16.903485,41.099618,0
        </coordinates>
      </LineString>
    </Placemark>
    <Placemark>
      <name>ORDINANZA 2026/00619 
DIVIETO DI SOSTA CON RIMOZIONE FORZATA AMBO I LATI
DEROGA AL DIVIETO DI SOSTA
RESTRINGIMENTO DI CARREGGIATA
AREA ADIACENTE AL PARCO
MAUGERI (CORSO G. MAZZINI ANGOLO VIA A. GARIBALDI)
LAVORI DI ADEGUAMENTO, RIQUALIFICAZIONE E
SISTEMAZIONE DELLE STRADE E DEI MARCIAPIEDI
IMPRESA ESECUTRICE: SCAF – SOCIETÀ COOPERATIVA APPALTATORI
FOGGIA VIA STEFANO CAVALIERE 23 – 71121 FOGGIA (FG)
10/02/2026 - 10/02/2027
</name>
      <description><![CDATA[2026/00619 <br><br>https://drive.google.com/file/d/10nN5Hh0pYjd-Ucv5-1rbfVoNXRi1ZVET/view<br><br>ACCORDO QUADRO:L24012 – PROCEDURA APERTA EX ART. 71 D.LGS. 36/2023, TRIENNALE, PER LAVORI DI ADEGUAMENTO, RIQUALIFICAZIONE E SISTEMAZIONE DELLE STRADE E DEI MARCIAPIEDI, DIVISO IN CINQUE LOTTI (MUNICIPI 1, 2, 3, 4, 5), ANNUALITÀ 2024/2025/2026.LOTTO 1 - MUNICIPIO 1 - CIG A.Q.:B 3EAE56C99 CONTRATTO ATTUATIVO 1 – CUP: J97H24002010004 – CIG: B96FB579E0 – DETERMINA DI AFFIDAMENTO DD 01065/2026 DEL 23/12/2025 CONTRATTO ATTUATIVO 2 – CUP: J97H24002020004 – CIG: B9702B4D6C – DETERMINA DI AFFIDAMENTO DD 01068/2026 DEL 29/12/2025 CONTRATTO ATTUATIVO 3 – CUP: J97H24002030004 – CIG: B97060AE2A – DETERMINA DI AFFIDAMENTO DD 01067/2026 DEL 29/12/2025 REGOLAMENTAZIONE ALLA CIRCOLAZIONE DAL 10/02/2026 PER 365 GIORNI SU:- VIALE ARCHIMEDE (TRAVERSE E AREE A PARCHEGGIO) - VIA APPULO GUGLIELMO (TRAVERSE E AREE A PARCHEGGIO)- VIA GIUSTINA ROCCA- STRADA PANTALEO- AREA ADIACENTE AL PARCO MAUGERI (CORSO G. MAZZINI ANGOLO VIA A. GARIBALDI)- VIA SAN GIORGIO .IMPRESA ESECUTRICE: SCAF – SOCIETÀ COOPERATIVA APPALTATORI FOGGIA VIA STEFANO CAVALIERE 23 – 71121 FOGGIA (FG) PEC: SCAF@PEC.CONFCOOPERATIVE.IT<br><br>1) Divieto di sosta con rimozione forzata ambo i lati, Deroga al divieto di sosta, Restringimento di carreggiata Autorizzazione in deroga all’Ordinanza Sindacale n. 2322 del 20/03/1991, al transito all’interno del perimetro individuato dalla stessa: Via B. Regina – Via B. Bari – Via Capruzzi – Via Oberdan – Via Di Vagno - Lungomare A. Di Crollalanza – P.zza IV Novembre – C.so V. Emanuele al veicolo con portata superiore ai 35 ql. al servizio dell’impresa esecutrice dei lavori su: <br>- Viale Archimede (esclusivamente tutte le traverse e le aree di parcheggio prospicienti) <br> Via Appulo Guglielmo (esclusivamente tutte le traverse e le aree di parcheggio prospicienti) <br>Via Giustina Rocca (intero tratto compreso tra Viale Archimede e Via Giorgio La Pira, incluso il tratto trasversale avente la medesima denominazione e i tratti perpendicolari a Via Giorgio La Pira) <br>Strada Pantaleo (tratto compreso tra Via Alfredo Giovine e il civico 15) <br>Area adiacente al Parco Maugeri (tutta l’area delimitata da Via Francesco Zampari, Corso G. Mazzini, Via A. Garibaldi e il Parco Maugeri) <br>Via San Giorgio (intera strada, delimitata tra la Strada detta della Marina e Via Michelangelo Interesse, incluso l’incrocio con Via Michelangelo Interesse) Il divieto di cui ai punto 1) dovrà essere adeguatamente segnalato mediante posizionamento di segnaletica mobile di preavviso da parte dell’impresa esecutrice, almeno 48 ore prima dell’intervento. <br><br><br>Durata e tempistiche: 10/02/2026 - 10/02/2027]]></description>
      <styleUrl>#line-E65100-3906</styleUrl>
      <LineString>
        <tessellate>1</tessellate>
        <coordinates>
          16.8530913,41.1269855,0
          16.8532093,41.1254136,0
          16.855746,41.125551,0
        </coordinates>
      </LineString>
    </Placemark>
    <Placemark>
      <name>ORDINANZA 2026/00619 
DIVIETO DI SOSTA CON RIMOZIONE FORZATA AMBO I LATI
DEROGA AL DIVIETO DI SOSTA
RESTRINGIMENTO DI CARREGGIATA
VIA SAN GIORGIO
LAVORI DI ADEGUAMENTO, RIQUALIFICAZIONE E
SISTEMAZIONE DELLE STRADE E DEI MARCIAPIEDI
IMPRESA ESECUTRICE: SCAF – SOCIETÀ COOPERATIVA APPALTATORI
FOGGIA VIA STEFANO CAVALIERE 23 – 71121 FOGGIA (FG)
10/02/2026 - 10/02/2027
</name>
      <description><![CDATA[2026/00619 <br><br>https://drive.google.com/file/d/10nN5Hh0pYjd-Ucv5-1rbfVoNXRi1ZVET/view<br><br>ACCORDO QUADRO:L24012 – PROCEDURA APERTA EX ART. 71 D.LGS. 36/2023, TRIENNALE, PER LAVORI DI ADEGUAMENTO, RIQUALIFICAZIONE E SISTEMAZIONE DELLE STRADE E DEI MARCIAPIEDI, DIVISO IN CINQUE LOTTI (MUNICIPI 1, 2, 3, 4, 5), ANNUALITÀ 2024/2025/2026.LOTTO 1 - MUNICIPIO 1 - CIG A.Q.:B 3EAE56C99 CONTRATTO ATTUATIVO 1 – CUP: J97H24002010004 – CIG: B96FB579E0 – DETERMINA DI AFFIDAMENTO DD 01065/2026 DEL 23/12/2025 CONTRATTO ATTUATIVO 2 – CUP: J97H24002020004 – CIG: B9702B4D6C – DETERMINA DI AFFIDAMENTO DD 01068/2026 DEL 29/12/2025 CONTRATTO ATTUATIVO 3 – CUP: J97H24002030004 – CIG: B97060AE2A – DETERMINA DI AFFIDAMENTO DD 01067/2026 DEL 29/12/2025 REGOLAMENTAZIONE ALLA CIRCOLAZIONE DAL 10/02/2026 PER 365 GIORNI SU:- VIALE ARCHIMEDE (TRAVERSE E AREE A PARCHEGGIO) - VIA APPULO GUGLIELMO (TRAVERSE E AREE A PARCHEGGIO)- VIA GIUSTINA ROCCA- STRADA PANTALEO- AREA ADIACENTE AL PARCO MAUGERI (CORSO G. MAZZINI ANGOLO VIA A. GARIBALDI)- VIA SAN GIORGIO .IMPRESA ESECUTRICE: SCAF – SOCIETÀ COOPERATIVA APPALTATORI FOGGIA VIA STEFANO CAVALIERE 23 – 71121 FOGGIA (FG) PEC: SCAF@PEC.CONFCOOPERATIVE.IT<br><br>1) Divieto di sosta con rimozione forzata ambo i lati, Deroga al divieto di sosta, Restringimento di carreggiata Autorizzazione in deroga all’Ordinanza Sindacale n. 2322 del 20/03/1991, al transito all’interno del perimetro individuato dalla stessa: Via B. Regina – Via B. Bari – Via Capruzzi – Via Oberdan – Via Di Vagno - Lungomare A. Di Crollalanza – P.zza IV Novembre – C.so V. Emanuele al veicolo con portata superiore ai 35 ql. al servizio dell’impresa esecutrice dei lavori su: <br>- Viale Archimede (esclusivamente tutte le traverse e le aree di parcheggio prospicienti) <br> Via Appulo Guglielmo (esclusivamente tutte le traverse e le aree di parcheggio prospicienti) <br>Via Giustina Rocca (intero tratto compreso tra Viale Archimede e Via Giorgio La Pira, incluso il tratto trasversale avente la medesima denominazione e i tratti perpendicolari a Via Giorgio La Pira) <br>Strada Pantaleo (tratto compreso tra Via Alfredo Giovine e il civico 15) <br>Area adiacente al Parco Maugeri (tutta l’area delimitata da Via Francesco Zampari, Corso G. Mazzini, Via A. Garibaldi e il Parco Maugeri) <br>Via San Giorgio (intera strada, delimitata tra la Strada detta della Marina e Via Michelangelo Interesse, incluso l’incrocio con Via Michelangelo Interesse) Il divieto di cui ai punto 1) dovrà essere adeguatamente segnalato mediante posizionamento di segnaletica mobile di preavviso da parte dell’impresa esecutrice, almeno 48 ore prima dell’intervento. <br><br><br>Durata e tempistiche: 10/02/2026 - 10/02/2027]]></description>
      <styleUrl>#line-E65100-4100</styleUrl>
      <LineString>
        <tessellate>1</tessellate>
        <coordinates>
          16.962067,41.096418,0
          16.9616167,41.09256,0
        </coordinates>
      </LineString>
    </Placemark>
    <Placemark>
      <name>ORDINANZA 2026/03875
DIVIETO DI SOSTA AMBO I LATI DELLA CARREGGIATA 
CON RESTRINGIMENTO CARREGGIATA
CORSO ALCIDE DE GASPERI CIVICO 453 FINO A VIA AVVOCATO
ONOFRIO LATTANZIO
SCAVO PER LA POSA CAVI MT
IMPRESA ESECUTRICE: DMF COSTRUZIONI S.R.L.
01/06//2026 - 30/09/2026
</name>
      <description><![CDATA[PROROGATA FINO AL 30/09/2026 DALLA Ordinanza 2026/03875<br>https://drive.google.com/file/d/1fwoXo1NuDJXCZFx_ZCeP6ktWtdtcUFBa/view<br><br>ORDINANZA 2026/02860 <br><br>https://drive.google.com/file/d/1DQy1eyl_QQsdxChIUHu_-FIu85R3clES/view<br><br>ORDINANZA PER ISTITUIRE TEMPORANEAMENTE UN DIVIETO DI SOSTA AMBO I LATI DELLA CARREGGIATA CON RESTRINGIMENTO CARREGGIATA SU CORSO ALCIDE DE GASPERI CIVICO 453 FINO A VIA AVVOCATO ONOFRIO LATTANZIO, PER LAVORI DI SCAVO PER LA POSA CAVI MT DAL GIORNO 01/06/2026 SINO AL 31/07/2026. PROROGA ORDINANZA DIRIGENZIALE N. 2026/01440 DEL 24/03/2026. IMPRESA: DMF COSTRUZIONI S.R.L. ISTANTE: LOSACCO LUIGI (LEGALE RAPPRESENTANTE DELLA DMF COSTRUZIONI S.R.L.) <br><br>Durata e tempistiche: 01/06//2026 - 31/07/2026 <br><br>PROROGA: 2026/01440<br>FINO AL 31/05/2026.<br>https://drive.google.com/file/d/12mT0fN8rSRe0KY6QFH22Ri2UmLiOfbRh/view<br><br>proroga: 2026/00691<br><br>https://drive.google.com/file/d/1W_00bXS_3ViFvxsJtAOm3FP6uj-9l0fC/view<br><br>2025/03910<br><br>https://drive.google.com/file/d/1L0f3dV0T81m-ZajwZJ7E6PhIpRJ43Ybc/view<br><br>ORDINANZA PER ISTITUIRE TEMPORANEAMENTE UN DIVIETO DI SOSTA<br>AMBO I LATI DELLA CARREGGIATA CON RESTRINGIMENTO CARREGGIATA<br>SU CORSO ALCIDE DE GASPERI CIVICO 453 FINO A VIA AVVOCATO<br>ONOFRIO LATTANZIO, PER LAVORI DI SCAVO PER LA POSA CAVI MT DAL<br>09/12/2025 AL 31/01/2026.<br>IMPRESA: DMF COSTRUZIONI S.R.L.<br>ISTANTE: LOSACCO LUIGI (LEGALE RAPPRESENTANTE DELLA DMF<br>COSTRUZIONI S.R.L.)<br><br>1. L’istituzione temporanea del divieto di sosta ambo i lati della carreggiata con restringimento carreggiata<br>su Corso Alcide de Gasperi civico 453 fino a via Avvocato Onofrio Lattanzio, per lavori di scavo per la<br>posa cavi MT;<br>2. Al fine della sicurezza pedonale e veicolare, verranno utilizzati i movieri per la gestione della mobilità e<br>l’utilizzo di transenne metalliche modulari (di dimensioni 3,00 x 2,00) per la delimitazione diurna e<br>notturna del cantiere;<br><br>3. Tutti i provvedimenti in contrasto con la presente sono momentaneamente e provvisoriamente sospesi e<br>divengono nuovamente efficaci all’esaurimento dei termini previsti dal presente disposto;<br><br>Durata e tempistiche: dal 09/12/2025 al 31/01/2026<br>Prorogata: fino al 31/03/2026]]></description>
      <styleUrl>#icon-1541-E65100</styleUrl>
      <Point>
        <coordinates>
          16.8694906,41.0898827,0
        </coordinates>
      </Point>
    </Placemark>
    <Placemark>
      <name>ORDINANZA 2026/03875
DIVIETO DI SOSTA AMBO I LATI DELLA CARREGGIATA 
CON RESTRINGIMENTO CARREGGIATA
CORSO ALCIDE DE GASPERI CIVICO 453 FINO A VIA AVVOCATO
ONOFRIO LATTANZIO
SCAVO PER LA POSA CAVI MT
IMPRESA ESECUTRICE: DMF COSTRUZIONI S.R.L.
01/06//2026 - 30/09/2026
</name>
      <description><![CDATA[PROROGATA FINO AL 30/09/2026 DALLA Ordinanza 2026/03875<br>https://drive.google.com/file/d/1fwoXo1NuDJXCZFx_ZCeP6ktWtdtcUFBa/view<br><br>ORDINANZA 2026/02860 <br><br>https://drive.google.com/file/d/1DQy1eyl_QQsdxChIUHu_-FIu85R3clES/view<br><br>ORDINANZA PER ISTITUIRE TEMPORANEAMENTE UN DIVIETO DI SOSTA AMBO I LATI DELLA CARREGGIATA CON RESTRINGIMENTO CARREGGIATA SU CORSO ALCIDE DE GASPERI CIVICO 453 FINO A VIA AVVOCATO ONOFRIO LATTANZIO, PER LAVORI DI SCAVO PER LA POSA CAVI MT DAL GIORNO 01/06/2026 SINO AL 31/07/2026. PROROGA ORDINANZA DIRIGENZIALE N. 2026/01440 DEL 24/03/2026. IMPRESA: DMF COSTRUZIONI S.R.L. ISTANTE: LOSACCO LUIGI (LEGALE RAPPRESENTANTE DELLA DMF COSTRUZIONI S.R.L.) <br><br>Durata e tempistiche: 01/06//2026 - 31/07/2026 <br><br>PROROGA: 2026/01440<br>FINO AL 31/05/2026<br>https://drive.google.com/file/d/12mT0fN8rSRe0KY6QFH22Ri2UmLiOfbRh/view<br><br>proroga: 2026/00691<br><br>https://drive.google.com/file/d/1W_00bXS_3ViFvxsJtAOm3FP6uj-9l0fC/view<br>2025/03910<br><br>https://drive.google.com/file/d/1L0f3dV0T81m-ZajwZJ7E6PhIpRJ43Ybc/view<br><br>ORDINANZA PER ISTITUIRE TEMPORANEAMENTE UN DIVIETO DI SOSTA<br>AMBO I LATI DELLA CARREGGIATA CON RESTRINGIMENTO CARREGGIATA<br>SU CORSO ALCIDE DE GASPERI CIVICO 453 FINO A VIA AVVOCATO<br>ONOFRIO LATTANZIO, PER LAVORI DI SCAVO PER LA POSA CAVI MT DAL<br>09/12/2025 AL 31/01/2026.<br>IMPRESA: DMF COSTRUZIONI S.R.L.<br>ISTANTE: LOSACCO LUIGI (LEGALE RAPPRESENTANTE DELLA DMF<br>COSTRUZIONI S.R.L.)<br><br>1. L’istituzione temporanea del divieto di sosta ambo i lati della carreggiata con restringimento carreggiata<br>su Corso Alcide de Gasperi civico 453 fino a via Avvocato Onofrio Lattanzio, per lavori di scavo per la<br>posa cavi MT;<br>2. Al fine della sicurezza pedonale e veicolare, verranno utilizzati i movieri per la gestione della mobilità e<br>l’utilizzo di transenne metalliche modulari (di dimensioni 3,00 x 2,00) per la delimitazione diurna e<br>notturna del cantiere;<br><br>3. Tutti i provvedimenti in contrasto con la presente sono momentaneamente e provvisoriamente sospesi e<br>divengono nuovamente efficaci all’esaurimento dei termini previsti dal presente disposto;<br><br>Durata e tempistiche: dal 09/12/2025 al 31/01/2026<br>Prorogata: fino al 31/03/2026]]></description>
      <styleUrl>#line-E65100-4681</styleUrl>
      <LineString>
        <tessellate>1</tessellate>
        <coordinates>
          16.8695872,41.0891101,0
          16.8699177,41.0908262,0
        </coordinates>
      </LineString>
    </Placemark>
    <Placemark>
      <name>ORDINANZA 2026/03876 
DIVIETO DI SOSTA AMBO I LATI DELLA CARREGGIATA
CON RESTRINGIMENTO CARREGGIATA
VIA BRUNO BUOZZI DA VIALE EUROPA A VIA GIOVANNI LARICCHIA
LAVORI DI SCAVO PER LA POSA CAVI MT
IMPRESA ESECUTRICE: DMF COSTRUZIONI S.R.L.
01/06//2026 - 30/09/2026</name>
      <description><![CDATA[PROROGATA FINO AL 30/09/2026<br>DALLA Ordinanza 2026/03876<br>https://drive.google.com/file/d/1EszEaRK2Fxodu1Ux3fPg4HAYluINe6q0/view<br><br>ORDINANZA 2026/02862 <br><br>https://drive.google.com/file/d/1lALUyJt2LI0InpfqtUFebgPjiAN_P7qi/view<br><br>ORDINANZA PER ISTITUIRE TEMPORANEAMENTE UN DIVIETO DI SOSTA AMBO I LATI DELLA CARREGGIATA CON RESTRINGIMENTO CARREGGIATA SU VIA BRUNO BUOZZI DA VIALE EUROPA A VIA GIOVANNI LARICCHIA, PER TERMINARE I LAVORI DI SCAVO PER LA POSA CAVI MT DAL 01/06/2026 AL 31/07/2026. PROROGA ORDINANZA DIRIGENZIALE N. 2026/01438 DEL 24/03/2026. IMPRESA: DMF COSTRUZIONI S.R.L. ISTANTE: LOSACCO LUIGI (LEGALE RAPPRESENTANTE DELLA DMF COSTRUZIONI S.R.L.) <br><br>Durata e tempistiche: 01/06//2026 - 31/07/2026 <br><br>ORDINANZA 2026/01438 <br>https://drive.google.com/file/d/1UO6Ekv5Uge1lQOzQ_XAY6fmUP3uDxpWk/view<br><br>PROROGA ORDINANZA DIRIGENZIALE N. 2026/00696 <br><br>ORDINANZA PER ISTITUIRE TEMPORANEAMENTE UN DIVIETO DI SOSTA AMBO I LATI DELLA CARREGGIATA CON RESTRINGIMENTO CARREGGIATA SU VIA BRUNO BUOZZI DA VIALE EUROPA A VIA GIOVANNI LARICCHIA, PER TERMINARE I LAVORI DI SCAVO PER LA POSA CAVI MT DAL 01/04/2026 AL 30/05/2026. PROROGA ORDINANZA DIRIGENZIALE N. 2026/00696 DEL 12/02/2026. IMPRESA: DMF COSTRUZIONI S.R.L. ISTANTE: LOSACCO LUIGI (LEGALE RAPPRESENTANTE DELLA DMF COSTRUZIONI S.R.L.)<br><br>Durata e tempistiche: 01/04/2026 - 30/05/2026  <br><br>proroga<br>2026/00696<br><br>https://drive.google.com/file/d/18B-xRwWnyHYOs1V3IrffW2Kk7TRn5H3g/view<br><br> ORDINANZA PER ISTITUIRE TEMPORANEAMENTE UN DIVIETO DI SOSTA AMBO I LATI DELLA CARREGGIATA CON RESTRINGIMENTO CARREGGIATA SU VIA BRUNO BUOZZI DA VIALE EUROPA A VIA GIOVANNI LARICCHIA, PER TERMINARE I LAVORI DI SCAVO PER LA POSA CAVI MT DALL’ESECUTIVITÀ DELL’ATTO SINO AL 31/03/2026. IMPRESA: DMF COSTRUZIONI S.R.L. ISTANTE: LOSACCO LUIGI (LEGALE RAPPRESENTANTE DELLA DMF COSTRUZIONI S.R.L.)<br><br>1. Istituzione temporanea del divieto di sosta ambo i lati della carreggiata con restringimento carreggiata su via Bruno Buozzi da viale Europa a via Giovanni Laricchia, per terminare i lavori di scavo per la posa cavi MT; <br>2. Tutti i provvedimenti in contrasto con la presente sono momentaneamente e provvisoriamente sospesi e divengono nuovamente efficaci all’esaurimento dei termini previsti dal presente disposto;<br><br>Durata e tempistiche: 12/02/2026 - 31/03/2026<br><br>Ordinanza: 2025/03320<br><br>https://drive.google.com/file/d/1pP5YD1wowTvu55c9EesQXUdSCwo7iFd6/view<br><br>ORDINANZA PER ISTITUIRE TEMPORANEAMENTE UN DIVIETO DI SOSTA AMBO I LATI DELLA CARREGGIATA CON RESTRINGIMENTO CARREGGIATA SU VIA BRUNO BUOZZI DA VIALE EUROPA A VIA GIOVANNI LARICCHIA, PER LAVORI DI SCAVO PER LA POSA CAVI MT. PROROGA ORDINANZA DIRIGENZIALE N. 2025/02843 – 2025/185/01343 DEL 26/09/2025 DAL. IMPRESA: DMF COSTRUZIONI S.R.L. ISTANTE: LOSACCO LUIGI (LEGALE RAPPRESENTANTE DELLA DMF COSTRUZIONI S.R.L.)<br>Durata e tempistiche: 01/11/2025 - 31/01/2026]]></description>
      <styleUrl>#icon-1541-E65100</styleUrl>
      <Point>
        <coordinates>
          16.8439613,41.1191792,0
        </coordinates>
      </Point>
    </Placemark>
    <Placemark>
      <name>ORDINANZA 2026/03876 
DIVIETO DI SOSTA AMBO I LATI DELLA CARREGGIATA
CON RESTRINGIMENTO CARREGGIATA
VIA BRUNO BUOZZI DA VIALE EUROPA A VIA GIOVANNI LARICCHIA
LAVORI DI SCAVO PER LA POSA CAVI MT
IMPRESA ESECUTRICE: DMF COSTRUZIONI S.R.L.
01/06//2026 - 30/09/2026</name>
      <description><![CDATA[PROROGATA FINO AL 30/09/2026<br>DALLA Ordinanza 2026/03876<br>https://drive.google.com/file/d/1EszEaRK2Fxodu1Ux3fPg4HAYluINe6q0/view<br><br>ORDINANZA 2026/02862 <br><br>https://drive.google.com/file/d/1lALUyJt2LI0InpfqtUFebgPjiAN_P7qi/view<br><br>ORDINANZA PER ISTITUIRE TEMPORANEAMENTE UN DIVIETO DI SOSTA AMBO I LATI DELLA CARREGGIATA CON RESTRINGIMENTO CARREGGIATA SU VIA BRUNO BUOZZI DA VIALE EUROPA A VIA GIOVANNI LARICCHIA, PER TERMINARE I LAVORI DI SCAVO PER LA POSA CAVI MT DAL 01/06/2026 AL 31/07/2026. PROROGA ORDINANZA DIRIGENZIALE N. 2026/01438 DEL 24/03/2026. IMPRESA: DMF COSTRUZIONI S.R.L. ISTANTE: LOSACCO LUIGI (LEGALE RAPPRESENTANTE DELLA DMF COSTRUZIONI S.R.L.) <br><br>Durata e tempistiche: 01/06//2026 - 31/07/2026 <br><br>ORDINANZA 2026/01438 <br>https://drive.google.com/file/d/1UO6Ekv5Uge1lQOzQ_XAY6fmUP3uDxpWk/view<br><br>PROROGA ORDINANZA DIRIGENZIALE N. 2026/00696 <br><br>ORDINANZA PER ISTITUIRE TEMPORANEAMENTE UN DIVIETO DI SOSTA AMBO I LATI DELLA CARREGGIATA CON RESTRINGIMENTO CARREGGIATA SU VIA BRUNO BUOZZI DA VIALE EUROPA A VIA GIOVANNI LARICCHIA, PER TERMINARE I LAVORI DI SCAVO PER LA POSA CAVI MT DAL 01/04/2026 AL 30/05/2026. PROROGA ORDINANZA DIRIGENZIALE N. 2026/00696 DEL 12/02/2026. IMPRESA: DMF COSTRUZIONI S.R.L. ISTANTE: LOSACCO LUIGI (LEGALE RAPPRESENTANTE DELLA DMF COSTRUZIONI S.R.L.)<br><br>Durata e tempistiche: 01/04/2026 - 30/05/2026  <br><br>proroga<br>2026/00696<br><br>https://drive.google.com/file/d/18B-xRwWnyHYOs1V3IrffW2Kk7TRn5H3g/view<br><br> ORDINANZA PER ISTITUIRE TEMPORANEAMENTE UN DIVIETO DI SOSTA AMBO I LATI DELLA CARREGGIATA CON RESTRINGIMENTO CARREGGIATA SU VIA BRUNO BUOZZI DA VIALE EUROPA A VIA GIOVANNI LARICCHIA, PER TERMINARE I LAVORI DI SCAVO PER LA POSA CAVI MT DALL’ESECUTIVITÀ DELL’ATTO SINO AL 31/03/2026. IMPRESA: DMF COSTRUZIONI S.R.L. ISTANTE: LOSACCO LUIGI (LEGALE RAPPRESENTANTE DELLA DMF COSTRUZIONI S.R.L.)<br><br>1. Istituzione temporanea del divieto di sosta ambo i lati della carreggiata con restringimento carreggiata su via Bruno Buozzi da viale Europa a via Giovanni Laricchia, per terminare i lavori di scavo per la posa cavi MT; <br>2. Tutti i provvedimenti in contrasto con la presente sono momentaneamente e provvisoriamente sospesi e divengono nuovamente efficaci all’esaurimento dei termini previsti dal presente disposto;<br><br>Durata e tempistiche: 12/02/2026 - 31/03/2026<br><br>https://drive.google.com/file/d/1pP5YD1wowTvu55c9EesQXUdSCwo7iFd6/view<br><br>ORDINANZA PER ISTITUIRE TEMPORANEAMENTE UN DIVIETO DI SOSTA AMBO I LATI DELLA CARREGGIATA CON RESTRINGIMENTO CARREGGIATA SU VIA BRUNO BUOZZI DA VIALE EUROPA A VIA GIOVANNI LARICCHIA, PER LAVORI DI SCAVO PER LA POSA CAVI MT. PROROGA ORDINANZA DIRIGENZIALE N. 2025/02843 – 2025/185/01343 DEL 26/09/2025 DAL. IMPRESA: DMF COSTRUZIONI S.R.L. ISTANTE: LOSACCO LUIGI (LEGALE RAPPRESENTANTE DELLA DMF COSTRUZIONI S.R.L.)<br>Durata e tempistiche: 01/11/2025 - 31/01/2026]]></description>
      <styleUrl>#line-E65100-4875</styleUrl>
      <LineString>
        <tessellate>1</tessellate>
        <coordinates>
          16.8403243,41.1176719,0
          16.8417512,41.1182053,0
          16.8440686,41.1191065,0
        </coordinates>
      </LineString>
    </Placemark>
    <Placemark>
      <name>ORDINANZA 2026/03874
DIVIETO DI SOSTA AMBO I LATI DELLA CARREGGIATA
CON RESTRINGIMENTO CARREGGIATA
VIE CALACE, BUOZZI E VIALE EUROPA
LAVORI DI SCAVO PER LA POSA CAVI MT
IMPRESA ESECUTRICE: DMF COSTRUZIONI S.R.L.
01/06//2026 - 30/09/2026</name>
      <description><![CDATA[PROROGATA FINO AL 30/09/2026<br>DALLA Ordinanza 2026/03874<br>https://drive.google.com/file/d/1kdSIyB22pBNvVBlajLCSHI5MfAE75OKd/view<br><br>ORDINANZA 2026/02859 <br><br>https://drive.google.com/file/d/1am4ke70gBJmH8sTE9RM3ZN2-3lkAfXjJ/view<br><br>ORDINANZA PER ISTITUIRE TEMPORANEAMENTE UN DIVIETO DI SOSTA AMBO I LATI DELLA CARREGGIATA CON RESTRINGIMENTO CARREGGIATA DEL TRATTO INTERESSATO DAI LAVORI NELLE VIE CALACE- BUOZZI E VIALE EUROPA PER LAVORI DI SCAVO PER LA POSA CAVI MT DAL GIORNO 01/06/2026 AL 31/07/2026. PROROGA ORDINANZA DIRIGENZIALE N. 2026/01437 DEL 24/03/2026. IMPRESA: DMF COSTRUZIONI S.R.L. ISTANTE: LOSACCO LUIGI (LEGALE RAPPRESENTANTE DELLA DMF COSTRUZIONI S.R.L.) <br><br>Durata e tempistiche: 01/06//2026 - 31/07/2026 <br><br>ORDINANZA 2026/01437<br>https://drive.google.com/file/d/1JAWALqPsKHwvxEemb0ZDWAW0_xGcCI9f/view<br><br>PROROGA ORDINANZA DIRIGENZIALE N. 2026/00698<br><br>ORDINANZA PER ISTITUIRE TEMPORANEAMENTE UN DIVIETO DI SOSTA AMBO I LATI DELLA CARREGGIATA CON RESTRINGIMENTO CARREGGIATA DEL TRATTO INTERESSATO DAI LAVORI NELLE VIE CALACE- BUOZZI E VIALE EUROPA PER LAVORI DI SCAVO PER LA POSA CAVI MT DAL GIORNO 01/04/2026 AL 30/05/2026. PROROGA ORDINANZA DIRIGENZIALE N. 2026/00698 DEL 12/02/2026. IMPRESA: DMF COSTRUZIONI S.R.L. ISTANTE: LOSACCO LUIGI (LEGALE RAPPRESENTANTE DELLA DMF COSTRUZIONI S.R.L.) <br><br>Durata e tempistiche: 01/04/2026 - 30/05/2026  <br><br>proroga<br>2026/00698 <br><br>https://drive.google.com/file/d/1Q3DKkCeyNv-Mci8N8EDDJTqKd4bmUgKD/view<br><br> ORDINANZA PER ISTITUIRE TEMPORANEAMENTE UN DIVIETO DI SOSTA AMBO I LATI DELLA CARREGGIATA CON RESTRINGIMENTO CARREGGIATA DEL TRATTO INTERESSATO DAI LAVORI NELLE VIE CALACE- BUOZZI E VIALE EUROPA PER LAVORI DI SCAVO PER LA POSA CAVI MT DALL’ESECUTIVITÀ DELL’ATTO SINO AL 31/03/2026. IMPRESA: DMF COSTRUZIONI S.R.L. ISTANTE: LOSACCO LUIGI (LEGALE RAPPRESENTANTE DELLA DMF COSTRUZIONI S.R.L.<br><br>1. Istituzione temporanea del divieto di sosta ambo i lati della carreggiata con restringimento carreggiata del tratto interessato dai lavori nelle vie Calace- Buozzi e Viale Europa, per terminare lo scavo per posa cavi MT; <br>2. Tutti i provvedimenti in contrasto con la presente sono momentaneamente e provvisoriamente sospesi e divengono nuovamente efficaci all’esaurimento dei termini previsti dal presente disposto;<br><br>Durata e tempistiche: 12/02/2026 - 31/03/2026<br><br>2025/03321<br>https://drive.google.com/file/d/1rMfyXIaAgfXExSnZ1Rrv_Id6O-n4sJwg/view<br><br>ORDINANZA PER ISTITUIRE TEMPORANEAMENTE UN DIVIETO DI SOSTA AMBO I LATI DELLA CARREGGIATA CON RESTRINGIMENTO CARREGGIATA DEL TRATTO INTERESSATO DAI LAVORI NELLE VIE CALACE- BUOZZI E VIALE EUROPA PER LAVORI DI SCAVO PER LA POSA CAVI MT. PROROGA ORDINANZA DIRIGENZIALE N. 2025/02841 DEL 26/09/2025. IMPRESA: DMF COSTRUZIONI S.R.L. ISTANTE: LOSACCO LUIGI (LEGALE RAPPRESENTANTE DELLA DMF COSTRUZIONI S.R.L.)<br>Durata e tempistiche: 01/11/2025 - 31/01/2026]]></description>
      <styleUrl>#icon-1541-E65100</styleUrl>
      <Point>
        <coordinates>
          16.8376972,41.1167998,0
        </coordinates>
      </Point>
    </Placemark>
    <Placemark>
      <name>ORDINANZA 2026/03874
DIVIETO DI SOSTA AMBO I LATI DELLA CARREGGIATA
CON RESTRINGIMENTO CARREGGIATA
VIE CALACE, BUOZZI E VIALE EUROPA
LAVORI DI SCAVO PER LA POSA CAVI MT
IMPRESA ESECUTRICE: DMF COSTRUZIONI S.R.L.
01/06//2026 - 30/09/2026</name>
      <description><![CDATA[PROROGATA FINO AL 30/09/2026<br>DALLA Ordinanza 2026/03874<br>https://drive.google.com/file/d/1kdSIyB22pBNvVBlajLCSHI5MfAE75OKd/view<br><br>ORDINANZA 2026/02859 <br><br>https://drive.google.com/file/d/1am4ke70gBJmH8sTE9RM3ZN2-3lkAfXjJ/view<br><br>ORDINANZA PER ISTITUIRE TEMPORANEAMENTE UN DIVIETO DI SOSTA AMBO I LATI DELLA CARREGGIATA CON RESTRINGIMENTO CARREGGIATA DEL TRATTO INTERESSATO DAI LAVORI NELLE VIE CALACE- BUOZZI E VIALE EUROPA PER LAVORI DI SCAVO PER LA POSA CAVI MT DAL GIORNO 01/06/2026 AL 31/07/2026. PROROGA ORDINANZA DIRIGENZIALE N. 2026/01437 DEL 24/03/2026. IMPRESA: DMF COSTRUZIONI S.R.L. ISTANTE: LOSACCO LUIGI (LEGALE RAPPRESENTANTE DELLA DMF COSTRUZIONI S.R.L.) <br><br>Durata e tempistiche: 01/06//2026 - 31/07/2026 <br><br>ORDINANZA 2026/01437<br>https://drive.google.com/file/d/1JAWALqPsKHwvxEemb0ZDWAW0_xGcCI9f/view<br><br>PROROGA ORDINANZA DIRIGENZIALE N. 2026/00698<br><br>ORDINANZA PER ISTITUIRE TEMPORANEAMENTE UN DIVIETO DI SOSTA AMBO I LATI DELLA CARREGGIATA CON RESTRINGIMENTO CARREGGIATA DEL TRATTO INTERESSATO DAI LAVORI NELLE VIE CALACE- BUOZZI E VIALE EUROPA PER LAVORI DI SCAVO PER LA POSA CAVI MT DAL GIORNO 01/04/2026 AL 30/05/2026. PROROGA ORDINANZA DIRIGENZIALE N. 2026/00698 DEL 12/02/2026. IMPRESA: DMF COSTRUZIONI S.R.L. ISTANTE: LOSACCO LUIGI (LEGALE RAPPRESENTANTE DELLA DMF COSTRUZIONI S.R.L.) <br><br>Durata e tempistiche: 01/04/2026 - 30/05/2026  <br><br>proroga<br>2026/00698 <br><br>https://drive.google.com/file/d/1Q3DKkCeyNv-Mci8N8EDDJTqKd4bmUgKD/view<br><br> ORDINANZA PER ISTITUIRE TEMPORANEAMENTE UN DIVIETO DI SOSTA AMBO I LATI DELLA CARREGGIATA CON RESTRINGIMENTO CARREGGIATA DEL TRATTO INTERESSATO DAI LAVORI NELLE VIE CALACE- BUOZZI E VIALE EUROPA PER LAVORI DI SCAVO PER LA POSA CAVI MT DALL’ESECUTIVITÀ DELL’ATTO SINO AL 31/03/2026. IMPRESA: DMF COSTRUZIONI S.R.L. ISTANTE: LOSACCO LUIGI (LEGALE RAPPRESENTANTE DELLA DMF COSTRUZIONI S.R.L.<br><br>1. Istituzione temporanea del divieto di sosta ambo i lati della carreggiata con restringimento carreggiata del tratto interessato dai lavori nelle vie Calace- Buozzi e Viale Europa, per terminare lo scavo per posa cavi MT; <br>2. Tutti i provvedimenti in contrasto con la presente sono momentaneamente e provvisoriamente sospesi e divengono nuovamente efficaci all’esaurimento dei termini previsti dal presente disposto;<br><br>Durata e tempistiche: 12/02/2026 - 31/03/2026<br><br>https://drive.google.com/file/d/1rMfyXIaAgfXExSnZ1Rrv_Id6O-n4sJwg/view<br><br>ORDINANZA PER ISTITUIRE TEMPORANEAMENTE UN DIVIETO DI SOSTA AMBO I LATI DELLA CARREGGIATA CON RESTRINGIMENTO CARREGGIATA DEL TRATTO INTERESSATO DAI LAVORI NELLE VIE CALACE- BUOZZI E VIALE EUROPA PER LAVORI DI SCAVO PER LA POSA CAVI MT. PROROGA ORDINANZA DIRIGENZIALE N. 2025/02841 DEL 26/09/2025. IMPRESA: DMF COSTRUZIONI S.R.L. ISTANTE: LOSACCO LUIGI (LEGALE RAPPRESENTANTE DELLA DMF COSTRUZIONI S.R.L.)<br>Durata e tempistiche: 01/11/2025 - 31/01/2026]]></description>
      <styleUrl>#line-E65100-4681</styleUrl>
      <LineString>
        <tessellate>1</tessellate>
        <coordinates>
          16.8366296,41.1181698,0
          16.8376864,41.1166704,0
          16.8394996,41.1173454,0
        </coordinates>
      </LineString>
    </Placemark>
    <Placemark>
      <name>ORDINANZA 2026/00732 
DEL DIVIETO DI SOSTA CON RIMOZIONE FORZATA
VIA CELSO ULPIANI 6/A
RECINZIONE DI CANTIERE
RICHIEDENTE: SIG. DISABATO ANGELANTONIO
04/03/2026 - 31/12/2026
</name>
      <description><![CDATA[2026/00732 <br>https://drive.google.com/file/d/1WewvF3kKL72N4ch3M4wo-p08FQrvlyD7/view<br><br>PROROGA ORDINANZA N. 2025/00645 DEL 25.2.2025 ISTITUZIONE TEMPORANEA DEL DIVIETO DI SOSTA CON RIMOZIONE FORZATA PER TUTTI I VEICOLI SU VIA CELSO ULPIANI CIV 6/A PER UN’ESTENSIONE DI CIRCA 40 M NEL TRATTO COMPRESO TRA VIA DEI MILLE E VIA RE DAVID DAL 04/03/2026 SINO AL 31/12/2026 PER RECINZIONE DI CANTIERE . RICHIEDENTE: SIG. DISABATO ANGELANTONIO <br><br>Il divieto di sosta con rimozione forzata per tutti i veicoli durante gli orari indicati nel tratto interessato dai lavori; <br>la deroga al divieto di cui al punto precedente per i mezzi dell’ impresa esecutrice dei lavori citati in oggetto; <br>La graduazione della velocità per metri 50 in avvicinamento alla zona dei lavori con limite pari a 20 Km/h; <br><br>Durata e tempistiche: 04/03/2026 - 31/12/2026]]></description>
      <styleUrl>#icon-1541-E65100</styleUrl>
      <Point>
        <coordinates>
          16.8778879,41.110516,0
        </coordinates>
      </Point>
    </Placemark>
    <Placemark>
      <name>ORDINANZA 2026/00732 
DEL DIVIETO DI SOSTA CON RIMOZIONE FORZATA
VIA CELSO ULPIANI 6/A
RECINZIONE DI CANTIERE
RICHIEDENTE: SIG. DISABATO ANGELANTONIO
04/03/2026 - 31/12/2026
</name>
      <description><![CDATA[2026/00732 <br>https://drive.google.com/file/d/1WewvF3kKL72N4ch3M4wo-p08FQrvlyD7/view<br><br>PROROGA ORDINANZA N. 2025/00645 DEL 25.2.2025 ISTITUZIONE TEMPORANEA DEL DIVIETO DI SOSTA CON RIMOZIONE FORZATA PER TUTTI I VEICOLI SU VIA CELSO ULPIANI CIV 6/A PER UN’ESTENSIONE DI CIRCA 40 M NEL TRATTO COMPRESO TRA VIA DEI MILLE E VIA RE DAVID DAL 04/03/2026 SINO AL 31/12/2026 PER RECINZIONE DI CANTIERE . RICHIEDENTE: SIG. DISABATO ANGELANTONIO <br><br>Il divieto di sosta con rimozione forzata per tutti i veicoli durante gli orari indicati nel tratto interessato dai lavori; <br>la deroga al divieto di cui al punto precedente per i mezzi dell’ impresa esecutrice dei lavori citati in oggetto; <br>La graduazione della velocità per metri 50 in avvicinamento alla zona dei lavori con limite pari a 20 Km/h; <br><br>Durata e tempistiche: 04/03/2026 - 31/12/2026]]></description>
      <styleUrl>#line-E65100-4100</styleUrl>
      <LineString>
        <tessellate>1</tessellate>
        <coordinates>
          16.8783466,41.1105079,0
          16.8778799,41.1104837,0
        </coordinates>
      </LineString>
    </Placemark>
    <Placemark>
      <name>RDINANZA 2026/00713
DIVIETO DI TRANSITO VEICOLARE:
VIA CORRADO IN S. GIROLAMO DAL CIV.1 AL CIV.3;
VIA F.LLI PETRUZZELLI DAL CIV. 5 A STRADA S.GIROLAMO;
SENSO UNICO ALTERNATO:
VIA CORRADO DAL CIV. 3 ALLA VIA RESPIGHI
VIA F.LLI PETRUZZELLI DA VIA CORRADO AL CIV. 5
DIVIETO DI SOSTA:
STRADA S.GIROLAMO DA VIA CORRADO A VIA F.LLI PETRUZZELLI.
STATO DI EMERGENZA PERICOLO DI CROLLO MURO
RICHIEDENTE: POLIZIA LOCALE
13/02/2026 fino a fine esigenze</name>
      <description><![CDATA[2026/00713 <br><br>https://drive.google.com/file/d/147EjYaUw8WZm1Ez0wCP5UE-QT4d6oHIU/view<br><br>STATO DI EMERGENZA A SEGUITO PERICOLO DI CROLLO MURO SU VIA V. CORRADO CIV. 1-3 E VIA F.LLI PETRUZZELLI – Q.RE S.GIROLAMO<br><br>-ISTITUZIONE DEL DIVIETO DI TRANSITO VEICOLARE SU VIA CORRADO IN S. GIROLAMO DAL CIV.1 AL CIV.3;<br> -ISTITUZIONE DEL DIVIETO DI TRANSITO VEICOLARE SULLA VIA F.LLI PETRUZZELLI DAL CIV. 5 A STRADA S.GIROLAMO;<br>-ISTITUZIONE DEL SENSO UNICO ALTERNATO DI CIRCOLAZIONE SULLA VIA CORRADO DAL CIV. 3 ALLA VIA RESPIGHI, CON ACCESSO CONSENTITO AI SOLI FRONTISTI; -ISTITUZIONE DEL SENSO UNICO ALTERNATO DI CIRCOLAZIONE SULLA VIA F.LLI PETRUZZELLI DA VIA CORRADO AL CIV. 5, CON ACCESSO CONSENTITO AI SOLI FRONTISTI; -DIVIETO DI SOSTA SU STRADA S.GIROLAMO DA VIA CORRADO A VIA F.LLI PETRUZZELLI.<br><br>Durata e tempistiche: 13/02/2026 fino a fine esigenze]]></description>
      <styleUrl>#icon-1541-E65100</styleUrl>
      <Point>
        <coordinates>
          16.8232038,41.1355459,0
        </coordinates>
      </Point>
    </Placemark>
    <Placemark>
      <name>ORDINANZA 2026/00713
DIVIETO DI TRANSITO VEICOLARE:
VIA CORRADO IN S. GIROLAMO DAL CIV.1 AL CIV.3;
VIA F.LLI PETRUZZELLI DAL CIV. 5 A STRADA S.GIROLAMO;
SENSO UNICO ALTERNATO:
VIA CORRADO DAL CIV. 3 ALLA VIA RESPIGHI
VIA F.LLI PETRUZZELLI DA VIA CORRADO AL CIV. 5
DIVIETO DI SOSTA:
STRADA S.GIROLAMO DA VIA CORRADO A VIA F.LLI PETRUZZELLI.
STATO DI EMERGENZA PERICOLO DI CROLLO MURO
RICHIEDENTE: POLIZIA LOCALE
</name>
      <description><![CDATA[2026/00713<br><br><br>https://drive.google.com/file/d/147EjYaUw8WZm1Ez0wCP5UE-QT4d6oHIU/view<br><br><br>STATO DI EMERGENZA A SEGUITO PERICOLO DI CROLLO MURO SU VIA V. CORRADO CIV. 1-3 E VIA F.LLI PETRUZZELLI – Q.RE S.GIROLAMO<br><br><br>-ISTITUZIONE DEL DIVIETO DI TRANSITO VEICOLARE SU VIA CORRADO IN S. GIROLAMO DAL CIV.1 AL CIV.3;<br>-ISTITUZIONE DEL DIVIETO DI TRANSITO VEICOLARE SULLA VIA F.LLI PETRUZZELLI DAL CIV. 5 A STRADA S.GIROLAMO;<br>-ISTITUZIONE DEL SENSO UNICO ALTERNATO DI CIRCOLAZIONE SULLA VIA CORRADO DAL CIV. 3 ALLA VIA RESPIGHI, CON ACCESSO CONSENTITO AI SOLI FRONTISTI; -ISTITUZIONE DEL SENSO UNICO ALTERNATO DI CIRCOLAZIONE SULLA VIA F.LLI PETRUZZELLI DA VIA CORRADO AL CIV. 5, CON ACCESSO CONSENTITO AI SOLI FRONTISTI; -DIVIETO DI SOSTA SU STRADA S.GIROLAMO DA VIA CORRADO A VIA F.LLI PETRUZZELLI.<br><br><br>Durata e tempistiche: 13/02/2026 fino a fine esigenze]]></description>
      <styleUrl>#line-E65100-4488</styleUrl>
      <LineString>
        <tessellate>1</tessellate>
        <coordinates>
          16.823397,41.1357302,0
          16.8233032,41.1351141,0
          16.8241105,41.1351969,0
        </coordinates>
      </LineString>
    </Placemark>
    <Placemark>
      <name>ORDINANZA 2026/03978 
RESTRINGIMENTO DI CARREGGIATA
CORSO VITTORIO VENETO NEL TRATTO STRADALE COMPRESO TRA VIA EMANUELE ORLANDO E VIA BRIGATA REGINA - CARREGGIATA NORD (LATO MARE)
LAVORI DI REALIZZAZIONE DI UN SISTEMA BRT PER LA CITTÀ DI BARI
IMPRESA ESECUTRICE: R.T.I. COBAR S.P.A. - MER MEC STE S.R.L.
01/09/2026 - 31/10/2026  
</name>
      <description><![CDATA[ORDINANZA 2026/03978 <br><br>https://drive.google.com/file/d/1uRotfRazafhsQjZavPQZm64ZN3HFq7cR/view<br><br>PROROGA ORDINANZA N. 2026/03749 LAVORI DI REALIZZAZIONE DI UN SISTEMA BRT PER LA CITTÀ DI BARI - FINANZIATO DALLA UNIONE EUROPEA NEXT GENERATION EU - TRASPORTO RAPIDO DI MASSA - MISURA M2C2 - INV 4.2 DEL PNRR - CUP: J91B21002850001 REGOLAMENTAZIONE TEMPORANEA DELLA CIRCOLAZIONE STRADALE SU CORSO VITTORIO VENETO NEL TRATTO STRADALE COMPRESO TRA VIA EMANUELE ORLANDO E VIA BRIGATA REGINA - CARREGGIATA NORD (LATO MARE) FINO AL GIORNO 31.10.2026 IMPRESA ESECUTRICE: R.T.I. COBAR S.P.A. - MER MEC STE S.R.L. <br><br>Durata e tempistiche: 01/09/2026 - 31/10/2026 <br><br>PROROGATA FINO AL 31/08/2026<br>DALLA Ordinanza 2026/03749<br>https://drive.google.com/file/d/1RSvr80HbtA_549AVsd3oCdC3jPCl8JDt/view<br><br>ORDINANZA 2026/03239 <br>https://drive.google.com/file/d/1SRQyscd-2Uxtu_vhwk8y5Y4YkkFtBOEw/view<br>PROROGA ORDINANZA N. 2026/02746 FINO AL GIORNO 31.07.2026 IMPRESA ESECUTRICE: R.T.I. COBAR S.P.A. - MER MEC STE S.R.L <br>Durata e tempistiche: 01/07/2026 - 31/07/2026 <br><br>PROROGATA DALLA 2026/02746<br>https://drive.google.com/file/d/1xE2iNeHfTcUAqOD5m7JaFEkeE9A3fl6t/view<br>FINO AL 30/06/2026<br><br>PROROGATA DALLA 2026/02424<br>FINO AL 10/06/2026<br>https://drive.google.com/file/d/1et-URSdr330x01gooP6XMZOguFzTITK2/view<br><br>ORDINANZA 2026/01853 FUNGE DA PROROGA FINO AL 10/05/2026<br>https://drive.google.com/file/d/1SFPBbwTODqkL0NVVBL0xobGfpme-IEAm/view<br><br>https://drive.google.com/drive/folders/1o_4xwMypnO8_KMAcgkw4KDE0i085fQcS?hl=it<br><br>2026/00618<br>PROROGA ORDINANZA N. 2026/00003 DEL N31.12.2025<br>Durata e Tempistiche: 08/02/2026 - 07/04/2026<br><br>aggiornamento 14/01/2026<br>Proseguono, inoltre, gli interventi sul lungomare Vittorio Veneto, nel tratto stradale compreso tra via Emanuele Orlando e via Brigata Regina: conclusa la potatura dei cespugli di oleandro, l’impresa incaricata sta procedendo con la scarifica del manto stradale e con le lavorazioni analoghe a quelle effettuate sul sottovia.<br><br>Ordinanza: 2026/00003<br><br>https://drive.google.com/file/d/1OVUH4RceHw156mTI2zW_wRaABZhxVnCG/view<br><br>LAVORI DI REALIZZAZIONE DI UN SISTEMA BRT PER LA CITTÀ DI BARI -<br>FINANZIATO DALLA UNIONE EUROPEA NEXT GENERATION EU -<br>TRASPORTO RAPIDO DI MASSA - MISURA M2C2 - INV 4.2 DEL PNRR - CUP:<br>J91B21002850001<br>REGOLAMENTAZIONE TEMPORANEA DELLA CIRCOLAZIONE STRADALE SU<br>CORSO VITTORIO VENETO NEL TRATTO STRADALE COMPRESO TRA VIA<br>EMANUELE ORLANDO E VIA BRIGATA REGINA - CARREGGIATA NORD (LATO<br>MARE) <br><br>Nello specifico: <br>1) Istituzione del restringimento di carreggiata su Corso Vittorio Veneto nel tratto stradale compreso tra via Emanuele<br>Orlando e via Brigata Regina - carreggiata Nord (lato mare)<br>2) Istituzione della luce gialla lampeggiante per i semafori a monte e a valle del tratto interessato dai lavori durante<br>l'esecuzione degli stessi<br><br>Dagli obblighi e divieti di cui al punto 1) sono esclusi:<br>i) i veicoli al servizio, ovvero di proprietà dell’impresa esecutrice dei lavori e sue subappaltatrici;<br>ii) i veicoli delle forze dell’ordine, dei vigili del fuoco e delle]]></description>
      <styleUrl>#icon-1541-E65100</styleUrl>
      <Point>
        <coordinates>
          16.8447205,41.1339174,0
        </coordinates>
      </Point>
    </Placemark>
    <Placemark>
      <name>ORDINANZA 2026/03978 
RESTRINGIMENTO DI CARREGGIATA
CORSO VITTORIO VENETO NEL TRATTO STRADALE COMPRESO TRA VIA EMANUELE ORLANDO E VIA BRIGATA REGINA - CARREGGIATA NORD (LATO MARE)
LAVORI DI REALIZZAZIONE DI UN SISTEMA BRT PER LA CITTÀ DI BARI
IMPRESA ESECUTRICE: R.T.I. COBAR S.P.A. - MER MEC STE S.R.L.
01/09/2026 - 31/10/2026   
</name>
      <description><![CDATA[ORDINANZA 2026/03978 <br><br>https://drive.google.com/file/d/1uRotfRazafhsQjZavPQZm64ZN3HFq7cR/view<br><br>PROROGA ORDINANZA N. 2026/03749 LAVORI DI REALIZZAZIONE DI UN SISTEMA BRT PER LA CITTÀ DI BARI - FINANZIATO DALLA UNIONE EUROPEA NEXT GENERATION EU - TRASPORTO RAPIDO DI MASSA - MISURA M2C2 - INV 4.2 DEL PNRR - CUP: J91B21002850001 REGOLAMENTAZIONE TEMPORANEA DELLA CIRCOLAZIONE STRADALE SU CORSO VITTORIO VENETO NEL TRATTO STRADALE COMPRESO TRA VIA EMANUELE ORLANDO E VIA BRIGATA REGINA - CARREGGIATA NORD (LATO MARE) FINO AL GIORNO 31.10.2026 IMPRESA ESECUTRICE: R.T.I. COBAR S.P.A. - MER MEC STE S.R.L. <br><br>Durata e tempistiche: 01/09/2026 - 31/10/2026 <br><br>PROROGATA FINO AL 31/08/2026<br>DALLA Ordinanza 2026/03749<br>https://drive.google.com/file/d/1RSvr80HbtA_549AVsd3oCdC3jPCl8JDt/view<br><br>ORDINANZA 2026/03239 <br><br>https://drive.google.com/file/d/1SRQyscd-2Uxtu_vhwk8y5Y4YkkFtBOEw/view<br><br><br>PROROGA ORDINANZA N. 2026/02746 LAVORI DI REALIZZAZIONE DI UN SISTEMA BRT PER LA CITTÀ DI BARI - FINANZIATO DALLA UNIONE EUROPEA NEXT GENERATION EU - TRASPORTO RAPIDO DI MASSA - MISURA M2C2 - INV 4.2 DEL PNRR - CUP: J91B21002850001 REGOLAMENTAZIONE TEMPORANEA DELLA CIRCOLAZIONE STRADALE SU CORSO VITTORIO VENETO NEL TRATTO STRADALE COMPRESO TRA VIA EMANUELE ORLANDO E VIA BRIGATA REGINA - CARREGGIATA NORD (LATO MARE) FINO AL GIORNO 31.07.2026 IMPRESA ESECUTRICE: R.T.I. COBAR S.P.A. - MER MEC STE S.R.L <br><br>Durata e tempistiche: 01/07/2026 - 31/07/2026 <br><br>PROROGATA DALLA 2026/02746<br>https://drive.google.com/file/d/1xE2iNeHfTcUAqOD5m7JaFEkeE9A3fl6t/view<br>FINO AL 30/06/2026<br><br>PRORGATA DALLA 2026/02424<br>FINO AL 10/06/2026<br>https://drive.google.com/file/d/1et-URSdr330x01gooP6XMZOguFzTITK2/view<br><br>ORDINANZA 2026/01853 FUNGE DA PROROGA FINO AL 10/05/2026<br>https://drive.google.com/file/d/1SFPBbwTODqkL0NVVBL0xobGfpme-IEAm/view<br><br>https://drive.google.com/drive/folders/1o_4xwMypnO8_KMAcgkw4KDE0i085fQcS?hl=it<br><br>2026/00618<br>PROROGA ORDINANZA N. 2026/00003 DEL N31.12.2025<br>LAVORI DI REALIZZAZIONE DI UN SISTEMA BRT PER LA CITTÀ DI BARI -<br>FINANZIATO DALLA UNIONE EUROPEA NEXT GENERATION EU -<br>TRASPORTO RAPIDO DI MASSA - MISURA M2C2 - INV 4.2 DEL PNRR - CUP:<br>J91B21002850001<br>REGOLAMENTAZIONE TEMPORANEA DELLA CIRCOLAZIONE STRADALE SU<br>CORSO VITTORIO VENETO NEL TRATTO STRADALE COMPRESO TRA VIA<br>EMANUELE ORLANDO E VIA BRIGATA REGINA - CARREGGIATA NORD (LATO<br>MARE) DAL GIORNO 08.02.2026 AL GIORNO 07.04.2026<br>IMPRESA ESECUTRICE: R.T.I. COBAR S.P.A. - MER MEC STE S.R.L.Dal giorno 08.02.2026 al giorno 07.04.2026 sono istituiti i seguenti provvedimenti temporanei di circolazione:<br>1) Istituzione del restringimento di carreggiata su Corso Vittorio Veneto nel tratto stradale compreso tra via Emanuele<br>Orlando e via Brigata Regina - carreggiata Nord (lato mare)<br>2) Istituzione della luce gialla lampeggiante per i semafori a monte e a valle del tratto interessato dai lavori durante<br>l'esecuzione degli stessi<br>Dagli obblighi e divieti di cui al punto 1) sono esclusi:<br>i) i veicoli al servizio, ovvero di proprietà dell’impresa esecutrice dei lavori e sue subappaltatrici;<br>ii) i veicoli delle forze dell’ordine, dei vigili del fuoco e delle ambulanze durante l’espletamento di servizi<br>d’istituto e di soccorso pubblico e d’emergenza;<br>iii) i veicoli al servizio di persone con limitate o impedite capacità motorie;<br>iv) i veicoli diretti agli accessi carrabili privati. <br><br>Durata e Tempistiche: 08/02/2026 - 07/04/2026<br><br>Ordinanza: 2026/00003<br><br>https://drive.google.com/file/d/1OVUH4RceHw156mTI2zW_wRaABZhxVnCG/view<br><br>LAVORI DI REALIZZAZIONE DI UN SISTEMA BRT PER LA CITTÀ DI BARI -<br>FINANZIATO DALLA UNIONE EUROPEA NEXT GENERATION EU -<br>TRASPORTO RAPIDO DI MASSA - MISURA M2C2 - INV 4.2 DEL PNRR - CUP:<br>J91B21002850001<br>REGOLAMENTAZIONE TEMPORANEA DELLA CIRCOLAZIONE STRADALE SU<br>CORSO VITTORIO VENETO NEL TRATTO STRADALE COMPRESO TRA VIA<br>EMANUELE ORLANDO E VIA BRIGATA REGINA - CARREGGIATA NORD (LATO<br>MARE) <br><br> ]]></description>
      <styleUrl>#line-E65100-5069</styleUrl>
      <LineString>
        <tessellate>1</tessellate>
        <coordinates>
          16.844435,41.134035,0
          16.8446454,41.1335619,0
          16.8450316,41.1331376,0
          16.845906,41.1325558,0
          16.8466302,41.1321639,0
          16.8470701,41.131877,0
          16.8476495,41.1315457,0
          16.8495002,41.1304911,0
          16.851323,41.129459,0
        </coordinates>
      </LineString>
    </Placemark>
    <Placemark>
      <name>ORDINANZA 2026/04370
RESTRINGIMENTO DI CARREGGIATA, DIVIETO DI FERMATA, SENSO UNICO DI MARCIA
VIA TOSCANINI TRA VIA CALDAROLA E VIA PAOLO AQUILINO
LAVORI DI REALIZZAZIONE DI UN SISTEMA BRT PER LA CITTÀ DI BARI
IMPRESA ESECUTRICE :R.T.I. COBAR S.P.A. - MER MEC STE S.R.L.
22/09/2026 - 31/10/2026
</name>
      <description><![CDATA[ORDINANZA 2026/04370 <br>https://drive.google.com/file/d/1cboSrHDlI-bGDeMuOvU4fHd_5Y96kMJ9/view<br><br>PROROGA DELL’ORDINANZA DIRIGENZIALE N. 2026/03850 LAVORI DI REALIZZAZIONE DI UN SISTEMA BRT PER LA CITTÀ DI BARI - FINANZIATO DALLA UNIONE EUROPEA NEXT GENERATION EU - TRASPORTO RAPIDO DI MASSA - MISURA M2C2 - INV 4.2 DEL PNRR - CUP: J91B21002850001 ISTITUZIONE TEMPORANEA DEL DIVIETO DI TRANSITO A TUTTI I VEICOLI SU VIA CALDAROLA, ESCLUSIVAMENTE NELLA CARREGGIATA STRADALE CENTRALE, NEL TRATTO COMPRESO TRA VIA ARCHIMEDE E VIA LOIACONO FINO AL 31.10.2026 IMPRESA ESECUTRICE: R.T.I. COBAR S.P.A. - MER MEC STE S.R.L. <br><br>Durata e tempistiche: 22/09/2026 - 31/10/2026<br><br>ORDINANZA 2026/03849 <br>https://drive.google.com/file/d/1-NasIxMP6lqYb_KsaicAHXJVpYRWOw61/view<br><br>PROROGA DELL’ORDINANZA DIRIGENZIALE N. 2026/03529 LAVORI DI REALIZZAZIONE DI UN SISTEMA BRT PER LA CITTÀ DI BARI - FINANZIATO DALLA UNIONE EUROPEA NEXT GENERATION EU - TRASPORTO RAPIDO DI MASSA - MISURA M2C2 - INV 4.2 DEL PNRR - CUP: J91B21002850001 REGOLAMENTAZIONE TEMPORANEA DELLA CIRCOLAZIONE STRADALE SU VIA TOSCANINI FINO AL 21.9.2026 IMPRESA ESECUTRICE: R.T.I. COBAR S.P.A. - MER MEC STE S.R.L. <br><br>a) Istituzione del senso unico di marcia per tutti i veicoli su via Arturo Toscanini, nel tratto compreso tra via Caldarola e via Paolo Aquilino, nella direzione che va da via Caldarola verso via Paolo Aquilino b) Istituzione del divieto di fermata ambo i lati per tutti i veicoli su via Arturo Toscanini, nel tratto compreso tra via Caldarola e via Paolo Aquilino c) Istituzione del restringimento di carreggiata per tutti i veicoli su via Arturo Toscanini, nel tratto compreso tra via Caldarola e via Paolo Aquilino d) Istituzione dell'obbligo di svolta a destra per tutti i veicoli su via Tenente Cesare Suglia in corrispondenza dell'intersezione con via Arturo Toscanini e) Istituzione dell'obbligo di proseguire diritto e svoltare a destra per tutti i veicoli su Largo Puglia in corrispondenza dell'intersezione con via Arturo Toscanini f) Istituzione dell'obbligo di svolta a destra per tutti i veicoli su via Arturo Toscanini in corrispondenza dell'intersezione con via Paolo Aquilino, per la corrente di traffico proveniente da via Gentile g) Istituzione del divieto di accesso per tutti i veicoli su via Arturo Toscanini in corrispondenza dell'intersezione con via Paolo Aquilino, per la corrente di traffico proveniente da via Gentile <br><br>Durata e tempistiche: 10/08/2026 - 21/09/2026 <br><br>PROROGATA FINO AL 21/08/2026<br>Ordinanza 2026/03529<br>https://drive.google.com/file/d/195_h3qfwtAo5vKF7FH4Qy0ozuJQZm-KY/view<br><br>PROROGATA FINO AL 23/07/2026<br>Ordinanza 2026/03048<br>https://drive.google.com/file/d/16rjTNBCHjdAvooHvC6x6Uhvr9kUCjGmQ/view<br><br>---<br>ORDINANZA 2026/02618<br>https://drive.google.com/file/d/1oXvB-RC33SK7OXrnieD0k9-XZvummeUA/view<br><br><br><br><br><br>TERMINE E DURATA: fino al giorno 23.06.2026<br><br><br>PROROGATA DALLA 2026/01983 FINO AL 23/05/2026<br>https://drive.google.com/file/d/1x0MmF21-N_P1u6ACLOJn_b7bU3v6UV5b/v]]></description>
      <styleUrl>#icon-1541-E65100</styleUrl>
      <Point>
        <coordinates>
          16.9128411,41.1054351,0
        </coordinates>
      </Point>
    </Placemark>
    <Placemark>
      <name>ORDINANZA 2026/04370
RESTRINGIMENTO DI CARREGGIATA, DIVIETO DI FERMATA, SENSO UNICO DI MARCIA
VIA TOSCANINI TRA VIA CALDAROLA E VIA PAOLO AQUILINO
LAVORI DI REALIZZAZIONE DI UN SISTEMA BRT PER LA CITTÀ DI BARI
IMPRESA ESECUTRICE :R.T.I. COBAR S.P.A. - MER MEC STE S.R.L.
22/09/2026 - 31/10/2026
</name>
      <description><![CDATA[ORDINANZA 2026/04370 <br>https://drive.google.com/file/d/1cboSrHDlI-bGDeMuOvU4fHd_5Y96kMJ9/view<br><br>PROROGA DELL’ORDINANZA DIRIGENZIALE N. 2026/03850 LAVORI DI REALIZZAZIONE DI UN SISTEMA BRT PER LA CITTÀ DI BARI - FINANZIATO DALLA UNIONE EUROPEA NEXT GENERATION EU - TRASPORTO RAPIDO DI MASSA - MISURA M2C2 - INV 4.2 DEL PNRR - CUP: J91B21002850001 ISTITUZIONE TEMPORANEA DEL DIVIETO DI TRANSITO A TUTTI I VEICOLI SU VIA CALDAROLA, ESCLUSIVAMENTE NELLA CARREGGIATA STRADALE CENTRALE, NEL TRATTO COMPRESO TRA VIA ARCHIMEDE E VIA LOIACONO FINO AL 31.10.2026 IMPRESA ESECUTRICE: R.T.I. COBAR S.P.A. - MER MEC STE S.R.L. <br><br>Durata e tempistiche: 22/09/2026 - 31/10/2026<br><br>ORDINANZA 2026/03849 <br>https://drive.google.com/file/d/1-NasIxMP6lqYb_KsaicAHXJVpYRWOw61/view<br><br>PROROGA DELL’ORDINANZA DIRIGENZIALE N. 2026/03529 LAVORI DI REALIZZAZIONE DI UN SISTEMA BRT PER LA CITTÀ DI BARI - FINANZIATO DALLA UNIONE EUROPEA NEXT GENERATION EU - TRASPORTO RAPIDO DI MASSA - MISURA M2C2 - INV 4.2 DEL PNRR - CUP: J91B21002850001 REGOLAMENTAZIONE TEMPORANEA DELLA CIRCOLAZIONE STRADALE SU VIA TOSCANINI FINO AL 21.9.2026 IMPRESA ESECUTRICE: R.T.I. COBAR S.P.A. - MER MEC STE S.R.L. <br><br>a) Istituzione del senso unico di marcia per tutti i veicoli su via Arturo Toscanini, nel tratto compreso tra via Caldarola e via Paolo Aquilino, nella direzione che va da via Caldarola verso via Paolo Aquilino b) Istituzione del divieto di fermata ambo i lati per tutti i veicoli su via Arturo Toscanini, nel tratto compreso tra via Caldarola e via Paolo Aquilino c) Istituzione del restringimento di carreggiata per tutti i veicoli su via Arturo Toscanini, nel tratto compreso tra via Caldarola e via Paolo Aquilino d) Istituzione dell'obbligo di svolta a destra per tutti i veicoli su via Tenente Cesare Suglia in corrispondenza dell'intersezione con via Arturo Toscanini e) Istituzione dell'obbligo di proseguire diritto e svoltare a destra per tutti i veicoli su Largo Puglia in corrispondenza dell'intersezione con via Arturo Toscanini f) Istituzione dell'obbligo di svolta a destra per tutti i veicoli su via Arturo Toscanini in corrispondenza dell'intersezione con via Paolo Aquilino, per la corrente di traffico proveniente da via Gentile g) Istituzione del divieto di accesso per tutti i veicoli su via Arturo Toscanini in corrispondenza dell'intersezione con via Paolo Aquilino, per la corrente di traffico proveniente da via Gentile <br><br>Durata e tempistiche: 10/08/2026 - 21/09/2026 <br><br>PROROGATA FINO AL 21/08/2026<br>Ordinanza 2026/03529<br>https://drive.google.com/file/d/195_h3qfwtAo5vKF7FH4Qy0ozuJQZm-KY/view<br><br>PROROGATA FINO AL 23/07/2026<br>Ordinanza 2026/03048<br>https://drive.google.com/file/d/16rjTNBCHjdAvooHvC6x6Uhvr9kUCjGmQ/view<br><br>ORDINANZA 2026/02618<br>https://drive.google.com/file/d/1oXvB-RC33SK7OXrnieD0k9-XZvummeUA/view<br><br>TERMINE E DURATA: fino al giorno 23.06.2026<br><br><br>PROROGATA DALLA 2026/01983 FINO AL 23/05/2026<br>https://drive.google.com/file/d/1x0MmF21-N_P1u6ACLOJn_b7bU3v6UV5b/view?u]]></description>
      <styleUrl>#line-E65100-5263</styleUrl>
      <LineString>
        <tessellate>1</tessellate>
        <coordinates>
          16.9133561,41.1056655,0
          16.9108027,41.101971,0
        </coordinates>
      </LineString>
    </Placemark>
    <Placemark>
      <name>ORDINANZA 2026/04371 
RESTRINGIMENTO DI CARREGGIATA E DIVIETO DI FERMATA
VIA QUINTINO SELLA
LAVORI DI REALIZZAZIONE DI UN SISTEMA BRT PER LA CITTÀ DI BARI 
IMPRESA ESECUTRICE: R.T.I. COBAR S.P.A. - MER MEC STE S.R.L.
10/08/2026 - 31/10/2026
</name>
      <description><![CDATA[PROROGATA DALLA Ordinanza<br>2026/04371 FINO AL 31/10/2026<br>https://drive.google.com/file/d/11CsbzcC0i1m2NJ7aZBcoKwGcP9Y-j2SQ/view<br><br>ORDINANZA 2026/03848 <br>https://drive.google.com/file/d/1kjjPUvvXd1VGw0jfAtdskylN49l8TZlY/view<br><br>PROROGA ORDINANZA DIRIGENZIALE N. 2026/03530 LAVORI DI REALIZZAZIONE DI UN SISTEMA BRT PER LA CITTÀ DI BARI - FINANZIATO DALLA UNIONE EUROPEA NEXT GENERATION EU - TRASPORTO RAPIDO DI MASSA - MISURA M2C2 - INV 4.2 DEL PNRR - CUP: J91B21002850001 REGOLAMENTAZIONE TEMPORANEA DELLA CIRCOLAZIONE STRADALE SU VIA QUINTINO SELLA FINO AL GIORNO 21.9.2026 IMPRESA ESECUTRICE: R.T.I. COBAR S.P.A. - MER MEC STE S.R.L. <br><br>Durata e tempistiche: 10/08/2026 - 20/09/2026<br><br>PROROGATA DALLA 2026/03530<br>FINO AL 21/08/2026<br>https://drive.google.com/file/d/14og_UI-3YGslsMm9Yr2kd3T1QUzbFsIx/view<br><br>PROROGATA FINO AL 23/07/2026<br>Ordinanza 2026/03049<br>https://drive.google.com/file/d/1kBunUuyUw7uyTPI1oQ0nUONjRw3MRkWO/view<br>-----<br>ORDINANZA 2026/02617<br>PROROGA ORDINANZA DIRIGENZIALE N. 2026/01982<br>https://drive.google.com/file/d/17KDVIvmJU2FADybgwGKLq73xftzCDWdj/view<br>L’istituzione del restringimento di carreggiata a tutti i veicoli su:<br>i) via Quintino Sella, sia per la corsia riservata per autobus e taxi che per la corsia veicolare.<br>b) L’istituzione del divieto di fermata a tutti i veicoli su:<br>i) via Quintino Sella;<br>2) Dagli obblighi e divieti di cui al punto 1) sono esclusi:<br>i) i veicoli al servizio, ovvero di proprietà dell’impresa esecutrice dei lavori e sue subappaltatrici;<br>ii) i veicoli delle forze dell’ordine, dei vigili del fuoco e delle ambulanze durante l’espletamento di servizi<br>d’istituto e di soccorso pubblico e d’emergenza;<br>iii) i veicoli al servizio di persone con limitate o impedite capacità motorie;<br>iv) i veicoli diretti agli accessi carrabili privati.<br>TERMINE E DURATA: fino al giorno 23.06.2026<br><br>PROROGATA DALLA 2026/01982 FINO AL 23/05/2026<br>https://drive.google.com/file/d/1to4tLI1QDT5Z5vzKUTt2UsnhkLx5-kzN/view<br>-----<br><br>PROROGATA DALLA 2026/01397<br>https://drive.google.com/file/d/1EoiAuo0yNvu_IwwVL9QRj61HRU6Mu86M/view<br>FINO AL 23/04/2026<br>-----<br>ORDINANZA 2026/00786 <br><br>https://drive.google.com/file/d/1nb1jLQSDtIbD3m2_vuGLEkQpcTbGvNaC/view<br><br>Durata e tempistiche: 23/02/2026 - 23/03/2026]]></description>
      <styleUrl>#icon-1541-E65100</styleUrl>
      <Point>
        <coordinates>
          16.8645712,41.1221378,0
        </coordinates>
      </Point>
    </Placemark>
    <Placemark>
      <name>ORDINANZA 2026/04371 
RESTRINGIMENTO DI CARREGGIATA E DIVIETO DI FERMATA
VIA QUINTINO SELLA
LAVORI DI REALIZZAZIONE DI UN SISTEMA BRT PER LA CITTÀ DI BARI 
IMPRESA ESECUTRICE: R.T.I. COBAR S.P.A. - MER MEC STE S.R.L.
10/08/2026 - 31/10/2026
</name>
      <description><![CDATA[PROROGATA DALLA Ordinanza<br>2026/04371 FINO AL 31/10/2026<br>https://drive.google.com/file/d/11CsbzcC0i1m2NJ7aZBcoKwGcP9Y-j2SQ/view<br><br>ORDINANZA 2026/03848 <br>https://drive.google.com/file/d/1kjjPUvvXd1VGw0jfAtdskylN49l8TZlY/view<br><br>PROROGA ORDINANZA DIRIGENZIALE N. 2026/03530 LAVORI DI REALIZZAZIONE DI UN SISTEMA BRT PER LA CITTÀ DI BARI - FINANZIATO DALLA UNIONE EUROPEA NEXT GENERATION EU - TRASPORTO RAPIDO DI MASSA - MISURA M2C2 - INV 4.2 DEL PNRR - CUP: J91B21002850001 REGOLAMENTAZIONE TEMPORANEA DELLA CIRCOLAZIONE STRADALE SU VIA QUINTINO SELLA FINO AL GIORNO 21.9.2026 IMPRESA ESECUTRICE: R.T.I. COBAR S.P.A. - MER MEC STE S.R.L. <br><br>Durata e tempistiche: 10/08/2026 - 20/09/2026<br><br>PROROGATA DALLA 2026/03530 <br>FINO AL 21/08/2026<br>https://drive.google.com/file/d/14og_UI-3YGslsMm9Yr2kd3T1QUzbFsIx/view<br><br>PROROGATA FINO AL 23/07/2026<br>Ordinanza 2026/03049<br>https://drive.google.com/file/d/1kBunUuyUw7uyTPI1oQ0nUONjRw3MRkWO/view<br>-----<br>ORDINANZA 2026/02617<br>PROROGA ORDINANZA DIRIGENZIALE N. 2026/01982<br>https://drive.google.com/file/d/17KDVIvmJU2FADybgwGKLq73xftzCDWdj/view<br>L’istituzione del restringimento di carreggiata a tutti i veicoli su:<br>i) via Quintino Sella, sia per la corsia riservata per autobus e taxi che per la corsia veicolare.<br>b) L’istituzione del divieto di fermata a tutti i veicoli su:<br>i) via Quintino Sella;<br>2) Dagli obblighi e divieti di cui al punto 1) sono esclusi:<br>i) i veicoli al servizio, ovvero di proprietà dell’impresa esecutrice dei lavori e sue subappaltatrici;<br>ii) i veicoli delle forze dell’ordine, dei vigili del fuoco e delle ambulanze durante l’espletamento di servizi<br>d’istituto e di soccorso pubblico e d’emergenza;<br>iii) i veicoli al servizio di persone con limitate o impedite capacità motorie;<br>iv) i veicoli diretti agli accessi carrabili privati.<br>TERMINE E DURATA: fino al giorno 23.06.2026<br><br><br>PROROGATA DALLA 2026/01982 FINO AL 23/05/2026<br>https://drive.google.com/file/d/1to4tLI1QDT5Z5vzKUTt2UsnhkLx5-kzN/view<br><br>PROROGATA DALLA 2026/01397<br>https://drive.google.com/file/d/1EoiAuo0yNvu_IwwVL9QRj61HRU6Mu86M/view<br>FINO AL 23/04/2026<br>-------<br>ORDINANZA 2026/00786 <br><br>https://drive.google.com/file/d/1nb1jLQSDtIbD3m2_vuGLEkQpcTbGvNaC/view<br><br>Durata e tempistiche: 23/02/2026 - 23/03/2026]]></description>
      <styleUrl>#line-E65100-5069</styleUrl>
      <LineString>
        <tessellate>1</tessellate>
        <coordinates>
          16.86399,41.1256679,0
          16.8647699,41.1184167,0
        </coordinates>
      </LineString>
    </Placemark>
    <Placemark>
      <name>ORDINANZA 2026/00789 
RESTRINGIMENTO DI CARREGGIATA E SENSO UNICO ALTERNATO
STRADA DETTA DELLA MARINA IN SAN GIORGIO
MONITORAGGIO IN CONDIZIONI DI SICUREZZA
20/02/2026 -  fino a revoca
</name>
      <description><![CDATA[ORDINANZA 2026/00789 <br><br><br>https://drive.google.com/file/d/1xHP1wwAH_j1Qs1ohtECRG26DXiOdBl3u/view<br><br><br>REGOLAMENTAZIONE TEMPORANEA DELLA CIRCOLAZIONE SU STRADA DETTA DELLA MARINA IN SAN GIORGIO <br> a seguito di eventi meteorologici in data 20.02.2026 è stato rilevato un cedimento di parte della carreggiata stradale su Strada detta della Marina in San Giorgio in prossimità del civ 62/C ed è stata riscontrata la necessità di effettuare approfondimenti in merito alla estensione del fenomeno; - che al fine di consentire lo svolgimento delle suddette attività di monitoraggio in condizioni di sicurezza risulta necessario restringere la carreggiata stradale e conseguentemente istituire il senso unico alternato su Strada detta della Marina in San Giorgio in prossimità del civ 62/C<br>20/02/2026 fino a revoca]]></description>
      <styleUrl>#icon-1541-E65100</styleUrl>
      <Point>
        <coordinates>
          16.9696486,41.0960349,0
        </coordinates>
      </Point>
    </Placemark>
    <Placemark>
      <name>ORDINANZA 2026/00789 
RESTRINGIMENTO DI CARREGGIATA E SENSO UNICO ALTERNATO
STRADA DETTA DELLA MARINA IN SAN GIORGIO
MONITORAGGIO IN CONDIZIONI DI SICUREZZA
20/02/2026 - fino a revoca
</name>
      <description><![CDATA[ORDINANZA 2026/00789 <br><br><br>https://drive.google.com/file/d/1xHP1wwAH_j1Qs1ohtECRG26DXiOdBl3u/view<br><br><br>REGOLAMENTAZIONE TEMPORANEA DELLA CIRCOLAZIONE SU STRADA DETTA DELLA MARINA IN SAN GIORGIO <br> a seguito di eventi meteorologici in data 20.02.2026 è stato rilevato un cedimento di parte della carreggiata stradale su Strada detta della Marina in San Giorgio in prossimità del civ 62/C ed è stata riscontrata la necessità di effettuare approfondimenti in merito alla estensione del fenomeno; - che al fine di consentire lo svolgimento delle suddette attività di monitoraggio in condizioni di sicurezza risulta necessario restringere la carreggiata stradale e conseguentemente istituire il senso unico alternato su Strada detta della Marina in San Giorgio in prossimità del civ 62/C<br>20/02/2026 fino a revoca]]></description>
      <styleUrl>#line-E65100-3519</styleUrl>
      <LineString>
        <tessellate>1</tessellate>
        <coordinates>
          16.9689566,41.0960036,0
          16.9704667,41.0960015,0
        </coordinates>
      </LineString>
    </Placemark>
    <Placemark>
      <name>ORDINANZA 2026/00791
DIVIETO DI TRANSITO 
PROSSIMITÀ DEI FABBRICATI VIAGGIATORI DI FERROVIE APPULO LUCANE E FERROTRAMVIARIA
PIAZZA ALDO MORO DAL CIV.50 AL CIV.52
DIVIETO DI FERMATA
PIAZZA ALDO MORO:NELLO SPAZIO ANTISTANTE L’INGRESSO ALLA STAZIONE CENTRALE, IN PROSSIMITÀ DEL CORDOLO SPARTITRAFFICO
SPAZIO ANTISTANTE I CIVV. 53 E 55 (EX KFC)
L’ISTITUZIONE DI UN CAPOLINEA DEL TRASPORTO PUBBLICO LOCALE GESTITO DALL’AMTAB S.P.A. SU PIAZZA ALDO MORO, IN DEROGA AL DIVIETO DI FERMATA, NELLO SPAZIO ANTISTANTE L’INGRESSO ALLA STAZIONE CENTRALE, IN PROSSIMITÀ DEL CORDOLO SPARTITRAFFICO
LAVORI PIAZZA MRO
RICHIEDENTE : 
20/02/2026 - FINO A REVOCA</name>
      <description><![CDATA[ORDINANZA 2026/00791<br><br>https://drive.google.com/file/d/1R9x3aq4GsMpa3IgRfQDNj7LkfZFXDjUU/view<br><br>Dall’esecutività del presente provvedimento sino alla revoca di quanto previsto dal presente provvedimento:<br>1. L’istituzione del divieto di transito a tutti i veicoli in prossimità dei fabbricati viaggiatori di Ferrovie<br>Appulo Lucane e Ferrotramviaria, civv. dal 50 al 52 di Piazza Aldo Moro<br>2. L’istituzione del divieto di fermata a tutti i veicoli su Piazza Aldo Moro:<br><br>- Nello spazio antistante l’ingresso alla Stazione Centrale, in prossimità del cordolo<br>spartitraffico;<br>- Nello spazio antistante i civv. 53 e 55 (ex KFC)<br><br>3. L’istituzione di un capolinea del Trasporto Pubblico Locale gestito dall’AMTAB S.p.A. su piazza Aldo<br>Moro, in deroga al divieto di fermata, nello spazio antistante l’ingresso alla Stazione Centrale, in<br>prossimità del cordolo spartitraffico<br>Durata e tempistiche: 20/02/2026 - FINO A REVOCA]]></description>
      <styleUrl>#icon-1541-E65100</styleUrl>
      <Point>
        <coordinates>
          16.8699016,41.1186232,0
        </coordinates>
      </Point>
    </Placemark>
    <Placemark>
      <name>ORDINANZA 2026/00790 
DIVIETO DI TRANSITOi
VIA DEI TRULLI IN TORRE A MARE DA VIA RAFFAELE RESTA A VIA FONTANA NUOVA
SENSO UNICO DI MARCIA SU VIA FONTANA NUOVA E SU VIA DEI TRULLI
MONITORAGGIO IN CONDIZIONI DI SICUREZZA
20/02/2026 - FINO A REVOCA
</name>
      <description><![CDATA[ORDINANZA 2026/00790 <br><br><br>https://drive.google.com/file/d/1Gr-KMX7LLvtfghAmIPGdZHErs3xmo9ME/view<br>REGOLAMENTAZIONE TEMPORANEA DELLA CIRCOLAZIONE SU VIA DEI TRULLI E VIA FONTANA NUOVA IN TORRE A MARE <br>1. L’istituzione del divieto di transito a tutti i veicoli con massa a pieno carico superiore a 3.5 t esteso anche ai veicoli adibiti al trasporto di persone su via dei Trulli in Torre a Mare; 2. L’istituzione del divieto di transito a tutti i veicoli su via dei Trulli in Torre a Mare nel tratto stradale compreso tra via Raffaele Resta e via Fontana Nuova, eccetto frontisti; o L’ingresso e l’uscita dei frontisti diretti su via dei Trulli nel tratto compreso tra via Resta ed il civ. 21 dovrà avvenire da via Resta; o L’ingresso e l’uscita dei frontisti diretti su via dei Trulli nel tratto compreso tra via Fontana Nuova ed il civ. 23 dovrà avvenire da via Fontana Nuova; 3. L’istituzione del senso unico di marcia su via Fontana Nuova in Torre a Mare nel tratto compreso tra via Morelli e Silvati e via Giosuè Carducci nella direzione di marcia che va da via Morelli e Silvati verso via Giosuè Carducci 4. L’istituzione del senso unico di marcia su via dei Trulli in Torre a Mare nella direzione di marcia che va da via Raffaele Resta verso via Lama di Giotta 5. L’istituzione dell’obbligo di svolta a sinistra, eccetto frontisti, su via Raffaele Resta in corrispondenza dell’intersezione con via dei Trulli 6. L’istituzione dell’obbligo di svolta a sinistra e destra su via Fontana Nuova in corrispondenza dell’intersezione con via Giosuè Carducci per la corrente di traffico proveniente da via Morelli e Silvati 7. Istituzione del divieto di accesso su via dei Trulli in corrispondenza dell’intersezione con via Lama di Giotta <br>8. Istituzione del divieto di accesso su via Fontana Nuova in corrispondenza dell’intersezione con via Giosuè Carducci per la corrente di traffico proveniente da via dei Trulli verso via Morelli e Silvati 9. Istituzione del divieto di accesso su via Fontana Nuova in corrispondenza dell’intersezione con via Giosuè Carducci per la corrente di traffico proveniente da via Morelli e Silvati<br>20/02/2026 fino a revoca]]></description>
      <styleUrl>#icon-1541-E65100</styleUrl>
      <Point>
        <coordinates>
          17.005362,41.08677,0
        </coordinates>
      </Point>
    </Placemark>
    <Placemark>
      <name>ORDINANZA 2026/00790 
DIVIETO DI TRANSITOi
VIA DEI TRULLI IN TORRE A MARE DA VIA RAFFAELE RESTA A VIA FONTANA NUOVA
SENSO UNICO DI MARCIA SU VIA FONTANA NUOVA E SU VIA DEI TRULLI
MONITORAGGIO IN CONDIZIONI DI SICUREZZA
20/02/2026 - FINO A REVOCA
</name>
      <description><![CDATA[ORDINANZA 2026/00790 <br><br><br>https://drive.google.com/file/d/1Gr-KMX7LLvtfghAmIPGdZHErs3xmo9ME/view<br>REGOLAMENTAZIONE TEMPORANEA DELLA CIRCOLAZIONE SU VIA DEI TRULLI E VIA FONTANA NUOVA IN TORRE A MARE <br>1. L’istituzione del divieto di transito a tutti i veicoli con massa a pieno carico superiore a 3.5 t esteso anche ai veicoli adibiti al trasporto di persone su via dei Trulli in Torre a Mare; 2. L’istituzione del divieto di transito a tutti i veicoli su via dei Trulli in Torre a Mare nel tratto stradale compreso tra via Raffaele Resta e via Fontana Nuova, eccetto frontisti; o L’ingresso e l’uscita dei frontisti diretti su via dei Trulli nel tratto compreso tra via Resta ed il civ. 21 dovrà avvenire da via Resta; o L’ingresso e l’uscita dei frontisti diretti su via dei Trulli nel tratto compreso tra via Fontana Nuova ed il civ. 23 dovrà avvenire da via Fontana Nuova; 3. L’istituzione del senso unico di marcia su via Fontana Nuova in Torre a Mare nel tratto compreso tra via Morelli e Silvati e via Giosuè Carducci nella direzione di marcia che va da via Morelli e Silvati verso via Giosuè Carducci 4. L’istituzione del senso unico di marcia su via dei Trulli in Torre a Mare nella direzione di marcia che va da via Raffaele Resta verso via Lama di Giotta 5. L’istituzione dell’obbligo di svolta a sinistra, eccetto frontisti, su via Raffaele Resta in corrispondenza dell’intersezione con via dei Trulli 6. L’istituzione dell’obbligo di svolta a sinistra e destra su via Fontana Nuova in corrispondenza dell’intersezione con via Giosuè Carducci per la corrente di traffico proveniente da via Morelli e Silvati 7. Istituzione del divieto di accesso su via dei Trulli in corrispondenza dell’intersezione con via Lama di Giotta <br>8. Istituzione del divieto di accesso su via Fontana Nuova in corrispondenza dell’intersezione con via Giosuè Carducci per la corrente di traffico proveniente da via dei Trulli verso via Morelli e Silvati 9. Istituzione del divieto di accesso su via Fontana Nuova in corrispondenza dell’intersezione con via Giosuè Carducci per la corrente di traffico proveniente da via Morelli e Silvati<br>20/02/2026 fino a revoca]]></description>
      <styleUrl>#line-E65100-4681</styleUrl>
      <LineString>
        <tessellate>1</tessellate>
        <coordinates>
          17.0045688,41.0876006,0
          17.0054056,41.0866949,0
          17.005734,41.086611,0
          17.006339,41.0867111,0
        </coordinates>
      </LineString>
    </Placemark>
    <Placemark>
      <name>ORDINANZA 2026/04368 
ISTITUZIONE DEL RESTRINGIMENTO DI CARREGGIATA
ISTITUZIONE DEL DIVIETO DI FERMATA
ISTITUZIONE DI UN CAPOLINEA TEMPORANEO
CORSO VITTORIO VENETO TRA VIA BRIGATA REGINA E PIAZZA MASSARI
LAVORI DI REALIZZAZIONE DI UN SISTEMA BRT PER LA CITTÀ DI BARI
IMPRESA ESECUTRICE: R.T.I. COBAR S.P.A. - MER MEC STE S.R.L.
22/09/2026 - 31/10/2026
</name>
      <description><![CDATA[ORDINANZA 2026/04368 <br>https://drive.google.com/file/d/1u20mQ2nI3OhxnLm6FHcaDbNw9linnxDr/view<br><br>PROROGA DELL’ORDINANZA DIRIGENZIALE N. 2026/03851 LAVORI DI REALIZZAZIONE DI UN SISTEMA BRT PER LA CITTÀ DI BARI - FINANZIATO DALLA UNIONE EUROPEA NEXT GENERATION EU - TRASPORTO RAPIDO DI MASSA - MISURA M2C2 - INV 4.2 DEL PNRR - CUP: J91B21002850001 REGOLAMENTAZIONE TEMPORANEA DELLA CIRCOLAZIONE STRADALE SU CORSO VITTORIO VENETO NEL TRATTO STRADALE COMPRESO TRA VIA BRIGATA REGINA E PIAZZA MASSARI FINO AL 31.10.2026 IMPRESA ESECUTRICE: R.T.I. COBAR S.P.A. - MER MEC STE S.R.L. <br><br>a) L’istituzione del restringimento di carreggiata a tutti i veicoli su: i) Corso Vittorio Veneto nel tratto stradale compreso tra via Brigata Regina e Piazza Massari; ii) Via Brigata Regina, sulla carreggiata che percorre la corrente di traffico in direzione Corso Vittorio Veneto, in prossimità della stessa intersezione con Corso Vittorio Veneto, per circa 25 metri; b) L’istituzione del divieto di fermata a tutti i veicoli su: i) su Corso Vittorio Veneto, ambo i lati, nel tratto stradale compreso tra via Brigata Regina e Piazza Massari; c) L’istituzione di un capolinea temporaneo dei veicoli del Trasporto Pubblico Locale della Città di Bari, gestito dalla società Amtab s.p.a. su: i) Via Brigata Regina, sul lato destro della carreggiata che percorre la corrente di traffico in direzione Corso Vittorio Veneto, in prossimità della stessa intersezione con Corso Vittorio Veneto, per circa 25 metri; <br><br>Durata e tempistiche: 22/09/2026 - 31/10/2026<br><br>PROROGATA FINO AL 20/09/2026<br>DALLA Ordinanza 2026/03851<br>https://drive.google.com/file/d/14wmzTTVwb3R2hDpYC_LhAj8E6yN8FbLt/view<br>-----------------------<br>PRORGATA FINO AL 21/07/2026<br>Ordinanza 2026/02929<br>https://drive.google.com/file/d/1SmFAxNDhB7RV-ztyUnde0_2ruT9qobgg/view<br>---------------<br>PROROGATA FINO AL 21/06/2026<br>Ordinanza 2026/02594<br>https://drive.google.com/file/d/1Jt8qFvaBjCjgp9q7O0081DOo6gHtketU/view<br>--------<br>PROROGATA DALLA  2026/01985<br>FINO AL 21/05/2026 <br>https://drive.google.com/file/d/1JHQwJ9o1-zNxNM4GsqUVP6DtuoI8s8m_/view<br><br>PROROGATA DALLA  2026/01393<br>https://drive.google.com/file/d/1epOnE5OwEqaxcsyqr9RHfPDp_C6Pyrz8/view<br>FINO AL 21/04/2026<br>----<br>ORDINANZA 2026/00804<br>LAVORI DI REALIZZAZIONE DI UN SISTEMA BRT PER LA CITTÀ DI BARI -<br>FINANZIATO DALLA UNIONE EUROPEA NEXT GENERATION EU -<br>TRASPORTO RAPIDO DI MASSA - MISURA M2C2 - INV 4.2 DEL PNRR - CUP:<br>J91B21002850001<br>REGOLAMENTAZIONE TEMPORANEA DELLA CIRCOLAZIONE STRADALE SU<br>CORSO VITTORIO VENETO NEL TRATTO STRADALE COMPRESO TRA VIA<br>BRIGATA REGINA E PIAZZA MASSARI FINO AL 21.03.2026<br>IMPRESA ESECUTRICE: R.T.I. COBAR S.P.A. - MER MEC STE S.R.L<br>Dall’esecutività del presente provvedimento fino al 21.03.2026 sono istituiti i seguenti provvedimenti<br>temporanei di circolazione:<br>a) L’istituzione del restringimento di carreggiata a tutti i veicoli su:<br>i) Corso Vittorio Veneto nel tratto stradale compreso tra via Brigata Regina e Piazza Massari;<br>ii) Via Brigata Regina, sulla carreggiata che percorre la corrente di traffico in direzione Corso Vittorio Veneto,<br>in prossimità della stessa intersezione con Corso Vittorio Veneto, per circa 25 metri;<br>b) L’istituzione del divieto di fermata a tutti i veicoli su:<br>i) su Corso Vittorio Veneto, ambo i lati, nel tratto stradale compreso tra via Brigata Regina e Piazza Massari;<br>c) L’istituzione di un capolinea temporaneo dei veicoli del Trasporto Pubblico Locale della Città di Bari, gestito dalla<br>società Amtab s.p.a. su:<br>i) Via Brigata Regina, sul lato destro della carreggiata che percorre la corrente di traffico in direzione Corso<br>Vittorio Veneto, in prossimità della stessa intersezione con Corso Vittorio Veneto, per circa 25 metri;<br>2) Dagli obblighi e divieti di cui al punto 1) sono esclusi:<br>i) i veicoli al servizio, ovvero di proprietà dell’impresa esecutrice dei lavori e sue subappaltatrici;<br>ii) i veicoli delle forze dell’ordine, dei vigili del fuoco e delle ambulanze durante l’espletamento di servizi<br>d’istituto e di soccorso pubblico e d’emerg]]></description>
      <styleUrl>#icon-1541-E65100</styleUrl>
      <Point>
        <coordinates>
          16.8558174,41.1281777,0
        </coordinates>
      </Point>
    </Placemark>
    <Placemark>
      <name>ORDINANZA 2026/04368 
ISTITUZIONE DEL RESTRINGIMENTO DI CARREGGIATA
ISTITUZIONE DEL DIVIETO DI FERMATA
ISTITUZIONE DI UN CAPOLINEA TEMPORANEO
CORSO VITTORIO VENETO TRA VIA BRIGATA REGINA E PIAZZA MASSARI
LAVORI DI REALIZZAZIONE DI UN SISTEMA BRT PER LA CITTÀ DI BARI
IMPRESA ESECUTRICE: R.T.I. COBAR S.P.A. - MER MEC STE S.R.L.
22/09/2026 - 31/10/2026
</name>
      <description><![CDATA[ORDINANZA 2026/04368 <br>https://drive.google.com/file/d/1u20mQ2nI3OhxnLm6FHcaDbNw9linnxDr/view<br><br>PROROGA DELL’ORDINANZA DIRIGENZIALE N. 2026/03851 LAVORI DI REALIZZAZIONE DI UN SISTEMA BRT PER LA CITTÀ DI BARI - FINANZIATO DALLA UNIONE EUROPEA NEXT GENERATION EU - TRASPORTO RAPIDO DI MASSA - MISURA M2C2 - INV 4.2 DEL PNRR - CUP: J91B21002850001 REGOLAMENTAZIONE TEMPORANEA DELLA CIRCOLAZIONE STRADALE SU CORSO VITTORIO VENETO NEL TRATTO STRADALE COMPRESO TRA VIA BRIGATA REGINA E PIAZZA MASSARI FINO AL 31.10.2026 IMPRESA ESECUTRICE: R.T.I. COBAR S.P.A. - MER MEC STE S.R.L. <br><br>a) L’istituzione del restringimento di carreggiata a tutti i veicoli su: i) Corso Vittorio Veneto nel tratto stradale compreso tra via Brigata Regina e Piazza Massari; ii) Via Brigata Regina, sulla carreggiata che percorre la corrente di traffico in direzione Corso Vittorio Veneto, in prossimità della stessa intersezione con Corso Vittorio Veneto, per circa 25 metri; b) L’istituzione del divieto di fermata a tutti i veicoli su: i) su Corso Vittorio Veneto, ambo i lati, nel tratto stradale compreso tra via Brigata Regina e Piazza Massari; c) L’istituzione di un capolinea temporaneo dei veicoli del Trasporto Pubblico Locale della Città di Bari, gestito dalla società Amtab s.p.a. su: i) Via Brigata Regina, sul lato destro della carreggiata che percorre la corrente di traffico in direzione Corso Vittorio Veneto, in prossimità della stessa intersezione con Corso Vittorio Veneto, per circa 25 metri; <br><br>Durata e tempistiche: 22/09/2026 - 31/10/2026<br><br>PROROGATA FINO AL 20/09/2026<br>DALLA Ordinanza 2026/03851<br>https://drive.google.com/file/d/14wmzTTVwb3R2hDpYC_LhAj8E6yN8FbLt/view<br><br>PRORGATA FINO AL 21/07/2026<br>Ordinanza 2026/02929<br>https://drive.google.com/file/d/1SmFAxNDhB7RV-ztyUnde0_2ruT9qobgg/view<br>------<br>PROROGATA FINO AL 21/06/2026<br>Ordinanza 2026/02594<br>https://drive.google.com/file/d/1Jt8qFvaBjCjgp9q7O0081DOo6gHtketU/view<br>-----<br>PROROGATA DALLA 2026/01985<br>FINO AL 21/05/2026 <br>https://drive.google.com/file/d/1JHQwJ9o1-zNxNM4GsqUVP6DtuoI8s8m_/view<br><br>PROROGATA DALLA 2026/01393<br>https://drive.google.com/file/d/1epOnE5OwEqaxcsyqr9RHfPDp_C6Pyrz8/view<br>FINO AL 21/04/2026<br>-----<br>ORDINANZA 2026/00804<br><br>LAVORI DI REALIZZAZIONE DI UN SISTEMA BRT PER LA CITTÀ DI BARI -<br>FINANZIATO DALLA UNIONE EUROPEA NEXT GENERATION EU -<br>TRASPORTO RAPIDO DI MASSA - MISURA M2C2 - INV 4.2 DEL PNRR - CUP:<br>J91B21002850001<br>REGOLAMENTAZIONE TEMPORANEA DELLA CIRCOLAZIONE STRADALE SU<br>CORSO VITTORIO VENETO NEL TRATTO STRADALE COMPRESO TRA VIA<br>BRIGATA REGINA E PIAZZA MASSARI FINO AL 21.03.2026<br>IMPRESA ESECUTRICE: R.T.I. COBAR S.P.A. - MER MEC STE S.R.L<br>Dall’esecutività del presente provvedimento fino al 21.03.2026 sono istituiti i seguenti provvedimenti<br>temporanei di circolazione:<br>a) L’istituzione del restringimento di carreggiata a tutti i veicoli su:<br>i) Corso Vittorio Veneto nel tratto stradale compreso tra via Brigata Regina e Piazza Massari;<br>ii) Via Brigata Regina, sulla carreggiata che percorre la corrente di traffico in direzione Corso Vittorio Veneto,<br>in prossimità della stessa intersezione con Corso Vittorio Veneto, per circa 25 metri;<br>b) L’istituzione del divieto di fermata a tutti i veicoli su:<br>i) su Corso Vittorio Veneto, ambo i lati, nel tratto stradale compreso tra via Brigata Regina e Piazza Massari;<br>c) L’istituzione di un capolinea temporaneo dei veicoli del Trasporto Pubblico Locale della Città di Bari, gestito dalla<br>società Amtab s.p.a. su:<br>i) Via Brigata Regina, sul lato destro della carreggiata che percorre la corrente di traffico in direzione Corso<br>Vittorio Veneto, in prossimità della stessa intersezione con Corso Vittorio Veneto, per circa 25 metri;<br>2) Dagli obblighi e divieti di cui al punto 1) sono esclusi:<br>i) i veicoli al servizio, ovvero di proprietà dell’impresa esecutrice dei lavori e sue subappaltatrici;<br>ii) i veicoli delle forze dell’ordine, dei vigili del fuoco e delle ambulanze durante l’espletamento di servizi<br>d’istituto e di soccorso pubblico e d’emergenza;<br>iii) i veicoli al servizio di]]></description>
      <styleUrl>#line-E65100-4681</styleUrl>
      <LineString>
        <tessellate>1</tessellate>
        <coordinates>
          16.8513284,41.129455,0
          16.8524456,41.1287884,0
          16.8530284,41.1284692,0
          16.8536407,41.1282106,0
          16.8541673,41.128101,0
          16.8546994,41.1280257,0
          16.8597944,41.128209,0
          16.8624572,41.1284522,0
          16.864844,41.128757,0
        </coordinates>
      </LineString>
    </Placemark>
    <Placemark>
      <name>ORDINANZA 2026/04372 
RESTRINGIMENTO DI CARREGGIATA, DIVIETO DI FERMATA
VIA MAGNA GRECIA DA VIA CALDAROLA A VIA PEUCETIA
LAVORI DI REALIZZAZIONE DI UN SISTEMA BRT PER LA CITTÀ DI BARI
IMPRESA ESECUTRICE: R.T.I. COBAR S.P.A. - MER MEC STE S.R.L.
10/08/2026 - 31/10/2026 
</name>
      <description><![CDATA[PROROGATA DALLA Ordinanza<br>2026/04372 FINO AL 31/10/2026<br>https://drive.google.com/file/d/1hyEyAjaRe-vvpe7yskUSdCImt3i2-RW9/view<br><br>ORDINANZA 2026/03847 <br>https://drive.google.com/file/d/1etgUck3UwezIyyXK2GmuL0Q4-WhxsIep/view<br><br>PROROGA ORDINANZA 2026/03531 LAVORI DI REALIZZAZIONE DI UN SISTEMA BRT PER LA CITTÀ DI BARI - FINANZIATO DALLA UNIONE EUROPEA NEXT GENERATION EU - TRASPORTO RAPIDO DI MASSA - MISURA M2C2 - INV 4.2 DEL PNRR - CUP: J91B21002850001 REGOLAMENTAZIONE TEMPORANEA DELLA CIRCOLAZIONE STRADALE SU VIA MAGNA GRECIA FINO AL 20.09.2026 IMPRESA ESECUTRICE: R.T.I. COBAR S.P.A. - MER MEC STE S.R.L. <br><br>Durata e tempistiche: 10/08/2026 - 20/09/2026<br><br>PROROGATA  DALLA 2026/03531 FINO AL  21/08/2026<br>https://drive.google.com/file/d/1R4weuKUK4RacuaeZqa7LqBziHon7BQZB/view<br><br>PROROGATA FINO AL 24/07/2026<br>Ordinanza 2026/03050<br>https://drive.google.com/file/d/1m82FtFQPT4PA8NrpWI171yBZi8f1zjzA/view<br><br> ---<br>PROROGA ORDINANZA 2026/02616<br>DAL 22/05/2026 al 24/06/2026<br>https://drive.google.com/file/d/1TAHT69hfnaeGUB1KaUSvZyKNzrPbDGG3/view<br><br><br>PROROGATA DALLA 2026/01981 FINO AL 24/05/2026<br>https://drive.google.com/file/d/1ORxdkIk8tzWrAdnipMipb06P2cUEYrOj/view<br><br>ORDINANZA 2026/01425 <br><br>https://drive.google.com/file/d/1OG67Bqd5VF10CZ1ZVlTivkKV8JiHw7yr/view<br><br>PROROGA ORDINANZA 2026/00827 LAVORI DI REALIZZAZIONE DI UN SISTEMA BRT PER LA CITTÀ DI BARI - FINANZIATO DALLA UNIONE EUROPEA NEXT GENERATION EU - TRASPORTO RAPIDO DI MASSA - MISURA M2C2 - INV 4.2 DEL PNRR - CUP: J91B21002850001 REGOLAMENTAZIONE TEMPORANEA DELLA CIRCOLAZIONE STRADALE SU VIA MAGNA GRECIA FINO AL 24.04.2026 IMPRESA ESECUTRICE: R.T.I. COBAR S.P.A. - MER MEC STE S.R.L. <br><br>a) L’istituzione del restringimento di carreggiata a tutti i veicoli su: i) via Magna Grecia nel tratto stradale compreso tra via Caldarola e via Peucetia, su tutte le carreggiate. b) L’istituzione del divieto di fermata a tutti i veicoli su: i) via Magna Grecia nel tratto stradale compreso tra via Caldarola e via Peucetia, su tutte le carreggiate. 2) Dagli obblighi e divieti di cui al punto 1) sono esclusi: i) i veicoli al servizio, ovvero di proprietà dell’impresa esecutrice dei lavori e sue subappaltatrici; ii) i veicoli delle forze dell’ordine, dei vigili del fuoco e delle ambulanze durante l’espletamento di servizi d’istituto e di soccorso pubblico e d’emergenza; iii) i veicoli al servizio di persone con limitate o impedite capacità motorie; iv) i veicoli diretti agli accessi carrabili privati.<br><br>Durata e tempistiche: 23/03/2026 - 24/04/2026<br><br>ORDINANZA 2026/00827<br>https://drive.google.com/file/d/15Vj8W_igIote9aFFNxD0lhEuzSdCIN5C/view<br><br>Durata e tempistiche: 24/02/2026 - 24/03/2026 ]]></description>
      <styleUrl>#icon-1541-E65100</styleUrl>
      <Point>
        <coordinates>
          16.891757,41.112062,0
        </coordinates>
      </Point>
    </Placemark>
    <Placemark>
      <name>ORDINANZA 2026/04372 
RESTRINGIMENTO DI CARREGGIATA, DIVIETO DI FERMATA
VIA MAGNA GRECIA DA VIA CALDAROLA A VIA PEUCETIA
LAVORI DI REALIZZAZIONE DI UN SISTEMA BRT PER LA CITTÀ DI BARI
IMPRESA ESECUTRICE: R.T.I. COBAR S.P.A. - MER MEC STE S.R.L.
10/08/2026 - 31/10/2026
</name>
      <description><![CDATA[PROROGATA DALLA Ordinanza<br>2026/04372 FINO AL 31/10/2026<br>https://drive.google.com/file/d/1hyEyAjaRe-vvpe7yskUSdCImt3i2-RW9/view<br><br>ORDINANZA 2026/03847 <br>https://drive.google.com/file/d/1etgUck3UwezIyyXK2GmuL0Q4-WhxsIep/view<br><br>PROROGA ORDINANZA 2026/03531 LAVORI DI REALIZZAZIONE DI UN SISTEMA BRT PER LA CITTÀ DI BARI - FINANZIATO DALLA UNIONE EUROPEA NEXT GENERATION EU - TRASPORTO RAPIDO DI MASSA - MISURA M2C2 - INV 4.2 DEL PNRR - CUP: J91B21002850001 REGOLAMENTAZIONE TEMPORANEA DELLA CIRCOLAZIONE STRADALE SU VIA MAGNA GRECIA FINO AL 20.09.2026 IMPRESA ESECUTRICE: R.T.I. COBAR S.P.A. - MER MEC STE S.R.L. <br><br>Durata e tempistiche: 10/08/2026 - 20/09/2026<br><br>PROROGATA DALLA 2026/03531 FINO AL 21/08/2026<br>https://drive.google.com/file/d/1R4weuKUK4RacuaeZqa7LqBziHon7BQZB/view<br><br>PROROGATA FINO AL 24/07/2026<br>Ordinanza 2026/03050<br>https://drive.google.com/file/d/1m82FtFQPT4PA8NrpWI171yBZi8f1zjzA/view<br><br>PROROGATA DALLA 2026/01981 FINO AL 24/05/2026<br>https://drive.google.com/file/d/1ORxdkIk8tzWrAdnipMipb06P2cUEYrOj/view<br><br>ORDINANZA 2026/01425 <br><br>https://drive.google.com/file/d/1OG67Bqd5VF10CZ1ZVlTivkKV8JiHw7yr/view<br><br>PROROGA ORDINANZA 2026/00827 <br>LAVORI DI REALIZZAZIONE DI UN SISTEMA BRT PER LA CITTÀ DI BARI - FINANZIATO DALLA UNIONE EUROPEA NEXT GENERATION EU - TRASPORTO RAPIDO DI MASSA - MISURA M2C2 - INV 4.2 DEL PNRR - CUP: J91B21002850001 REGOLAMENTAZIONE TEMPORANEA DELLA CIRCOLAZIONE STRADALE SU VIA MAGNA GRECIA FINO AL 24.04.2026 IMPRESA ESECUTRICE: R.T.I. COBAR S.P.A. - MER MEC STE S.R.L. <br><br>a) L’istituzione del restringimento di carreggiata a tutti i veicoli su: i) via Magna Grecia nel tratto stradale compreso tra via Caldarola e via Peucetia, su tutte le carreggiate. b) L’istituzione del divieto di fermata a tutti i veicoli su: i) via Magna Grecia nel tratto stradale compreso tra via Caldarola e via Peucetia, su tutte le carreggiate. 2) Dagli obblighi e divieti di cui al punto 1) sono esclusi: i) i veicoli al servizio, ovvero di proprietà dell’impresa esecutrice dei lavori e sue subappaltatrici; ii) i veicoli delle forze dell’ordine, dei vigili del fuoco e delle ambulanze durante l’espletamento di servizi d’istituto e di soccorso pubblico e d’emergenza; iii) i veicoli al servizio di persone con limitate o impedite capacità motorie; iv) i veicoli diretti agli accessi carrabili privati.<br><br>Durata e tempistiche: 23/03/2026 - 24/04/2026<br><br>ORDINANZA 2026/00827<br>https://drive.google.com/file/d/15Vj8W_igIote9aFFNxD0lhEuzSdCIN5C/view<br><br>Durata e tempistiche: 24/02/2026 - 24/03/2026 ]]></description>
      <styleUrl>#line-E65100-4294</styleUrl>
      <LineString>
        <tessellate>1</tessellate>
        <coordinates>
          16.890628,41.110247,0
          16.8925342,41.1129467,0
        </coordinates>
      </LineString>
    </Placemark>
    <Placemark>
      <name>ORDINANZA 2026/00840
REVOCA DELL’ORDINANZA DIRIGENZIALE N. 2025/03762 DI ISTITUZIONE DEL DIVIETO DI SOSTA IN VIA APULIA E VIA GIUSEPPE DI VAGNO AL DI SOTTO DEL PONTE GARIBALDI INTEGRAZIONI ALL’ORDINANZA DIRIGENZIALE N. 2025/03413 DEL 01.11.2025
</name>
      <description><![CDATA[ORDINANZA 2026/00840<br><br>https://drive.google.com/file/d/1XIhPGrnDie4J5CHgc48ksZJkP4eTBJpB/view<br><br> REVOCA DELL’ORDINANZA DIRIGENZIALE N. 2025/03762 DI ISTITUZIONE DEL DIVIETO DI SOSTA IN VIA APULIA E VIA GIUSEPPE DI VAGNO AL DI SOTTO DEL PONTE GARIBALDI INTEGRAZIONI ALL’ORDINANZA DIRIGENZIALE N. 2025/03413 DEL 01.11.2025<br><br>Dall’esecutività del presente provvedimento è nuovamente istituita la sosta in via Apulia e via Giuseppe Di Vagno, al di sotto del ponte Garibaldi a Bari. ]]></description>
      <styleUrl>#icon-1541-E65100</styleUrl>
      <Point>
        <coordinates>
          16.8882019,41.1167192,0
        </coordinates>
      </Point>
    </Placemark>
    <Placemark>
      <name>ORDINANZA N. 2026/02496
DIVIETO DI SOSTA RIMOZIONE COATTA
CON RESTRINGIMENTO CARREGGIATA SU VIA ZANDONAI CIV. 15-19 PER
REALIZZAZIONE AREA DI CANTIERE PER ALLESTIMENTO NUOVA
EDIFICAZIONE
ISTANTE: D’AMICO VINCENZO (LEGALE RAPPRESENTANTE DELLA IDA
COSTRUZIONI S.R.L.)
IMPRESA: IDA COSTRUZIONI S.R.L.
TERMINE E DURATA: DAL 05/03/2026 AL 30/10/2026.
</name>
      <description><![CDATA[PROROGA: Ordinanza 2026/02496<br>FINO AL 30/10/2026.<br>https://drive.google.com/file/d/13Bx2E-uGP7CcEkuaHoVo8Kb60yh4WGsn/view<br><br>ORDINANZA N. 2026/00903<br>DIVIETO DI SOSTA RIMOZIONE COATTA<br>CON RESTRINGIMENTO CARREGGIATA SU VIA ZANDONAI CIV. 15-19 PER<br>REALIZZAZIONE AREA DI CANTIERE PER ALLESTIMENTO NUOVA<br>EDIFICAZIONE<br><br>https://drive.google.com/file/d/1x-VBOI19lQKrlKdGr9HDbAnF-67rxwo7/view<br><br>L’istituzione temporanea del divieto di sosta – rimozione coatta in Bari San Girolamo su via Zandonai civv.<br>15-19 per un tratto di strada di mt. 29.17;<br>2. L’istituzione temporanea del restringimento carreggiata su via Zandonai civv. 15-19, al fine della<br>realizzazione di un corridoio pedonale prospicente la recinzione di cantiere;<br>3. Il transito pedonale dovrà essere salvaguardato mediante la realizzazione di un corridoio pedonale sul<br>tratto di carreggiata adiacente l’occupazione, di dimensioni trasversali di mt. 1.00 e debitamente protetto<br>da corrimano, accessibile anche a persone con difficoltà motoria, deambulanti con ausili ortopedici;<br>4. Dovrà essere modificata la planimetria con l’indicazione dello stesso corridoio pedonale , in tal senso, il<br>presente parere è confermato nelle indicazioni prescritte;<br>5. Particolare attenzione dovrà essere posta al transito pedonale e alle persone con ridotte capacità motorie;<br><br>6. Tutti i provvedimenti in contrasto con la presente sono momentaneamente e provvisoriamente sospesi e<br>divengono nuovamente efficaci all’esaurimento dei termini previsti dal presente disposto;<br>TERMINE E DURATA: DAL 05/03/2026 AL 15/05/2026.<br>2025/03898<br><br>https://drive.google.com/file/d/1bJ3syfNUso-f8Y6AIC3iqKkY4OZvGt2D/view<br><br>ISTITUZIONE TEMPORANEA DEL DIVIETO DI SOSTA RIMOZIONE COATTA CON RESTRINGIMENTO CARREGGIATA SU VIA ZANDONAI CIV. 15-19 PER REALIZZAZIONE AREA DI CANTIERE PER LAVORI DI DEMOLIZIONE MANUFATTI ESISTENTI DAL 03/12/2025 AL 03/02/2026. ISTANTE: D’AMICO VINCENZO (LEGALE RAPPRESENTANTE DELLA IDA COSTRUZIONI S.R.L.) IMPRESA: IDA COSTRUZIONI S.R.L.<br><br>1. L’istituzione temporanea del divieto di sosta – rimozione coatta in Bari San Girolamo su via Zandonai civv. 15-19 per un tratto di strada di mt. 29.10;<br>2. L’istituzione temporanea del restringimento carreggiata su via Zandonai civv. 15-19, al fine della realizzazione di un corridoio pedonale prospicente la recinzione di cantiere;<br>3. Il transito pedonale dovrà essere salvaguardato mediante la realizzazione di un corridoio pedonale sul tratto di carreggiata adiacente l’occupazione, di dimensioni trasversali di mt. 1.00 e debitamente protetto da corrimano, accessibile anche a persone con difficoltà motoria, deambulanti con ausili ortopedici;<br>4. Dovrà essere modificata la planimetria con l’indicazione dello stesso corridoio pedonale , in tal senso, il presente parere è confermato nelle indicazioni prescritte;<br>5. Particolare attenzione dovrà essere posta al transito pedonale e alle persone con ridotte capacità motorie; 6. Tutti i provvedimenti in contrasto con la presente sono momentaneamente e provvisoriamente sospesi e divengono nuovamente efficaci all’esaurimento dei termini previsti dal presente disposto;<br><br><br>Durata e tempistiche: 03/12/2025 - 03/02/2026]]></description>
      <styleUrl>#icon-1541-E65100</styleUrl>
      <Point>
        <coordinates>
          16.8154799,41.1378937,0
        </coordinates>
      </Point>
    </Placemark>
    <Placemark>
      <name>ORDINANZA N. 2026/02496
DIVIETO DI SOSTA RIMOZIONE COATTA
CON RESTRINGIMENTO CARREGGIATA SU VIA ZANDONAI CIV. 15-19 PER
REALIZZAZIONE AREA DI CANTIERE PER ALLESTIMENTO NUOVA
EDIFICAZIONE
ISTANTE: D’AMICO VINCENZO (LEGALE RAPPRESENTANTE DELLA IDA
COSTRUZIONI S.R.L.)
IMPRESA: IDA COSTRUZIONI S.R.L.
TERMINE E DURATA: DAL 05/03/2026 AL 30/10/2026.
</name>
      <description><![CDATA[PROROGA: Ordinanza 2026/02496<br>FINO AL 30/10/2026.<br>https://drive.google.com/file/d/13Bx2E-uGP7CcEkuaHoVo8Kb60yh4WGsn/view<br><br>ORDINANZA N. 2026/00903<br>DIVIETO DI SOSTA RIMOZIONE COATTA<br>CON RESTRINGIMENTO CARREGGIATA SU VIA ZANDONAI CIV. 15-19 PER<br>REALIZZAZIONE AREA DI CANTIERE PER ALLESTIMENTO NUOVA<br>EDIFICAZIONE<br><br>https://drive.google.com/file/d/1x-VBOI19lQKrlKdGr9HDbAnF-67rxwo7/view<br><br>L’istituzione temporanea del divieto di sosta – rimozione coatta in Bari San Girolamo su via Zandonai civv.<br>15-19 per un tratto di strada di mt. 29.17;<br>2. L’istituzione temporanea del restringimento carreggiata su via Zandonai civv. 15-19, al fine della<br>realizzazione di un corridoio pedonale prospicente la recinzione di cantiere;<br>3. Il transito pedonale dovrà essere salvaguardato mediante la realizzazione di un corridoio pedonale sul<br>tratto di carreggiata adiacente l’occupazione, di dimensioni trasversali di mt. 1.00 e debitamente protetto<br>da corrimano, accessibile anche a persone con difficoltà motoria, deambulanti con ausili ortopedici;<br>4. Dovrà essere modificata la planimetria con l’indicazione dello stesso corridoio pedonale , in tal senso, il<br>presente parere è confermato nelle indicazioni prescritte;<br>5. Particolare attenzione dovrà essere posta al transito pedonale e alle persone con ridotte capacità motorie;<br><br>6. Tutti i provvedimenti in contrasto con la presente sono momentaneamente e provvisoriamente sospesi e<br>divengono nuovamente efficaci all’esaurimento dei termini previsti dal presente disposto;<br>TERMINE E DURATA: DAL 05/03/2026 AL 15/05/2026.<br>2025/03898<br><br>https://drive.google.com/file/d/1bJ3syfNUso-f8Y6AIC3iqKkY4OZvGt2D/view<br><br>ISTITUZIONE TEMPORANEA DEL DIVIETO DI SOSTA RIMOZIONE COATTA CON RESTRINGIMENTO CARREGGIATA SU VIA ZANDONAI CIV. 15-19 PER REALIZZAZIONE AREA DI CANTIERE PER LAVORI DI DEMOLIZIONE MANUFATTI ESISTENTI DAL 03/12/2025 AL 03/02/2026. ISTANTE: D’AMICO VINCENZO (LEGALE RAPPRESENTANTE DELLA IDA COSTRUZIONI S.R.L.) IMPRESA: IDA COSTRUZIONI S.R.L.<br><br>1. L’istituzione temporanea del divieto di sosta – rimozione coatta in Bari San Girolamo su via Zandonai civv. 15-19 per un tratto di strada di mt. 29.10;<br>2. L’istituzione temporanea del restringimento carreggiata su via Zandonai civv. 15-19, al fine della realizzazione di un corridoio pedonale prospicente la recinzione di cantiere;<br>3. Il transito pedonale dovrà essere salvaguardato mediante la realizzazione di un corridoio pedonale sul tratto di carreggiata adiacente l’occupazione, di dimensioni trasversali di mt. 1.00 e debitamente protetto da corrimano, accessibile anche a persone con difficoltà motoria, deambulanti con ausili ortopedici;<br>4. Dovrà essere modificata la planimetria con l’indicazione dello stesso corridoio pedonale , in tal senso, il presente parere è confermato nelle indicazioni prescritte;<br>5. Particolare attenzione dovrà essere posta al transito pedonale e alle persone con ridotte capacità motorie; 6. Tutti i provvedimenti in contrasto con la presente sono momentaneamente e provvisoriamente sospesi e divengono nuovamente efficaci all’esaurimento dei termini previsti dal presente disposto;<br><br><br>Durata e tempistiche: 03/12/2025 - 03/02/2026]]></description>
      <styleUrl>#line-E65100-4294</styleUrl>
      <LineString>
        <tessellate>1</tessellate>
        <coordinates>
          16.815435,41.1379562,0
          16.8154082,41.1377693,0
        </coordinates>
      </LineString>
    </Placemark>
    <Placemark>
      <name>ORDINANZA 2026/00929
RESTRINGIMENTO CARREGGIATA 
VIA AMEDEO DI SAVOIA DUCA D’AOSTA ALTEZZA VIA NISIO CIV. 2-2/A
DIVIETO DI TRANSITO PER AUTOBUS
REALIZZAZIONE FABBRICATO MULTIPIANO
IMPRESA ESECUTRICE: EDILIZIA E AMBIENTE S.R.L.
06/03/2026 - 05/03/2027</name>
      <description><![CDATA[Ordinanza: 2026/00929<br><br>https://drive.google.com/file/d/1XxBmhbMcNNC-xPpEQdYz5HoXMilbNUht/view<br><br>ISTITUZIONE TEMPORANEA DEL RESTRINGIMENTO CARREGGIATA SU VIA<br>AMEDEO DI SAVOIA DUCA D’AOSTA ALTEZZA VIA NISIO CIV. 2-2/A E DIVIETO<br>DI TRANSITO PER AUTOBUS SULLA VIA AMEDEO DI SAVOIA DUCA D’AOSTA<br>NEL TRATTO COMPRESO TRA L’INTERSEZIONE CON VIA NISIO/VIA DIAZ E<br>LA VIA NAZIONALE PER RECINZIONE AREA DI CANTIERE PER<br>REALIZZAZIONE FABBRICATO MULTIPIANO<br>ISTANTE: VERNOLA FERDINANDO<br>SOCIETÀ: EDILIZIA E AMBIENTE S.R.L.<br><br>Durata e tempistiche: 06/03/2026 - 05/03/2027.]]></description>
      <styleUrl>#icon-1541-E65100</styleUrl>
      <Point>
        <coordinates>
          16.7679604,41.1531013,0
        </coordinates>
      </Point>
    </Placemark>
    <Placemark>
      <name>ORDINANZA 2026/00929
RESTRINGIMENTO CARREGGIATA 
VIA AMEDEO DI SAVOIA DUCA D’AOSTA ALTEZZA VIA NISIO CIV. 2-2/A
DIVIETO DI TRANSITO PER AUTOBUS
REALIZZAZIONE FABBRICATO MULTIPIANO
IMPRESA ESECUTRICE: EDILIZIA E AMBIENTE S.R.L.
06/03/2026 - 05/03/2027</name>
      <description><![CDATA[Ordinanza: 2026/00929<br><br>https://drive.google.com/file/d/1XxBmhbMcNNC-xPpEQdYz5HoXMilbNUht/view<br><br>ISTITUZIONE TEMPORANEA DEL RESTRINGIMENTO CARREGGIATA SU VIA<br>AMEDEO DI SAVOIA DUCA D’AOSTA ALTEZZA VIA NISIO CIV. 2-2/A E DIVIETO<br>DI TRANSITO PER AUTOBUS SULLA VIA AMEDEO DI SAVOIA DUCA D’AOSTA<br>NEL TRATTO COMPRESO TRA L’INTERSEZIONE CON VIA NISIO/VIA DIAZ E<br>LA VIA NAZIONALE PER RECINZIONE AREA DI CANTIERE PER<br>REALIZZAZIONE FABBRICATO MULTIPIANO<br>ISTANTE: VERNOLA FERDINANDO<br>SOCIETÀ: EDILIZIA E AMBIENTE S.R.L.<br><br>Durata e tempistiche:  06/03/2026 - 05/03/2027.]]></description>
      <styleUrl>#line-E65100-3325</styleUrl>
      <LineString>
        <tessellate>1</tessellate>
        <coordinates>
          16.7678757,41.1530576,0
          16.7679132,41.1534574,0
          16.7681922,41.1541481,0
          16.7687474,41.1557415,0
        </coordinates>
      </LineString>
    </Placemark>
    <Placemark>
      <name>ORDINANZA 2026/01160
REGOLAMENTAZIONE ALLA CIRCOLAZIONE
VIA DI VAGNO E PIAZZA POERIO
POSIZIONAMENTO RECINZIONE DI CANTIERE E PONTEGGIO
RICHIEDENTE:CITTÀ METROPOLITANA DI BARI
16/03/2026 - 31/10/2026</name>
      <description><![CDATA[Ordinanza: 2026/01160<br><br>https://drive.google.com/file/d/1gmEdZ3DeEe2IjFS10GPDmD3Hq4XD8BZC/view<br><br>REGOLAMENTAZIONE ALLA CIRCOLAZIONE SU VIA DI VAGNO E PIAZZA<br>POERIO  PER POSIZIONAMENTO RECINZIONE<br>DI CANTIERE E PONTEGGIO PER LAVORI PRESSO L’ ISTITUTO<br>“MARCONI”_CITTÀ METROPOLITANA<br>RICHIEDENTE: CITTÀ METROPOLITANA DI BAR DOTT. ARCH. NICOLÒ<br>VISAGGIO<br><br>Nello specifico:<br><br>1) interdizione provvisoria della sosta sulla via Fratelli Rosselli nel tratto compreso tra il civ. 2 e il civ. 28 per ml. 50,00<br>x ml. 2,00 (lato destro di marcia);<br><br>2) spostamento di n. 2 stalli di sosta riservati a diversamente abili contraddistinti da CUDE 9553/E e 8064<br>rispettivamente realizzati in corrispondenza dei civv. 24 e 8 della stessa via F.lli Rosselli (si suggerisce all'altezza del<br>civ. 30);<br>3) all'interdizione provvisoria della sosta in Piazza Poerio, lato ferrovia, nel tratto compreso tra via F.lli Rosselli e via Di<br>Vagno per ml. 70,00 x ml. 2,00;<br>4) allo spostamento dell'isola ecologica sopra descritta (si suggerisce in corso Sonnino, fronte via F.lli Rosselli, lato<br>ferrovia);<br>5) allo spostamento dei n. 15 stalli riservati alla sosta dei cicli e motocicli di cui sopra, nel tratto di piazza Poerio<br>sottostante il ponte Giuseppe Garibaldi, di fianco la linea ferroviaria;<br><br>Durata e tempistiche: 16/03/2026 - 31/10/2026]]></description>
      <styleUrl>#line-E65100-3906</styleUrl>
      <LineString>
        <tessellate>1</tessellate>
        <coordinates>
          16.8886587,41.1171541,0
          16.8891348,41.1182513,0
          16.8892743,41.118219,0
          16.888809,41.117114,0
        </coordinates>
      </LineString>
    </Placemark>
    <Placemark>
      <name>ORDINANZA 2026/03981 
RESTRINGIMENTO CARREGGIATA, DIVIETO DI FERMATA
VIA CALDAROLA DA VIA LOIACONO A VIA TOSCANINI
LAVORI DI REALIZZAZIONE DI UN SISTEMA BRT PER LA CITTÀ DI BARI 
IMPRESA ESECUTRICE: R.T.I. COBAR S.P.A. - MER MEC STE S.R.L.
01/09/2026 - 31/10/2026 
</name>
      <description><![CDATA[ORDINANZA 2026/03981 <br><br>https://drive.google.com/file/d/1udbzL82F0FJh-UDv5DIhJZ1WDclvEGyP/view<br><br>PROROGA ORDINANZA 2026/03746 LAVORI DI REALIZZAZIONE DI UN SISTEMA BRT PER LA CITTÀ DI BARI - FINANZIATO DALLA UNIONE EUROPEA NEXT GENERATION EU - TRASPORTO RAPIDO DI MASSA - MISURA M2C2 - INV 4.2 DEL PNRR - CUP: J91B21002850001 REGOLAMENTAZIONE TEMPORANEA DELLA CIRCOLAZIONE STRADALE SU VIA CALDAROLA NEL TRATTO STRADALE COMPRESO TRA VIA LOIACONO E VIA TOSCANINI FINO AL 31.10.2026 IMPRESA ESECUTRICE: R.T.I. COBAR S.P.A. - MER MEC STE S.R.L. <br><br>Durata e tempistiche: 01/09/2026 - 31/10/2026 <br><br>PROROGATA FINO AL 31/08/2026<br>DALLA Ordinanza 2026/03746<br>http://drive.google.com/file/d/1SfDAPc2YKKa8nZU1E9pzEMawOYCQuO5K/view<br><br>Ordinanza 2026/03236<br>https://drive.google.com/file/d/1A-x8tKkMOX99G9pAEadePMZVyq6Rgvsp/view<br>PROROGATA FINO AL 31/07/2026<br><br>ORDINANZA 2026/02741 <br>https://drive.google.com/file/d/1ynzoGzT_MOV_AF6E568izljADNj2hGUw/view<br><br>PROROGA ORDINANZA 2026/02419 LAVORI DI REALIZZAZIONE DI UN SISTEMA BRT PER LA CITTÀ DI BARI - FINANZIATO DALLA UNIONE EUROPEA NEXT GENERATION EU - TRASPORTO RAPIDO DI MASSA - MISURA M2C2 - INV 4.2 DEL PNRR - CUP: J91B21002850001 REGOLAMENTAZIONE TEMPORANEA DELLA CIRCOLAZIONE STRADALE SU VIA CALDAROLA NEL TRATTO STRADALE COMPRESO TRA VIA LOIACONO E VIA TOSCANINI FINO AL 30.06.2026 IMPRESA ESECUTRICE: R.T.I. COBAR S.P.A. - MER MEC STE S.R.L <br><br><br><br>Durata e tempistiche: 05/06/2026 - 30/06/2026 <br><br>ORDINANZA 2026/02419 <br><br>https://drive.google.com/file/d/1a7s4lwAiFYgdHVLgUgzhot-28mp0BQJw/view<br><br>LAVORI DI REALIZZAZIONE DI UN SISTEMA BRT PER LA CITTÀ DI BARI - FINANZIATO DALLA UNIONE EUROPEA NEXT GENERATION EU - TRASPORTO RAPIDO DI MASSA - MISURA M2C2 - INV 4.2 DEL PNRR - CUP: J91B21002850001 REGOLAMENTAZIONE TEMPORANEA DELLA CIRCOLAZIONE STRADALE SU VIA CALDAROLA NEL TRATTO STRADALE COMPRESO TRA VIA LOIACONO E VIA TOSCANINI FINO AL 10.06.2026 IMPRESA ESECUTRICE: R.T.I. COBAR S.P.A. - MER MEC STE S.R.L. <br><br>Durata e tempistiche: 07/05//2026 - 10/06/2026<br><br>PROROGA ORDINAZA 2026/01850 FINO AL 10/05/2026<br>https://drive.google.com/file/d/17wIQtsmd36PPe0aav9hIl9-1cBWZmmX0/view<br><br>ORDINANZA 2026/01158<br><br>https://drive.google.com/file/d/1Mo8lZbdfNiLyateypyrXBXh0F9T4JDFU/view<br><br>LAVORI DI REALIZZAZIONE DI UN SISTEMA BRT PER LA CITTÀ DI BARI - FINANZIATO DALLA UNIONE EUROPEA NEXT GENERATION EU - TRASPORTO RAPIDO DI MASSA - MISURA M2C2 - INV 4.2 DEL PNRR - CUP: J91B21002850001 REGOLAMENTAZIONE TEMPORANEA DELLA CIRCOLAZIONE STRADALE SU VIA CALDAROLA NEL TRATTO STRADALE COMPRESO TRA VIA LOIACONO E VIA TOSCANINI FINO AL 04.04.2026 IMPRESA ESECUTRICE: R.T.I. COBAR S.P.A. - MER MEC STE S.R.L.<br><br>a) L’istituzione del restringimento di carreggiata a tutti i veicoli su: i) via Caldarola nel tratto stradale compreso tra via Loiacono e via Toscanini, incluse le intersezioni. b) L’istituzione del divieto di fermata a tutti i veicoli su: i) via Caldarola nel tratto stradale compreso tra via Loiacono e via Toscanini 2) Dagli obblighi e divieti di cui al punto 1) sono esclusi: i) i veicoli al servizio, ovvero di proprietà dell’impresa esecutrice dei lavori e sue subappaltatrici; ii) i veicoli delle forze dell’ordine, dei vigili del fuoco e delle ambulanze durante l’espletamento di servizi d’istituto e di soccorso pubblico e d’emergenza; iii) i veicoli al servizio di persone con limitate o impedite capacità motorie; iv) i veicoli diretti agli accessi carrabili privati. <br><br>Durata e tempistiche: 05/03/2026 - 04/04/2026 ]]></description>
      <styleUrl>#icon-1541-E65100</styleUrl>
      <Point>
        <coordinates>
          16.9094214,41.1023894,0
        </coordinates>
      </Point>
    </Placemark>
    <Placemark>
      <name>ORDINANZA 2026/03981 
RESTRINGIMENTO CARREGGIATA, DIVIETO DI FERMATA
VIA CALDAROLA DA VIA LOIACONO A VIA TOSCANINI
LAVORI DI REALIZZAZIONE DI UN SISTEMA BRT PER LA CITTÀ DI BARI 
IMPRESA ESECUTRICE: R.T.I. COBAR S.P.A. - MER MEC STE S.R.L.
01/09/2026 - 31/10/2026
</name>
      <description><![CDATA[ORDINANZA 2026/03981 <br><br>https://drive.google.com/file/d/1udbzL82F0FJh-UDv5DIhJZ1WDclvEGyP/view<br><br>PROROGA ORDINANZA 2026/03746 LAVORI DI REALIZZAZIONE DI UN SISTEMA BRT PER LA CITTÀ DI BARI - FINANZIATO DALLA UNIONE EUROPEA NEXT GENERATION EU - TRASPORTO RAPIDO DI MASSA - MISURA M2C2 - INV 4.2 DEL PNRR - CUP: J91B21002850001 REGOLAMENTAZIONE TEMPORANEA DELLA CIRCOLAZIONE STRADALE SU VIA CALDAROLA NEL TRATTO STRADALE COMPRESO TRA VIA LOIACONO E VIA TOSCANINI FINO AL 31.10.2026 IMPRESA ESECUTRICE: R.T.I. COBAR S.P.A. - MER MEC STE S.R.L. <br><br>Durata e tempistiche: 01/09/2026 - 31/10/2026 <br><br>PROROGATA FINO AL 31/08/2026<br>DALLA Ordinanza 2026/03746<br>http://drive.google.com/file/d/1SfDAPc2YKKa8nZU1E9pzEMawOYCQuO5K/view<br><br>Ordinanza 2026/03236<br>https://drive.google.com/file/d/1A-x8tKkMOX99G9pAEadePMZVyq6Rgvsp/view<br>PROROGATA FINO AL 31/07/2026<br><br>ORDINANZA 2026/02741 <br>https://drive.google.com/file/d/1ynzoGzT_MOV_AF6E568izljADNj2hGUw/view<br><br>PROROGA ORDINANZA 2026/02419 LAVORI DI REALIZZAZIONE DI UN SISTEMA BRT PER LA CITTÀ DI BARI - FINANZIATO DALLA UNIONE EUROPEA NEXT GENERATION EU - TRASPORTO RAPIDO DI MASSA - MISURA M2C2 - INV 4.2 DEL PNRR - CUP: J91B21002850001 REGOLAMENTAZIONE TEMPORANEA DELLA CIRCOLAZIONE STRADALE SU VIA CALDAROLA NEL TRATTO STRADALE COMPRESO TRA VIA LOIACONO E VIA TOSCANINI FINO AL 30.06.2026 IMPRESA ESECUTRICE: R.T.I. COBAR S.P.A. - MER MEC STE S.R.L <br><br><br><br>Durata e tempistiche: 05/06/2026 - 30/06/2026 <br><br>ORDINANZA 2026/02419<br><br>https://drive.google.com/file/d/1a7s4lwAiFYgdHVLgUgzhot-28mp0BQJw/view<br><br>LAVORI DI REALIZZAZIONE DI UN SISTEMA BRT PER LA CITTÀ DI BARI - FINANZIATO DALLA UNIONE EUROPEA NEXT GENERATION EU - TRASPORTO RAPIDO DI MASSA - MISURA M2C2 - INV 4.2 DEL PNRR - CUP: J91B21002850001 REGOLAMENTAZIONE TEMPORANEA DELLA CIRCOLAZIONE STRADALE SU VIA CALDAROLA NEL TRATTO STRADALE COMPRESO TRA VIA LOIACONO E VIA TOSCANINI FINO AL 10.06.2026 IMPRESA ESECUTRICE: R.T.I. COBAR S.P.A. - MER MEC STE S.R.L.<br><br>Durata e tempistiche: 07/05//2026 - 10/06/2026<br>PROROGA ORDINAZA  2026/01850 FINO AL 10/05/2026<br>https://drive.google.com/file/d/17wIQtsmd36PPe0aav9hIl9-1cBWZmmX0/view<br><br>ORDINANZA 2026/01158<br><br>https://drive.google.com/file/d/1Mo8lZbdfNiLyateypyrXBXh0F9T4JDFU/view<br><br>LAVORI DI REALIZZAZIONE DI UN SISTEMA BRT PER LA CITTÀ DI BARI - FINANZIATO DALLA UNIONE EUROPEA NEXT GENERATION EU - TRASPORTO RAPIDO DI MASSA - MISURA M2C2 - INV 4.2 DEL PNRR - CUP: J91B21002850001 REGOLAMENTAZIONE TEMPORANEA DELLA CIRCOLAZIONE STRADALE SU VIA CALDAROLA NEL TRATTO STRADALE COMPRESO TRA VIA LOIACONO E VIA TOSCANINI FINO AL 04.04.2026 IMPRESA ESECUTRICE: R.T.I. COBAR S.P.A. - MER MEC STE S.R.L.<br><br>a) L’istituzione del restringimento di carreggiata a tutti i veicoli su: i) via Caldarola nel tratto stradale compreso tra via Loiacono e via Toscanini, incluse le intersezioni. b) L’istituzione del divieto di fermata a tutti i veicoli su: i) via Caldarola nel tratto stradale compreso tra via Loiacono e via Toscanini 2) Dagli obblighi e divieti di cui al punto 1) sono esclusi: i) i veicoli al servizio, ovvero di proprietà dell’impresa esecutrice dei lavori e sue subappaltatrici; ii) i veicoli delle forze dell’ordine, dei vigili del fuoco e delle ambulanze durante l’espletamento di servizi d’istituto e di soccorso pubblico e d’emergenza; iii) i veicoli al servizio di persone con limitate o impedite capacità motorie; iv) i veicoli diretti agli accessi carrabili privati. <br><br>Durata e tempistiche: 05/03/2026 - 04/04/2026 ]]></description>
      <styleUrl>#line-E65100-5069</styleUrl>
      <LineString>
        <tessellate>1</tessellate>
        <coordinates>
          16.908885,41.1026602,0
          16.9107357,41.1019407,0
        </coordinates>
      </LineString>
    </Placemark>
    <Placemark>
      <name>ORDINANZA 2025/01490
REVOCA DELLA RIDUZIONE DELLA CARREGGIATA STRADALE
DIVIETO DI TRANSITO DEI VEICOLI CON PESO A PIENO CARICO SUPERIORE A 3,5 T 
PONTE GARIBALDI (NON SI APPLICA AI MEZZI CON TRASPORTO DI PERSONE)
CALCINAZIONE NELLA ZONA BASELE E FENOMENI DI DEGRADO
RICHIEDENTE:CITTÀ METROPOLITANA DI BARI
01/11/2025- FINO A REVOCA</name>
      <description><![CDATA[2026/01490<br>https://drive.google.com/file/d/1xJoJE1kX6DWz-wqEQtGU7WDRg-XZmI5p/view<br><br>L’Ordinanza Dirigenziale n. 2025/03413 del 01.11.2025 è rettificata come di seguito.<br>Dall’esecutività della presente Ordinanza sono istituiti i seguenti provvedimenti di<br>regolamentazione della circolazione stradale sul Ponte Garibaldi:<br>1. Revoca dell’interdizione al traffico sule corsie esterne delle due carreggiate per<br>entrambi i sensi di marcia.<br>o La circolazione stradale potrà avvenire su tutta la larghezza delle<br>carreggiate stradali.<br>2. Conferma del divieto di transito a tutti i veicoli con massa a pieno carico superiore<br>a 3,5 tonnellate<br>o Il divieto di transito di cui sopra non si applica per i veicoli adibiti al<br>trasporto di persone.<br>3. Conferma del divieto di transito ai pedoni per entrambe le direzioni di marcia.<br>4. Conferma del limite di velocità per tutti i veicoli a 30km/h.<br>Tutti i provvedimenti in contrasto con la presente sono momentaneamente e provvisoriamente sospesi e<br>divengono nuovamente efficaci all’esaurimento dei termini previsti dal presente disposto<br><br>2026/00384<br>https://drive.google.com/file/d/1Ba8L7bGkl6Pp40WA1G90CDOeYxbXNnTF/view<br><br>aggiornamento 27/01/2026<br>Ponte Garibaldi: giovedì 29 e venerdì 30 gennaio le prove di carico dinamiche<br><br>La ripartizione Infrastrutture, Viabilità e Opere pubbliche rende noto che nelle giornate di giovedì 29 e venerdì 30 gennaio il ponte Garibaldi (tra via Giuseppe Di Vagno e via Apulia), sarà chiuso al transito dalle ore 9 alle 18, per consentire lo svolgimento dell’indagine dinamica sull’infrastruttura, propedeutica alla riapertura completa al traffico.<br><br>La prova dinamica, non invasiva, avrà l’obiettivo di identificare, attraverso sensori, le frequenze proprie di vibrazione del ponte, per costruire l’impronta digitale dinamica della struttura e fornire dati utili a eventuali piani di manutenzione.<br><br>Sul ponte sono stati, infatti, disposti la riduzione di carreggiata e il divieto di transito ai mezzi pesanti, in seguito alla caduta di calcinacci: in caso di esito positivo dei test da effettuarsi nei due giorni programmati, l’infrastruttura tornerà a essere interamente fruibile nelle sue quattro corsie, anche da autobus e mezzi pesanti.<br><br>Negli scorsi giorni sono stati completati i rilievi preliminari sulla geometria delle campate, sullo stato dei giunti, su appoggi ed eventuali lesioni visibili, attraverso laser scanner. È stato, dunque, ricostruito un modello del ponte in CAD: il modello permette di completare le informazioni a disposizione dell’amministrazione comunale, rispetto a quanto contenuto nel progetto del ponte custodito negli archivi storici, risalente agli anni Settanta.<br><br>Giovedì 29 e venerdì 30 gennaio si svolgerà la prova dinamica: saranno, dunque, installati sul ponte dei sensori, che registreranno la reazione dell’infrastruttura alle sollecitazioni del traffico, facendo transitare mezzi con carico certificato.<br><br>Pertanto, il ponte sarà chiuso per due giorni, dalle 9 alle 18, al fine di permettere un corretto attrezzamento strumentale dello stesso ed effettuare le rilevazioni. Nel caso in cui le attività dovessero terminare prima del previsto, il ponte tornerà fruibile a carreggiata ridotta.<br><br>L’analisi dei risultati dell’attività d’indagine sarà eseguita nell’ambito del primo contratto attuativo dell’accordo quadro di durata triennale per “l’affidamento di servizi di ingegneria relativi alla classificazione e gestione del rischio, la valutazione della sicurezza e il monitoraggio dei ponti esistenti sul territorio della città di Bari, di proprietà dell’amministrazione comunale, nonché di quelli per i quali l’amministrazione comunale ha comunque la responsabilità delle attività di manutenzione”. <br><br>2025/03413<br>https://drive.google.com/open?id=1nw-oZ1lWJv94CMcYmEPlIkTRvKBO6YZz&authuser=0<br><br>2025/03762<br>https://drive.google.com/file/d/1l35BXgDVyATjUGPv90u-37fCLexAhBKH/view<br><br>ISTITUZIONE DELLA RIDUZIONE DELLA CARREGGIATA STRADALE, DEL LIMITE DI VELOCITÀ A 30KM/H, DEL DIVIETO DI TRANSITO DEI VE]]></description>
      <styleUrl>#icon-1541-E65100</styleUrl>
      <Point>
        <coordinates>
          16.8887239,41.1169712,0
        </coordinates>
      </Point>
    </Placemark>
    <Placemark>
      <name>ORDINANZA 2026/03975 
RESTRINGIMENTO DI CARREGGIATA, DIVIETO DI FERMATA
VIA NATALE LOIACONO
REALIZZAZIONE DI UN SISTEMA BRT PER LA CITTÀ DI BARI
IMPRESA ESECUTRICE: R.T.I. COBAR S.P.A. - MER MEC STE S.R.L.
01/09/2026 - 31/10/2026 
</name>
      <description><![CDATA[ORDINANZA 2026/03975 <br><br>https://drive.google.com/file/d/1h4dCYt-hHIMT-0mdFvADt_DfA5DH9aqp/view<br><br>PROROGA DELL’ORDINANZA DIRIGENZIALE N. 2026/03752 LAVORI DI REALIZZAZIONE DI UN SISTEMA BRT PER LA CITTÀ DI BARI - FINANZIATO DALLA UNIONE EUROPEA NEXT GENERATION EU - TRASPORTO RAPIDO DI MASSA - MISURA M2C2 - INV 4.2 DEL PNRR - CUP: J91B21002850001 REGOLAMENTAZIONE TEMPORANEA DELLA CIRCOLAZIONE STRADALE SU VIA NATALE LOIACONO FINO AL GIORNO 31.10.2026 IMPRESA ESECUTRICE: R.T.I. COBAR S.P.A. - MER MEC STE S.R.L <br><br>Durata e tempistiche: 01/09/2026 - 31/10/2026<br><br>PROROGATA FINO AL 31/08/2026<br>DALLA Ordinanza 2026/03752<br>https://drive.google.com/file/d/1mjy8W1dSxVIHMdX85q1PHob7q4KXJJzF/view<br>----------------------<br>ORDINANZA 2026/03242 <br><br>https://drive.google.com/file/d/1BxbIWUqpr42JG-a8t9DA0AmwK3c0LX0l/view<br><br><br>LAVORI DI REALIZZAZIONE DI UN SISTEMA BRT PER LA CITTÀ DI BARI - FINANZIATO DALLA UNIONE EUROPEA NEXT GENERATION EU - TRASPORTO RAPIDO DI MASSA - MISURA M2C2 - INV 4.2 DEL PNRR - CUP: J91B21002850001 REGOLAMENTAZIONE TEMPORANEA DELLA CIRCOLAZIONE STRADALE SU VIA NATALE LOIACONO FINO AL GIORNO 31.07.2026 IMPRESA ESECUTRICE: R.T.I. COBAR S.P.A. - MER MEC STE S.R.L. <br><br>Durata e tempistiche: 01/07/2026 - 31/07/2026 <br><br>PROOGATA DALLA Ordinanza 2026/02743<br>https://drive.google.com/file/d/1UXbafj7irU0B7seZRh22JilUg0szeLeD/view<br>FINO AL 30/06/2026<br><br>ORDINANZA 2026/02420 <br>https://drive.google.com/file/d/1_09ycVKdS6i53-u7qk_skBVgWALRFgjG/view<br>PROROGA ORDINANZA DIRIGENZIALE N 2026/01848  FINO AL GIORNO 10.06.2026 <br>Durata e tempistiche: 07/05//2026 - 10/06/2026<br>-----------------------------<br>ORDINANZA 2026/01848<br><br>https://drive.google.com/file/d/16kDt3LY0anhdFtspBGubk4U4_CkqaSsk/view<br><br>PROROGA ORDINANZA DIRIGENZIALE N 2026/01267 LAVORI DI REALIZZAZIONE DI UN SISTEMA BRT PER LA CITTÀ DI BARI - FINANZIATO DALLA UNIONE EUROPEA NEXT GENERATION EU - TRASPORTO RAPIDO DI MASSA - MISURA M2C2 - INV 4.2 DEL PNRR - CUP: J91B21002850001 REGOLAMENTAZIONE TEMPORANEA DELLA CIRCOLAZIONE STRADALE SU VIA NATALE LOIACONO FINO AL GIORNO 10.05.2026 IMPRESA ESECUTRICE: R.T.I. COBAR S.P.A. - MER MEC STE S.R.L.<br><br>Durata e tempistiche: 10/04/2026 - 10/05/2026<br><br>ORDINANZA 2026/01267<br><br>https://drive.google.com/file/d/1cctZ2r8yfGQL3oLRLdXAJfYTcuTpWQ3t/view<br><br>LAVORI DI REALIZZAZIONE DI UN SISTEMA BRT PER LA CITTÀ DI BARI - FINANZIATO DALLA UNIONE EUROPEA NEXT GENERATION EU - TRASPORTO RAPIDO DI MASSA - MISURA M2C2 - INV 4.2 DEL PNRR - CUP: J91B21002850001 REGOLAMENTAZIONE TEMPORANEA DELLA CIRCOLAZIONE STRADALE SU VIA NATALE LOIACONO DAL GIORNO 11.3.2026 AL GIORNO 11.4.2026 IMPRESA ESECUTRICE: R.T.I. COBAR S.P.A. - MER MEC STE S.R.L.<br><br>a) L’istituzione del restringimento di carreggiata a tutti i veicoli su via Natale Loiacono. <br>b) L’istituzione del divieto di fermata a tutti i veicoli su via Natale Loiacono, ambo i lati; <br>c) L’istituzione del senso unico di marcia, a tutti i veicoli su via Natale Loiacono, nella direzione di marcia che va da Via Paolo Aquilino verso via Caldarola;<br> d) L’istituzione dell’obbligo di proseguire diritto e svoltare a sinistra a tutti i veicoli su Via Caldarola, in corrispondenza dell’intersezione con via Natale Loiacono, per la corrente di traffico proveniente da via Toscanini;<br> e) L’istituzione dell’obbligo di proseguire diritto e svoltare a destra a tutti i veicoli su Via Caldarola, in corrispondenza dell’intersezione con via Natale Loiacono, per la corrente di traffico proveniente da via Magna Grecia;<br> f) L’istituzione dell’obbligo di svoltare a destra a tutti i veicoli su Via Francesco Pascazio, in corrispondenza dell’intersezione con via Natale Loiacono e su Via Lorenzo D’Avanzo, in corrispondenza dell’intersezione con via Natale Loiacono, per la corrente di traffico proveniente da via Carabellese; g) L’istituzione dell’obbligo di svoltare a sinistra a tutti i veicoli in uscita dall’ipermercato “Mongolfiera” su via Natale Loiacono<br> h) L’istituzione del senso vietato a tutti i veicoli su Via Natale Loiacono, in corrispondenza dell’intersezione con Caldarola,]]></description>
      <styleUrl>#icon-1541-E65100</styleUrl>
      <Point>
        <coordinates>
          16.912421,41.1074142,0
        </coordinates>
      </Point>
    </Placemark>
    <Placemark>
      <name>ORDINANZA 2026/03975 
RESTRINGIMENTO DI CARREGGIATA, DIVIETO DI FERMATA
VIA NATALE LOIACONO
REALIZZAZIONE DI UN SISTEMA BRT PER LA CITTÀ DI BARI
IMPRESA ESECUTRICE: R.T.I. COBAR S.P.A. - MER MEC STE S.R.L.
01/09/2026 - 31/10/2026 
</name>
      <description><![CDATA[ORDINANZA 2026/03975 <br><br>https://drive.google.com/file/d/1h4dCYt-hHIMT-0mdFvADt_DfA5DH9aqp/view<br><br>PROROGA DELL’ORDINANZA DIRIGENZIALE N. 2026/03752 LAVORI DI REALIZZAZIONE DI UN SISTEMA BRT PER LA CITTÀ DI BARI - FINANZIATO DALLA UNIONE EUROPEA NEXT GENERATION EU - TRASPORTO RAPIDO DI MASSA - MISURA M2C2 - INV 4.2 DEL PNRR - CUP: J91B21002850001 REGOLAMENTAZIONE TEMPORANEA DELLA CIRCOLAZIONE STRADALE SU VIA NATALE LOIACONO FINO AL GIORNO 31.10.2026 IMPRESA ESECUTRICE: R.T.I. COBAR S.P.A. - MER MEC STE S.R.L <br><br>Durata e tempistiche: 01/09/2026 - 31/10/2026<br><br>PROROGATA FINO AL 31/08/2026<br>DALLA Ordinanza 2026/03752<br>https://drive.google.com/file/d/1mjy8W1dSxVIHMdX85q1PHob7q4KXJJzF/view<br>---------------------<br>ORDINANZA 2026/03242<br>https://drive.google.com/file/d/1BxbIWUqpr42JG-a8t9DA0AmwK3c0LX0l/view<br><br>LAVORI DI REALIZZAZIONE DI UN SISTEMA BRT PER LA CITTÀ DI BARI - FINANZIATO DALLA UNIONE EUROPEA NEXT GENERATION EU - TRASPORTO RAPIDO DI MASSA - MISURA M2C2 - INV 4.2 DEL PNRR - CUP: J91B21002850001 REGOLAMENTAZIONE TEMPORANEA DELLA CIRCOLAZIONE STRADALE SU VIA NATALE LOIACONO FINO AL GIORNO 31.07.2026 IMPRESA ESECUTRICE: R.T.I. COBAR S.P.A. - MER MEC STE S.R.L. <br>Durata e tempistiche: 01/07/2026 - 31/07/2026 <br>---------------------------------<br>PROOGATA DALLA Ordinanza 2026/02743<br>https://drive.google.com/file/d/1UXbafj7irU0B7seZRh22JilUg0szeLeD/view<br>FINO AL 30/06/2026<br>-------------------------------<br>ORDINANZA 2026/02420 <br>https://drive.google.com/file/d/1_09ycVKdS6i53-u7qk_skBVgWALRFgjG/view<br>PROROGA ORDINANZA DIRIGENZIALE N 2026/01848  FINO AL GIORNO 10.06.2026 <br>Durata e tempistiche: 07/05//2026 - 10/06/2026<br>--------------------<br>ORDINANZA 2026/01848<br><br>https://drive.google.com/file/d/16kDt3LY0anhdFtspBGubk4U4_CkqaSsk/view<br><br>PROROGA ORDINANZA DIRIGENZIALE N 2026/01267 LAVORI DI REALIZZAZIONE DI UN SISTEMA BRT PER LA CITTÀ DI BARI - FINANZIATO DALLA UNIONE EUROPEA NEXT GENERATION EU - TRASPORTO RAPIDO DI MASSA - MISURA M2C2 - INV 4.2 DEL PNRR - CUP: J91B21002850001 REGOLAMENTAZIONE TEMPORANEA DELLA CIRCOLAZIONE STRADALE SU VIA NATALE LOIACONO FINO AL GIORNO 10.05.2026 IMPRESA ESECUTRICE: R.T.I. COBAR S.P.A. - MER MEC STE S.R.L.<br><br>Durata e tempistiche: 10/04/2026 - 10/05/2026<br><br>ORDINANZA 2026/01267<br><br>https://drive.google.com/file/d/1cctZ2r8yfGQL3oLRLdXAJfYTcuTpWQ3t/view<br><br>LAVORI DI REALIZZAZIONE DI UN SISTEMA BRT PER LA CITTÀ DI BARI - FINANZIATO DALLA UNIONE EUROPEA NEXT GENERATION EU - TRASPORTO RAPIDO DI MASSA - MISURA M2C2 - INV 4.2 DEL PNRR - CUP: J91B21002850001 REGOLAMENTAZIONE TEMPORANEA DELLA CIRCOLAZIONE STRADALE SU VIA NATALE LOIACONO DAL GIORNO 11.3.2026 AL GIORNO 11.4.2026 IMPRESA ESECUTRICE: R.T.I. COBAR S.P.A. - MER MEC STE S.R.L.<br><br>a) L’istituzione del restringimento di carreggiata a tutti i veicoli su via Natale Loiacono. <br>b) L’istituzione del divieto di fermata a tutti i veicoli su via Natale Loiacono, ambo i lati; <br>c) L’istituzione del senso unico di marcia, a tutti i veicoli su via Natale Loiacono, nella direzione di marcia che va da Via Paolo Aquilino verso via Caldarola;<br> d) L’istituzione dell’obbligo di proseguire diritto e svoltare a sinistra a tutti i veicoli su Via Caldarola, in corrispondenza dell’intersezione con via Natale Loiacono, per la corrente di traffico proveniente da via Toscanini;<br> e) L’istituzione dell’obbligo di proseguire diritto e svoltare a destra a tutti i veicoli su Via Caldarola, in corrispondenza dell’intersezione con via Natale Loiacono, per la corrente di traffico proveniente da via Magna Grecia;<br> f) L’istituzione dell’obbligo di svoltare a destra a tutti i veicoli su Via Francesco Pascazio, in corrispondenza dell’intersezione con via Natale Loiacono e su Via Lorenzo D’Avanzo, in corrispondenza dell’intersezione con via Natale Loiacono, per la corrente di traffico proveniente da via Carabellese; g) L’istituzione dell’obbligo di svoltare a sinistra a tutti i veicoli in uscita dall’ipermercato “Mongolfiera” su via Natale Loiacono<br> h) L’istituzione del senso vietato a tutti i veicoli su Via Natale Loiacono, i]]></description>
      <styleUrl>#line-E65100-3519</styleUrl>
      <LineString>
        <tessellate>1</tessellate>
        <coordinates>
          16.9124061,41.1075123,0
          16.9119608,41.1068979,0
          16.911721,41.106606,0
          16.9115746,41.1066918,0
          16.9114298,41.1066635,0
          16.911433,41.10659,0
          16.911384,41.106558,0
          16.91101,41.106049,0
          16.9089836,41.1029609,0
        </coordinates>
      </LineString>
    </Placemark>
    <Placemark>
      <name>ORDINANZA 2026/03977 
DIVIETO DI FERMATA, SENSO UNICO
VIA PAOLO AQUILINO
REALIZZAZIONE DI UN SISTEMA BRT PER LA CITTÀ DI BARI
IMPRESA ESECUTRICE: R.T.I. COBAR S.P.A. - MER MEC STE S.R.L.
01/09/2026 - 31/10/2026
</name>
      <description><![CDATA[ORDINANZA 2026/03977 <br><br>https://drive.google.com/file/d/1mFWQsja9rAC-8RjeQf61J-_CirxcMf1Z/view<br><br>PROROGA DELL’ORDINANZA DIRIGENZIALE 2026/03750 LAVORI DI REALIZZAZIONE DI UN SISTEMA BRT PER LA CITTÀ DI BARI - FINANZIATO DALLA UNIONE EUROPEA NEXT GENERATION EU - TRASPORTO RAPIDO DI MASSA - MISURA M2C2 - INV 4.2 DEL PNRR - CUP: J91B21002850001 REGOLAMENTAZIONE DELLA CIRCOLAZIONE STRADALE SU VIA PAOLO AQUILINO FINO AL GIORNO 31.10.2026 IMPRESA ESECUTRICE: R.T.I. COBAR S.P.A. - MER MEC STE S.R.L. <br><br>Durata e tempistiche: 01/09/2026 - 31/10/2026<br><br>PROROGATA FINO AL 31/08/2026 DALLA Ordinanza 2026/03750<br> https://drive.google.com/file/d/1rjAdXySHdBITgoLgs-gqXXFJxEJOUdbv/view<br><br>ORDINANZA 2026/03240 <br><br>https://drive.google.com/file/d/1mCFJ_s5V-2IHc6B3GxMwI2E0vFuX1ZP4/view<br><br><br>PROROGA DELL’ORDINANZA DIRIGENZIALE 2026/02745 LAVORI DI REALIZZAZIONE DI UN SISTEMA BRT PER LA CITTÀ DI BARI - FINANZIATO DALLA UNIONE EUROPEA NEXT GENERATION EU - TRASPORTO RAPIDO DI MASSA - MISURA M2C2 - INV 4.2 DEL PNRR - CUP: J91B21002850001 REGOLAMENTAZIONE DELLA CIRCOLAZIONE STRADALE SU VIA PAOLO AQUILINO FINO AL GIORNO 31.07.2026 IMPRESA ESECUTRICE: R.T.I. COBAR S.P.A. - MER MEC STE S.R.L <br><br>Durata e tempistiche: 01/07/2026 - 31/07/2026 <br><br>PRORGATA DALLA Ordinanza<br>2026/02745 <br>FINO AL 30/06/2026<br>https://drive.google.com/file/d/18dkAGMR7bo1W_hbum7X8p1MZi4o55uaA/view<br><br>PROROGATA DALLA 2026/02506 <br>FINO AL 13/06/2026<br>https://drive.google.com/file/d/1kq7Cu4ihfZuP-NNDl6O1H-PMkLcygUK4/view<br><br>PROROGA ORDINANZA 2026/01852 FINO AL 13/05/2026<br>https://drive.google.com/file/d/1qH74OdZvlo_MRVqlNwy8tivkUurnPKoE/view<br><br>ORDINANZA 2026/01268<br><br>https://drive.google.com/file/d/1qtqv05Qdm-bJLEMqLo_fUdmqqKMmfB4n/view<br><br>LAVORI DI REALIZZAZIONE DI UN SISTEMA BRT PER LA CITTÀ DI BARI - FINANZIATO DALLA UNIONE EUROPEA NEXT GENERATION EU - TRASPORTO RAPIDO DI MASSA - MISURA M2C2 - INV 4.2 DEL PNRR - CUP: J91B21002850001 REGOLAMENTAZIONE DELLA CIRCOLAZIONE STRADALE SU VIA PAOLO AQUILINO DAL GIORNO 13.3.2026 AL GIORNO 13.4.2026 IMPRESA ESECUTRICE: R.T.I. COBAR S.P.A. - MER MEC STE S.R.L.<br><br>1) Istituzione del senso unico di marcia su via Paolo Aquilino nella direzione di marcia che va da via Arturo Toscanini verso via Natale Loiacono<br>2) Istituzione del divieto di fermata su via Paolo Aquilino, lato nord <br>3) Istituzione del senso vietato su via Paolo Aquilino ai veicoli provenienti da via Natale Loiacono Dagli obblighi e divieti di cui al punto 2) sono esclusi: i) i veicoli al servizio, ovvero di proprietà dell’impresa esecutrice dei lavori e sue subappaltatrici; ii) i veicoli delle forze dell’ordine, dei vigili del fuoco e delle ambulanze durante l’espletamento di servizi d’istituto e di soccorso pubblico e d’emergenza; iii) i veicoli al servizio di persone con limitate o impedite capacità motorie; iv) i veicoli diretti agli accessi carrabili privati. <br><br><br>Durata e tempistiche: 13/03/2026 - 13/04/2026 <br><br>aggiornamento 14/01/2026<br>Per quanto riguarda invece i lavori del BRT nel quartiere Japigia, nella giornata di domani, mercoledì 14 gennaio, è in programma la cantierizzazione degli interventi in via Paolo Aquilino, nell’area su cui sarà realizzato il capolinea della Linea Rossa e della Linea Verde del BRT, su cui sono anche previste le fermata di due linee di bus del trasporto pubblico locale: la zona diventerà un nodo strategico di integrazione tra BRT e TPL, in un’area al servizio di numerose residenze, uffici, negozi e scuole.<br><br>I lavori partiranno da via Toscanini: come previsto da ordinanza, è stato istituito il senso unico di marcia su via Aquilino, nella direzione che va da via Toscanini verso via Loiacono.<br><br>Ordinanza: 2026/00030<br><br>https://drive.google.com/file/d/1axECmDKwJF0gqB10cUmhNLNIZ4yvy_dE/view<br><br>LAVORI DI REALIZZAZIONE DI UN SISTEMA BRT PER LA CITTÀ DI BARI -<br>FINANZIATO DALLA UNIONE EUROPEA NEXT GENERATION EU -<br>TRASPORTO RAPIDO DI MASSA - MISURA M2C2 - INV 4.2 DEL PNRR - CUP:<br>J91B21002850001<br>REGOLAMENTAZIONE DELLA CIRCOLAZIONE STRADALE SU VIA PAOLO<br>AQUILINO DAL GIORNO <br><br>Nello specifico: <br>Sono]]></description>
      <styleUrl>#icon-1541-E65100</styleUrl>
      <Point>
        <coordinates>
          16.9117289,41.1065344,0
        </coordinates>
      </Point>
    </Placemark>
    <Placemark>
      <name>ORDINANZA 2026/03977 
DIVIETO DI FERMATA, SENSO UNICO
VIA PAOLO AQUILINO
REALIZZAZIONE DI UN SISTEMA BRT PER LA CITTÀ DI BARI
IMPRESA ESECUTRICE: R.T.I. COBAR S.P.A. - MER MEC STE S.R.L.
01/09/2026 - 31/10/2026
</name>
      <description><![CDATA[ORDINANZA 2026/03977 <br><br>https://drive.google.com/file/d/1mFWQsja9rAC-8RjeQf61J-_CirxcMf1Z/view<br><br>PROROGA DELL’ORDINANZA DIRIGENZIALE 2026/03750 LAVORI DI REALIZZAZIONE DI UN SISTEMA BRT PER LA CITTÀ DI BARI - FINANZIATO DALLA UNIONE EUROPEA NEXT GENERATION EU - TRASPORTO RAPIDO DI MASSA - MISURA M2C2 - INV 4.2 DEL PNRR - CUP: J91B21002850001 REGOLAMENTAZIONE DELLA CIRCOLAZIONE STRADALE SU VIA PAOLO AQUILINO FINO AL GIORNO 31.10.2026 IMPRESA ESECUTRICE: R.T.I. COBAR S.P.A. - MER MEC STE S.R.L. <br><br>Durata e tempistiche: 01/09/2026 - 31/10/2026<br><br>PROROGATA FINO AL 31/08/2026 DALLA Ordinanza 2026/03750<br> https://drive.google.com/file/d/1rjAdXySHdBITgoLgs-gqXXFJxEJOUdbv/view<br><br>ORDINANZA 2026/03240 <br><br>https://drive.google.com/file/d/1mCFJ_s5V-2IHc6B3GxMwI2E0vFuX1ZP4/view<br><br><br>PROROGA DELL’ORDINANZA DIRIGENZIALE 2026/02745 LAVORI DI REALIZZAZIONE DI UN SISTEMA BRT PER LA CITTÀ DI BARI - FINANZIATO DALLA UNIONE EUROPEA NEXT GENERATION EU - TRASPORTO RAPIDO DI MASSA - MISURA M2C2 - INV 4.2 DEL PNRR - CUP: J91B21002850001 REGOLAMENTAZIONE DELLA CIRCOLAZIONE STRADALE SU VIA PAOLO AQUILINO FINO AL GIORNO 31.07.2026 IMPRESA ESECUTRICE: R.T.I. COBAR S.P.A. - MER MEC STE S.R.L <br><br>Durata e tempistiche: 01/07/2026 - 31/07/2026 <br><br>PRORGATA DALLA Ordinanza<br>2026/02745 <br>FINO AL 30/06/2026<br>https://drive.google.com/file/d/18dkAGMR7bo1W_hbum7X8p1MZi4o55uaA/view<br><br>PROROGATA DALLA 2026/02506<br>FINO AL 13/06/2026<br>https://drive.google.com/file/d/1kq7Cu4ihfZuP-NNDl6O1H-PMkLcygUK4/view<br><br>PROROGA ORDINANZA 2026/01852 FINO AL 13/05/2026<br>https://drive.google.com/file/d/1qH74OdZvlo_MRVqlNwy8tivkUurnPKoE/view<br><br>ORDINANZA 2026/01268<br><br>https://drive.google.com/file/d/1qtqv05Qdm-bJLEMqLo_fUdmqqKMmfB4n/view<br><br>LAVORI DI REALIZZAZIONE DI UN SISTEMA BRT PER LA CITTÀ DI BARI - FINANZIATO DALLA UNIONE EUROPEA NEXT GENERATION EU - TRASPORTO RAPIDO DI MASSA - MISURA M2C2 - INV 4.2 DEL PNRR - CUP: J91B21002850001 REGOLAMENTAZIONE DELLA CIRCOLAZIONE STRADALE SU VIA PAOLO AQUILINO DAL GIORNO 13.3.2026 AL GIORNO 13.4.2026 IMPRESA ESECUTRICE: R.T.I. COBAR S.P.A. - MER MEC STE S.R.L.<br><br>1) Istituzione del senso unico di marcia su via Paolo Aquilino nella direzione di marcia che va da via Arturo Toscanini verso via Natale Loiacono<br>2) Istituzione del divieto di fermata su via Paolo Aquilino, lato nord <br>3) Istituzione del senso vietato su via Paolo Aquilino ai veicoli provenienti da via Natale Loiacono Dagli obblighi e divieti di cui al punto 2) sono esclusi: i) i veicoli al servizio, ovvero di proprietà dell’impresa esecutrice dei lavori e sue subappaltatrici; ii) i veicoli delle forze dell’ordine, dei vigili del fuoco e delle ambulanze durante l’espletamento di servizi d’istituto e di soccorso pubblico e d’emergenza; iii) i veicoli al servizio di persone con limitate o impedite capacità motorie; iv) i veicoli diretti agli accessi carrabili privati. <br><br><br>Durata e tempistiche: 13/03/2026 - 13/04/2026 <br><br>Ordinanza: 2026/00030<br><br>https://drive.google.com/file/d/1axECmDKwJF0gqB10cUmhNLNIZ4yvy_dE/view<br><br>LAVORI DI REALIZZAZIONE DI UN SISTEMA BRT PER LA CITTÀ DI BARI -<br>FINANZIATO DALLA UNIONE EUROPEA NEXT GENERATION EU -<br>TRASPORTO RAPIDO DI MASSA - MISURA M2C2 - INV 4.2 DEL PNRR - CUP:<br>J91B21002850001<br>REGOLAMENTAZIONE DELLA CIRCOLAZIONE STRADALE SU VIA PAOLO<br>AQUILINO DAL GIORNO <br><br>Nello specifico: <br>Sono istituiti i seguenti provvedimenti temporanei di<br>circolazione:<br>1) Istituzione del senso unico di marcia su via Paolo Aquilino nella direzione di marcia che va da via<br>Arturo Toscanini verso via Natale Loiacono<br>2) Istituzione del divieto di fermata su via Paolo Aquilino, lato nord<br>3) Istituzione del senso vietato su via Paolo Aquilino ai veicoli provenienti da via Natale Loiacono<br><br>Durata e tempistiche: 12/01/2026 - 12/03/2026]]></description>
      <styleUrl>#line-E65100-5456</styleUrl>
      <LineString>
        <tessellate>1</tessellate>
        <coordinates>
          16.9116417,41.1065108,0
          16.9133744,41.1057873,0
        </coordinates>
      </LineString>
    </Placemark>
    <Placemark>
      <name>ORDINANZA 2026/03484
AUTORIZZAZIONE TEMPORANEA AL TRANSITO DEI MEZZI SUPERIORI AI 35
Q.LI, IN DEROGA ALL’ORDINANZA SINDACALE N. 2322 DEL 20.3.1991,
RESTRINGIMENTO DI CARREGGIATA, DIVIETO DI SOSTA SU VIA CRISANZIO
DAL CIVICO 101G AL CIVICO 107H E FRONTE CIVICI 101 -107 PER
POSIZIONAMENTO RECINZIONE DI CANTIERE
RICHIEDENTE: SIG. LOIUDICE DONATO
TERMINE E DURATA:DAL 24/07/2026 AL 31/12/2026
</name>
      <description><![CDATA[ORDINANZA 2026/03484<br>https://drive.google.com/file/d/1trWSZhJUaUt2P17OgYNjUN9joditrDMj/view<br>1) in deroga all’Ordinanza Sindacale n. 2322 del 20.3.1991, E’ CONSENTITO IL TRANSITO all’<br>interno del perimetro individuato dalla stessa: via B. Regina – via B. Bari – via Capruzzi – via<br>Oberdan – via Di Vagno – lungomare Nazario Sauro – lungomare A. Di Crollalanza – p.zza IV<br>Novembre – c.so V. Emanuele, ai veicoli al servizio del Sig. Loiudice Donato<br>2) restringimento di carreggiata e divieto di sosta con rimozione forzata su via Crisanzio dal<br>civico 101G al civico 107h e fronte civici 101 -107<br><br>E’ istituita la graduazione della velocità in avvicinamento alla zona interessata dalle limitazioni suddette,<br>così come definito al punto 4.1 del D.M. Infrastrutture e Trasporti 10 luglio 2002, pubblicato sulla G.U. n.<br>226 del 26 settembre 2002, con limite massimo pari a trenta chilometri orari.<br>I restringimenti della carreggiata dovranno essere attuati lasciando percorribile una corsia, di larghezza non<br>inferiore a m 3.50.<br>I veicoli al servizio dell’impresa esecutrice dei lavori potranno transitare e sostare sulla porzione di<br>carreggiata interessata dai lavori esclusivamente durante le ore di lavoro.<br>Tutte le ordinanze sindacali in contrasto con la presente sono provvisoriamente sospese e divengono<br>nuovamente efficaci al raggiungimento dei termini previsti dal presente disposto.<br>La segnaletica di proprietà dell’Amministrazione non potrà essere in alcun caso rimossa o modificata per<br>adattarla alle esigenze di cantiere o per eseguire il disposto della presente ordinanza, ma dovrà essere<br>opportunamente oscurata con dispositivi appropriati e omologati, in modo da evitare che si crei insicurezza<br>e incertezza nella lettura dei divieti e prescrizioni imposti dal piano di segnalamento temporaneo per lavori<br>in ambito stradale.<br><br>Il Sig. Loiudice Donato in esecuzione alla presente ordinanza, dovrà:<br><br>Garantire tempestivamente e in ogni condizione il transito dei mezzi della forza pubblica e di soccorso, in<br>caso d'emergenza e per motivi di pubblica incolumità, anche con l’utilizzo di opere provvisionali disposte<br>e/o apposte da personale incaricato allo scopo;<br>Installare e mantenere a proprie spese la segnaletica stradale temporanea e di cantiere che dovrà altresì<br>essere conforme a quanto disposto dall’art. 21 del D.Lgs. n. 285 del 30.4.1992 e dagli artt. 30, 31, 32, 34,<br>37, 38, 40 e 42 del Regolamento di attuazione ed esecuzione del N.C.d.S. In particolare devono essere<br>rispettate le norme contenute nel D.M. Infrastrutture e Trasporti 10 luglio 2002, pubblicato sulla G.U. n.<br>226, del 26 settembre 2002, che disciplina gli adempimenti connessi ai segnalamenti temporanei per lavori<br>stradali;<br>Apporre la segnaletica stradale nei luoghi prefati, non meno di 48 ore prima dell’inizio dei lavori per<br>rendere noto all’utenza il provvedimento ordinatorio (N.C.d.S. Decreto Legislativo n. 285 del 30.4.1992 art.<br>6, comma 4, lett. f) trasmettendo al Comando Polizia Municipale esclusivamente a mezzo e-mail all’indirizzo<br>“sala operativa@comune.bari.it”, la dichiarazione sostitutiva di atto notorio allegato alla presente<br>ordinanza;<br>Fare in modo che nel sistema di segnalamento temporaneo, ogni segnale sia coerente con la situazione in<br>cui viene posto e ad uguale situazione, corrispondano stessi segnali e stessi criteri di posa. Non devono<br>essere posti in opera segnali temporanei che siano in contrasto con i segnali permanenti esistenti sui luoghi<br><br>interessati. A tal fine i segnali permanenti devono essere oscurati se in contrasto con quelli temporanei <br>ORDINANZA 2026/01342 <br><br>https://drive.google.com/file/d/1XPy0EnEzw0oLLGu0jmuH4EznUnwIiZFZ/view<br><br>AUTORIZZAZIONE TEMPORANEA AL TRANSITO DEI MEZZI SUPERIORI AI 35 Q.LI, IN DEROGA ALL’ORDINANZA SINDACALE N. 2322 DEL 20.3.1991, RESTRINGIMENTO DI CARREGGIATA, DIVIETO DI SOSTA AMBO I LATI SU VIA CRISANZIO DAL CIV. 101G AL CIV. 107H PER POSIZIONAMENTO RECINZIONE DI CANTIERE DAL GIORNO DI ADOZIONE DELLA PRESENTE ORDINANZA AL 30/06/2026.]]></description>
      <styleUrl>#icon-1541-E65100</styleUrl>
      <Point>
        <coordinates>
          16.8628861,41.1194956,0
        </coordinates>
      </Point>
    </Placemark>
    <Placemark>
      <name>ORDINANZA 2026/03484
AUTORIZZAZIONE TEMPORANEA AL TRANSITO DEI MEZZI SUPERIORI AI 35
Q.LI, IN DEROGA ALL’ORDINANZA SINDACALE N. 2322 DEL 20.3.1991,
RESTRINGIMENTO DI CARREGGIATA, DIVIETO DI SOSTA SU VIA CRISANZIO
DAL CIVICO 101G AL CIVICO 107H E FRONTE CIVICI 101 -107 PER
POSIZIONAMENTO RECINZIONE DI CANTIERE
RICHIEDENTE: SIG. LOIUDICE DONATO
TERMINE E DURATA:DAL 24/07/2026 AL 31/12/2026

</name>
      <description><![CDATA[ORDINANZA 2026/03484<br>https://drive.google.com/file/d/1trWSZhJUaUt2P17OgYNjUN9joditrDMj/view<br>1) in deroga all’Ordinanza Sindacale n. 2322 del 20.3.1991, E’ CONSENTITO IL TRANSITO all’<br>interno del perimetro individuato dalla stessa: via B. Regina – via B. Bari – via Capruzzi – via<br>Oberdan – via Di Vagno – lungomare Nazario Sauro – lungomare A. Di Crollalanza – p.zza IV<br>Novembre – c.so V. Emanuele, ai veicoli al servizio del Sig. Loiudice Donato<br>2) restringimento di carreggiata e divieto di sosta con rimozione forzata su via Crisanzio dal<br>civico 101G al civico 107h e fronte civici 101 -107<br><br>E’ istituita la graduazione della velocità in avvicinamento alla zona interessata dalle limitazioni suddette,<br>così come definito al punto 4.1 del D.M. Infrastrutture e Trasporti 10 luglio 2002, pubblicato sulla G.U. n.<br>226 del 26 settembre 2002, con limite massimo pari a trenta chilometri orari.<br>I restringimenti della carreggiata dovranno essere attuati lasciando percorribile una corsia, di larghezza non<br>inferiore a m 3.50.<br>I veicoli al servizio dell’impresa esecutrice dei lavori potranno transitare e sostare sulla porzione di<br>carreggiata interessata dai lavori esclusivamente durante le ore di lavoro.<br>Tutte le ordinanze sindacali in contrasto con la presente sono provvisoriamente sospese e divengono<br>nuovamente efficaci al raggiungimento dei termini previsti dal presente disposto.<br>La segnaletica di proprietà dell’Amministrazione non potrà essere in alcun caso rimossa o modificata per<br>adattarla alle esigenze di cantiere o per eseguire il disposto della presente ordinanza, ma dovrà essere<br>opportunamente oscurata con dispositivi appropriati e omologati, in modo da evitare che si crei insicurezza<br>e incertezza nella lettura dei divieti e prescrizioni imposti dal piano di segnalamento temporaneo per lavori<br>in ambito stradale.<br><br>Il Sig. Loiudice Donato in esecuzione alla presente ordinanza, dovrà:<br><br>Garantire tempestivamente e in ogni condizione il transito dei mezzi della forza pubblica e di soccorso, in<br>caso d'emergenza e per motivi di pubblica incolumità, anche con l’utilizzo di opere provvisionali disposte<br>e/o apposte da personale incaricato allo scopo;<br>Installare e mantenere a proprie spese la segnaletica stradale temporanea e di cantiere che dovrà altresì<br>essere conforme a quanto disposto dall’art. 21 del D.Lgs. n. 285 del 30.4.1992 e dagli artt. 30, 31, 32, 34,<br>37, 38, 40 e 42 del Regolamento di attuazione ed esecuzione del N.C.d.S. In particolare devono essere<br>rispettate le norme contenute nel D.M. Infrastrutture e Trasporti 10 luglio 2002, pubblicato sulla G.U. n.<br>226, del 26 settembre 2002, che disciplina gli adempimenti connessi ai segnalamenti temporanei per lavori<br>stradali;<br>Apporre la segnaletica stradale nei luoghi prefati, non meno di 48 ore prima dell’inizio dei lavori per<br>rendere noto all’utenza il provvedimento ordinatorio (N.C.d.S. Decreto Legislativo n. 285 del 30.4.1992 art.<br>6, comma 4, lett. f) trasmettendo al Comando Polizia Municipale esclusivamente a mezzo e-mail all’indirizzo<br>“sala operativa@comune.bari.it”, la dichiarazione sostitutiva di atto notorio allegato alla presente<br>ordinanza;<br>Fare in modo che nel sistema di segnalamento temporaneo, ogni segnale sia coerente con la situazione in<br>cui viene posto e ad uguale situazione, corrispondano stessi segnali e stessi criteri di posa. Non devono<br>essere posti in opera segnali temporanei che siano in contrasto con i segnali permanenti esistenti sui luoghi<br><br>interessati. A tal fine i segnali permanenti devono essere oscurati se in contrasto con quelli temporanei <br>ORDINANZA 2026/01342 <br><br>https://drive.google.com/file/d/1XPy0EnEzw0oLLGu0jmuH4EznUnwIiZFZ/view<br><br>AUTORIZZAZIONE TEMPORANEA AL TRANSITO DEI MEZZI SUPERIORI AI 35 Q.LI, IN DEROGA ALL’ORDINANZA SINDACALE N. 2322 DEL 20.3.1991, RESTRINGIMENTO DI CARREGGIATA, DIVIETO DI SOSTA AMBO I LATI SU VIA CRISANZIO DAL CIV. 101G AL CIV. 107H PER POSIZIONAMENTO RECINZIONE DI CANTIERE DAL GIORNO DI ADOZIONE DELLA PRESENTE ORDINANZA AL 30/06/2026.]]></description>
      <styleUrl>#line-E65100-4100</styleUrl>
      <LineString>
        <tessellate>1</tessellate>
        <coordinates>
          16.8629847,41.1194903,0
          16.8627889,41.1194868,0
        </coordinates>
      </LineString>
    </Placemark>
    <Placemark>
      <name><![CDATA[ORDINANZA N. 2026/01392
DIVIETO DI SOSTA CON RIMOZIONE FORZATA AMBO I LATI 
CORSO ITALIA DA ANGOLO VIA QUINTINO SELLA AD ANGOLO VIA BEATA CLEMENTE 
 VIA BEATA CLEMENTE DAL CIV .236 AD ANGOLO VIA SCIPIONE CRISANZIO 
 VIA VITO FORNARI DAL CIV . 19 AD ANGOLO VIA BEATA CLEMENTE 
VIA SCIPIONE CRISANZIO DAL CIV . 29 AD ANGOLO VIA QUINTINO SELLA 
 VIA QUINTINO SELLA DAL CIV . 204 AL CIV . 230 
VIA SCIPIONE CRISANZIO DAL CIV . 50 AD ANGOLO VIA GIUSEPPE SUPPA 
LAVORI DI SCAVO PER POSA IMPIANTI SU SEDE STRADALE
IMPRESA ESECUTRICE: PATANO IMPIANTI & COSTRUZIONI S.R.L.
23/03/2026 - 31/12/2026 
07:30- 19:00.
]]></name>
      <description><![CDATA[ORDINANZA N. 2026/01392<br>https://drive.google.com/file/d/1qtTaaH-YK5pmkIF12zsof4gdAucvSara/view<br><br>DIVIETO DI SOSTA CON RIMOZIONE FORZATA AMBO I LATI SU CORSO ITALIA DA<br>ANGOLO VIA QUINTINO SELLA AD ANGOLO VIA BEATA CLEMENTE ; VIA<br>BEATA CLEMENTE DAL CIV .236 AD ANGOLO VIA SCIPIONE CRISANZIO ; VIA<br>VITO FORNARI DAL CIV . 19 AD ANGOLO VIA BEATA CLEMENTE ; VIA<br>SCIPIONE CRISANZIO DAL CIV . 29 AD ANGOLO VIA QUINTINO SELLA ; - VIA<br>QUINTINO SELLA DAL CIV . 204 AL CIV . 230 ; VIA SCIPIONE CRISANZIO DAL<br>CIV . 50 AD ANGOLO VIA GIUSEPPE SUPPA PER LAVORI DI SCAVO PER<br>POSA IMPIANTI SU SEDE STRADALE DAL GIORNO 25/03/2026 AL GIORNO<br>31/12/ 2026 DALLE ORE 07:30 ALLE ORE 19:00.<br>Corso Italia da Angolo Via Quintino Sella ad Angolo Via Beata Clemente ;<br>Via Beata Clemente dal civ .236 ad Angolo Via Scipione Crisanzio ;<br>Via Vito Fornari dal civ . 19 ad Angolo Via Beata Clemente ;<br>Via Scipione Crisanzio dal civ . 29 ad Angolo Via Quintino Sella ;<br>Via Quintino Sella dal civ . 204 al civ . 230 ;<br>Via Scipione Crisanzio dal civ . 50 ad Angolo Via Giuseppe Suppa.<br><br>termine e durata: DAL 23/03/2026 AL 31/12/2026 DALLE ORE 07:30 ALLE ORE 19:00.]]></description>
      <styleUrl>#icon-1541-E65100</styleUrl>
      <Point>
        <coordinates>
          16.8658358,41.1190856,0
        </coordinates>
      </Point>
    </Placemark>
    <Placemark>
      <name><![CDATA[ORDINANZA N. 2026/01392
DIVIETO DI SOSTA CON RIMOZIONE FORZATA AMBO I LATI 
CORSO ITALIA DA ANGOLO VIA QUINTINO SELLA AD ANGOLO VIA BEATA CLEMENTE 
 VIA BEATA CLEMENTE DAL CIV .236 AD ANGOLO VIA SCIPIONE CRISANZIO 
 VIA VITO FORNARI DAL CIV . 19 AD ANGOLO VIA BEATA CLEMENTE 
VIA SCIPIONE CRISANZIO DAL CIV . 29 AD ANGOLO VIA QUINTINO SELLA 
 VIA QUINTINO SELLA DAL CIV . 204 AL CIV . 230 
VIA SCIPIONE CRISANZIO DAL CIV . 50 AD ANGOLO VIA GIUSEPPE SUPPA 
LAVORI DI SCAVO PER POSA IMPIANTI SU SEDE STRADALE
IMPRESA ESECUTRICE: PATANO IMPIANTI & COSTRUZIONI S.R.L.
23/03/2026 - 31/12/2026 
07:30- 19:00.
]]></name>
      <description><![CDATA[ORDINANZA N. 2026/01392<br>https://drive.google.com/file/d/1qtTaaH-YK5pmkIF12zsof4gdAucvSara/view<br><br>DIVIETO DI SOSTA CON RIMOZIONE FORZATA AMBO I LATI SU CORSO ITALIA DA<br>ANGOLO VIA QUINTINO SELLA AD ANGOLO VIA BEATA CLEMENTE ; VIA<br>BEATA CLEMENTE DAL CIV .236 AD ANGOLO VIA SCIPIONE CRISANZIO ; VIA<br>VITO FORNARI DAL CIV . 19 AD ANGOLO VIA BEATA CLEMENTE ; VIA<br>SCIPIONE CRISANZIO DAL CIV . 29 AD ANGOLO VIA QUINTINO SELLA ; - VIA<br>QUINTINO SELLA DAL CIV . 204 AL CIV . 230 ; VIA SCIPIONE CRISANZIO DAL<br>CIV . 50 AD ANGOLO VIA GIUSEPPE SUPPA PER LAVORI DI SCAVO PER<br>POSA IMPIANTI SU SEDE STRADALE DAL GIORNO 25/03/2026 AL GIORNO<br>31/12/ 2026 DALLE ORE 07:30 ALLE ORE 19:00.<br>Corso Italia da Angolo Via Quintino Sella ad Angolo Via Beata Clemente ;<br>Via Beata Clemente dal civ .236 ad Angolo Via Scipione Crisanzio ;<br>Via Vito Fornari dal civ . 19 ad Angolo Via Beata Clemente ;<br>Via Scipione Crisanzio dal civ . 29 ad Angolo Via Quintino Sella ;<br>Via Quintino Sella dal civ . 204 al civ . 230 ;<br>Via Scipione Crisanzio dal civ . 50 ad Angolo Via Giuseppe Suppa.<br><br>termine e durata: DAL 23/03/2026 AL 31/12/2026 DALLE ORE 07:30 ALLE ORE 19:00.]]></description>
      <styleUrl>#line-E65100-4488</styleUrl>
      <LineString>
        <tessellate>1</tessellate>
        <coordinates>
          16.8646458,41.1202561,0
          16.8646941,41.1195772,0
          16.8674514,41.1197591,0
          16.8657187,41.1196459,0
          16.8657938,41.1190801,0
          16.8661962,41.1189751,0
          16.8657938,41.119072,0
          16.8658582,41.118478,0
          16.864825,41.118404,0
        </coordinates>
      </LineString>
    </Placemark>
    <Placemark>
      <name>ORDINANZA 2026/03877
PER DIVIETO DI SOSTA E DI FERMATA AMBO I LATI E RESTRINGIMENTO DI CARREGGIATA
VIA GIULIO PETRONI DA VIA DAMASCELLI A VIA GIUSEPPE SIGNORILE BIANCHI
LAVORI DI SCAVO PER LA POSA CAVI
IMPRESA ESECUTRICE:DMF COSTRUZIONI S.R.L.
01/06//2026 - 30/09/2026</name>
      <description><![CDATA[PROROGATA FINO AL 30/09/2026 DALLA <br>Ordinanza 2026/03877<br>https://drive.google.com/file/d/1tjy3a1vpFXBZTAhXfyDn11ui-luydb-7/view<br><br>ORDINANZA 2026/02863 <br><br>https://drive.google.com/file/d/1Xo9fH0V32fxRyCms8PR-D4J2skNxKFmC/view<br><br>ORDINANZA PER ISTITUIRE TEMPORANEAMENTE UN DIVIETO DI SOSTA AMBO I LATI DELLA CARREGGIATA CON RESTRINGIMENTO CARREGGIATA SU VIA GIULIO PETRONI DA VIA DAMASCELLI A VIA GIUSEPPE SIGNORILE BIANCHI PER LAVORI DI SCAVO PER LA POSA CAVI MT DAL 01/06/2026 AL 31/07/2026. PROROGA ORDINANZA DIRIGENZIALE N. 2026/01439 DEL 24/03/2026. IMPRESA: DMF COSTRUZIONI S.R.L. ISTANTE: LOSACCO LUIGI (LEGALE RAPPRESENTANTE DELLA DMF COSTRUZIONI S.R.L.) <br><br>Durata e tempistiche: 01/06//2026 - 31/07/2026 <br><br>Ordinanza: 2026/01439<br><br>https://drive.google.com/file/d/1HCJxfv-GHGLa0M-r2NN-OURpixWg3fSL/view<br><br>ORDINANZA PER ISTITUIRE TEMPORANEAMENTE UN DIVIETO DI SOSTA<br>AMBO I LATI DELLA CARREGGIATA CON RESTRINGIMENTO CARREGGIATA<br>SU VIA GIULIO PETRONI DA VIA DAMASCELLI A VIA GIUSEPPE SIGNORILE<br>BIANCHI PER LAVORI DI SCAVO PER LA POSA CAVI MT  PROROGA ORDINANZA DIRIGENZIALE N. 2026/00679 DEL<br>10/02/2026.<br>IMPRESA: DMF COSTRUZIONI S.R.L.<br>ISTANTE: LOSACCO LUIGI (LEGALE RAPPRESENTANTE DELLA DMF<br>COSTRUZIONI S.R.L.)<br><br>Durata e tempistiche: 01/04/2026 - 30/05/2026.]]></description>
      <styleUrl>#line-E65100-3519</styleUrl>
      <LineString>
        <tessellate>1</tessellate>
        <coordinates>
          16.8648729,41.0809348,0
          16.8648139,41.0804172,0
          16.864653,41.0798269,0
          16.8645296,41.0792527,0
          16.8645564,41.0787189,0
          16.8645979,41.0783028,0
        </coordinates>
      </LineString>
    </Placemark>
    <Placemark>
      <name>ORDINANZA 2026/03877
PER DIVIETO DI SOSTA E DI FERMATA AMBO I LATI E RESTRINGIMENTO DI CARREGGIATA
VIA GIULIO PETRONI DA VIA DAMASCELLI A VIA GIUSEPPE SIGNORILE BIANCHI
LAVORI DI SCAVO PER LA POSA CAVI
IMPRESA ESECUTRICE:DMF COSTRUZIONI S.R.L.
01/06//2026 - 30/09/2026</name>
      <description><![CDATA[PROROGATA FINO AL 30/09/2026 DALLA <br>Ordinanza 2026/03877<br>https://drive.google.com/file/d/1tjy3a1vpFXBZTAhXfyDn11ui-luydb-7/view<br><br>ORDINANZA 2026/02863 <br><br>https://drive.google.com/file/d/1Xo9fH0V32fxRyCms8PR-D4J2skNxKFmC/view<br><br>ORDINANZA PER ISTITUIRE TEMPORANEAMENTE UN DIVIETO DI SOSTA AMBO I LATI DELLA CARREGGIATA CON RESTRINGIMENTO CARREGGIATA SU VIA GIULIO PETRONI DA VIA DAMASCELLI A VIA GIUSEPPE SIGNORILE BIANCHI PER LAVORI DI SCAVO PER LA POSA CAVI MT DAL 01/06/2026 AL 31/07/2026. PROROGA ORDINANZA DIRIGENZIALE N. 2026/01439 DEL 24/03/2026. IMPRESA: DMF COSTRUZIONI S.R.L. ISTANTE: LOSACCO LUIGI (LEGALE RAPPRESENTANTE DELLA DMF COSTRUZIONI S.R.L.) <br><br>Durata e tempistiche: 01/06//2026 - 31/07/2026 <br><br>Ordinanza: 2026/01439<br><br>https://drive.google.com/file/d/1HCJxfv-GHGLa0M-r2NN-OURpixWg3fSL/view<br><br>ORDINANZA PER ISTITUIRE TEMPORANEAMENTE UN DIVIETO DI SOSTA<br>AMBO I LATI DELLA CARREGGIATA CON RESTRINGIMENTO CARREGGIATA<br>SU VIA GIULIO PETRONI DA VIA DAMASCELLI A VIA GIUSEPPE SIGNORILE<br>BIANCHI PER LAVORI DI SCAVO PER LA POSA CAVI MT PROROGA ORDINANZA DIRIGENZIALE N. 2026/00679 DEL<br>10/02/2026.<br>IMPRESA: DMF COSTRUZIONI S.R.L.<br>ISTANTE: LOSACCO LUIGI (LEGALE RAPPRESENTANTE DELLA DMF<br>COSTRUZIONI S.R.L.)<br><br>Durata e tempistiche: 01/04/2026 - 30/05/2026]]></description>
      <styleUrl>#icon-1541-E65100</styleUrl>
      <Point>
        <coordinates>
          16.8649834,41.0808871,0
        </coordinates>
      </Point>
    </Placemark>
    <Placemark>
      <name>RETTIFICA: ORDINANZA 2026/02530
ORDINANZA 2026/01499
NUOVA REGOLAMENTAZIONE DELLA CIRCOLAZIONE STRADALE SU PIAZZA ALDO MORO: DIVIETO DI FERMATA
RIORGANIZZAZIONE DEI CAPOLINEA DEL TRASPORTO PUBBLICO LOCALE GESTITO DALL’AMTAB S.P.A.
RIQUALIFICAZIONE DI PIAZZA ALDO MORO 
27/03/2026-31/12/2026 
</name>
      <description><![CDATA[RETTIFICA: ORDINANZA 2026/02530<br><br>https://drive.google.com/file/d/1uYxeDt9JMMUC6xCrm-l9zBof4C-snDp_/view<br><br>RETTIFICHE ALL’ORDINANZA DIRIGENZIALE N. 2026/01499<br>STAZIONE BARI CENTRALE: NUOVO HUB PER LA RICONNESSIONE URBANA<br>E LA MOBILITÀ SOSTENIBILE, NUOVO PARCO URBANO E RINNOVAMENTO<br>DELLE AREE ESTERNE” - RIQUALIFICAZIONE DI PIAZZA ALDO MORO<br>NUOVA REGOLAMENTAZIONE DELLA CIRCOLAZIONE STRADALE SU PIAZZA<br>ALDO MORO<br>FINO AL 31.12.2026<br><br>INTEGRATA: Ordinanza 2026/02104<br>COME DI SEGUITO: <br>a) Istituzione del senso unico di marcia su via Giuseppe Suppa nella direzione di marcia che va da via Scipione<br>Crisanzio verso Corso Italia.<br>b) Istituzione dell’obbligo di proseguire diritto su Corso Italia in corrispondenza dell’intersezione con via Giuseppe<br>Suppa.<br>c) Istituzione dell’obbligo di proseguire diritto e svolta a sinistra su via Scipione Crisanzio in corrispondenza<br>dell’intersezione con via Giuseppe Suppa.<br>d) Istituzione del senso vietato su via Giuseppe Suppa in corrispondenza dell’intersezione con Corso Italia.<br><br>INTEGRATA DA 2026/01894<br>https://drive.google.com/file/d/1JagncqH-vtNNIHyxvOvAEtp5Y7XQH2FC/view<br>COME SEGUE: <br><br>Via Capruzzi<br>a) Istituzione di n. 3 spazi per autovetture in linea in corrispondenza dell’accesso alla Stazione Centrale in via<br>Capruzzi, sui quali la sosta sarà consentita con limitazione del tempo, regolata con disco orario, per un tempo<br>massimo di quindici minuti, al fine di offrire una sosta breve ai conducenti che accompagnano i propri congiunti<br>alla Stazione Ferroviaria o prelevano passeggeri dalla stessa.<br>b) Istituzione di 4 spazi di stazionamento parallelo riservato alle autovetture con conducente per lo svolgimento del<br>servizio di piazza (TAXI) in corrispondenza dei civici 180-186 di via Capruzzi lato ferrovia;<br>c) Istituzione di 14 spazi di stazionamento parallelo riservato alle autovetture con conducente per lo svolgimento<br>del servizio di piazza (TAXI) in corrispondenza di via Capruzzi lato ferrovia nel tratto compreso tra Largo<br>Sorrentino ed il civ. 152;<br>d) Istituzione di uno spazio di sosta per gli autobus del trasporto pubblico locale della città di Bari gestito da Amtab<br>s.p.a. su via Capruzzi in corrispondenza del civ. 144 lato ferrovia;<br><br>ORDINANZA 2026/01499<br><br>https://drive.google.com/file/d/1Mcjbfc3r895nNJiJIIbRY9IS-k4WniQB/view<br><br>https://www.comune.bari.it/-/riqualificazione-piazza-moro-luned%C3%AC-il-cantiere-si-sposta-sulla-porzione-sud-per-la-seconda-fase-dei-lavori<br><br><br>STAZIONE BARI CENTRALE: NUOVO HUB PER LA RICONNESSIONE URBANA E LA MOBILITÀ SOSTENIBILE, NUOVO PARCO URBANO E RINNOVAMENTO DELLE AREE ESTERNE” - RIQUALIFICAZIONE DI PIAZZA ALDO MORO NUOVA REGOLAMENTAZIONE DELLA CIRCOLAZIONE STRADALE SU PIAZZA ALDO MORO RIORGANIZZAZIONE DEI CAPOLINEA DEL TRASPORTO PUBBLICO LOCALE GESTITO DALL’AMTAB S.P.A. FINO AL 31.12.2026 <br><br>Durata e tempistiche: 27/03/2026-31/12/2026 ]]></description>
      <styleUrl>#icon-1541-E65100</styleUrl>
      <Point>
        <coordinates>
          16.8699299,41.1184237,0
        </coordinates>
      </Point>
    </Placemark>
    <Placemark>
      <name>ORDINANZA 2026/03780
PROROGA ORDINANZA 2026/01620
DIVIETO DI SOSTA E RESTRINGIMENTO CARREGGIATA
VIA DUCA DEGLI ABRUZZI TRA VIA CAPRUZZI E VIA DIETA DA BARI
P.ZZA LUIGI DI SAVOIA TRA VIA DIETA DA BARI E VIA CARULLI 
VIA DE GIOSA TRA VIA CARULLI E VIA COGNETTI
POSA CAVI INTERRATI MT
IMPRESA ESECUTRIC:SITE SPA PER CONTO DI E-DISTRIBUZIONE
03/08/2026 - 31/10/2026
</name>
      <description><![CDATA[ORDINANZA 2026/03780<br>https://drive.google.com/file/d/1gudh4KjY6MN6_6HZYHV4tHsyDyAXtr5U/view<br>PROROGA Ordinanza: 2026/01620<br><br>https://drive.google.com/file/d/1pYSCPx2aEpyA5PDnkonDei1Ee__Kug3G/view<br><br>LIMITAZIONI TEMPORANEE ALLA SOSTA VEICOLARE CON RIMOZIONE<br>FORZATA SU ENTRAMBI I LATI E RESTRINGIMENTO DI CARREGGIATA<br>FINALIZZATE AI LAVORI DI SCAVO E POSA CAVI INTERRATI MT – PNRR<br>DAL GIORNO 13.4.2026 AL GIORNO 31.7.2026 DALLE ORE 7.00 ALLE ORE<br>19.00 IN VIA DUCA DEGLI ABRUZZI TRATTO COMPRESO TRA VIA<br>CAPRUZZI E VIA DIETA DA BARI,P.ZZA LUIGI DI SAVOIA TRATTO<br>COMPRESO TRA VIA DIETA DA BARI E VIA CARULLI ,VIA DE GIOSA TRATTO<br>COMPRESO TRA VIA CARULLI E VIA COGNETTI.<br>RICHIEDENTE: SITE SPA PER CONTO DI E-DISTRIBUZIONE<br><br>Durata e tempistiche03/08/2026 - 31/10/2026]]></description>
      <styleUrl>#icon-1541-E65100</styleUrl>
      <Point>
        <coordinates>
          16.8740843,41.1177192,0
        </coordinates>
      </Point>
    </Placemark>
    <Placemark>
      <name>ORDINANZA 2026/03779
DIVIETO DI SOSTA CON RIMOZIONE
FORZATA SU ENTRAMBI I LATI E RESTRINGIMENTO DI CARREGGIATA
IN VIA DANTE TRA VIA SPARANO E C.SO CAVOUR
VIA MELO TRA VIA DANTE E VIA PUTIGNANI 
C.SO CAVOUR TRA VIA DANTE E VIA IMBRIANI
VIA IMBRIANI TRATTO COMPRESO TRA C.SO CAVOUR E VIA G. DI CROLLALANZA
P.ZZA DIAZ TRA VIA IMBRIANI E LUNGOM. A. DI CROLLALANZA.
POSA CAVI INTERRATI MT
IMPRESA ESECUTRIC:SITE SPA PER CONTO DI E-DISTRIBUZIONE
03/08/2026 - 31/10/2026  
7.00 - 19.00
</name>
      <description><![CDATA[PROROGA ORDINANZA 2026/03779 fino al 31/10/2026 <br>https://drive.google.com/file/d/1H-li3EG1ouc6AXeuvtkvGqaANdBKNZpp/view<br>ORDINANZA 2026/01621<br><br>https://drive.google.com/file/d/13MH6m3euA2TGXIiWWvpdbr7jTMVfdcym/view<br><br>LIMITAZIONI TEMPORANEE ALLA SOSTA VEICOLARE CON RIMOZIONE<br>FORZATA SU ENTRAMBI I LATI E RESTRINGIMENTO DI CARREGGIATA<br>FINALIZZATE AI LAVORI DI SCAVO E POSA CAVI INTERRATI MT – PNRR<br>IN VIA DANTE TRATTO COMPRESO TRA VIA SPARANO E C.SO<br>CAVOUR,VIA MELO TRATTO COMPRESO TRA VIA DANTE E VIA PUTIGNANI<br>,C.SO CAVOUR TRATTO COMPRESO TRA VIA DANTE E VIA IMBRIANI,VIA<br>IMBRIANI TRATTO COMPRESO TRA C.SO CAVOUR E VIA G. DI<br>CROLLALANZA,P.ZZA DIAZ TRATTO COMPRESO TRA VIA IMBRIANI E<br>LUNGOM. A. DI CROLLALANZA.<br>RICHIEDENTE: SITE SPA PER CONTO DI E-DISTRIBUZIONE<br><br>Durata e Tempistiche:DAL 03/08/2026 - AL 31-10-<br>2026 DALLE ORE 7.00 ALLE ORE 19.00]]></description>
      <styleUrl>#icon-1541-E65100</styleUrl>
      <Point>
        <coordinates>
          16.8697512,41.1221146,0
        </coordinates>
      </Point>
    </Placemark>
    <Placemark>
      <name>ORDINANZA 2026/04286
DIVIETO DI SOSTA, DI FERMATA AMBO I LATI SENSO UNICO ALTERNATO E RESTRINGIMENTO CARREGGIATA
VIA NICOLA AGNELLINI, VIA CACCURI,VIA MATARRESE
VIA PAPPACENA ,VIA R. REDI INCROCI COMPRESI
LAVORO RETI IDRICHE
IMPRESA ESECUTRIC:ACCIONA AGUA S.A.
10/04/2026 - 31/10/2026
</name>
      <description><![CDATA[PROROGATA FINO AL 31/10/2026<br>Ordinanza 2026/04286<br>https://drive.google.com/file/d/1aiiPeKt6q3tbQBdm3oqhrL01UtMHeGfm/view<br><br>RIPRESA LAVORI DAL 13/07/2026 FINO AL 18/09/2026<br>Ordinanza 2026/03285<br>https://drive.google.com/file/d/1y9AlBsHj6Vcp_6Xd0OUrwiPqnJqAEXkY/view<br>-----<br>Ordinanza: 2026/01622<br><br>https://drive.google.com/file/d/1kxkkaNJVn25XV4KNPnT9XOybS7ihgoLZ/view<br><br>P1557 LOTTO 1. ORDINANZA PER ISTITUIRE TEMPORANEAMENTE UN<br>DIVIETO DI SOSTA, DI FERMATA AMBO I LATI CON TRANSITO VEICOLARE<br>CON SENSO UNICO ALTERNATO NONCHÈ RESTRINGIMENTO<br>CARREGGIATA SU VIA NICOLA AGNELLINI, VIA CACCURI,VIA MATARRESE<br>,VIA PAPPACENA ,VIA R. REDI INCROCI COMPRESI, PER INTERVENTI MIRATI<br>A CONSEGUIRE LA DISTRETTUALIZZAZIONE, IL CONTROLLO DELLE<br>PRESSIONI ED IL MONITORAGGIO DELLE GRANDEZZE IDRAULICHE NELLE<br>RETI IDRICHE E SOSTITUZIONE DEI TRONCHI VETUSTI ED AMMALORATI<br><br>SOCIETÀ: ACCIONA AGUA S.A.<br><br>Durata e tempistiche: 10/04/2026 - 01/06/2026]]></description>
      <styleUrl>#icon-1541-E65100</styleUrl>
      <Point>
        <coordinates>
          16.8528914,41.1001872,0
        </coordinates>
      </Point>
    </Placemark>
    <Placemark>
      <name>ORDINANZA 2026/03780
PROROGA ORDINANZA 2026/01620
DIVIETO DI SOSTA E RESTRINGIMENTO CARREGGIATA
VIA DUCA DEGLI ABRUZZI TRA VIA CAPRUZZI E VIA DIETA DA BARI
P.ZZA LUIGI DI SAVOIA TRA VIA DIETA DA BARI E VIA CARULLI 
VIA DE GIOSA TRA VIA CARULLI E VIA COGNETTI
POSA CAVI INTERRATI MT
IMPRESA ESECUTRIC:SITE SPA PER CONTO DI E-DISTRIBUZIONE
03/08/2026 - 31/10/2026
</name>
      <description><![CDATA[ORDINANZA 2026/03780<br>https://drive.google.com/file/d/1gudh4KjY6MN6_6HZYHV4tHsyDyAXtr5U/view<br>PROROGA Ordinanza: 2026/01620<br><br>https://drive.google.com/file/d/1pYSCPx2aEpyA5PDnkonDei1Ee__Kug3G/view<br><br>LIMITAZIONI TEMPORANEE ALLA SOSTA VEICOLARE CON RIMOZIONE<br>FORZATA SU ENTRAMBI I LATI E RESTRINGIMENTO DI CARREGGIATA<br>FINALIZZATE AI LAVORI DI SCAVO E POSA CAVI INTERRATI MT – PNRR<br>DAL GIORNO 13.4.2026 AL GIORNO 31.7.2026 DALLE ORE 7.00 ALLE ORE<br>19.00 IN VIA DUCA DEGLI ABRUZZI TRATTO COMPRESO TRA VIA<br>CAPRUZZI E VIA DIETA DA BARI,P.ZZA LUIGI DI SAVOIA TRATTO<br>COMPRESO TRA VIA DIETA DA BARI E VIA CARULLI ,VIA DE GIOSA TRATTO<br>COMPRESO TRA VIA CARULLI E VIA COGNETTI.<br>RICHIEDENTE: SITE SPA PER CONTO DI E-DISTRIBUZIONE<br><br>Durata e tempistiche03/08/2026 - 31/10/2026]]></description>
      <styleUrl>#line-E65100-4100</styleUrl>
      <LineString>
        <tessellate>1</tessellate>
        <coordinates>
          16.8730873,41.1173089,0
          16.8733609,41.117422,0
          16.8739027,41.1174584,0
          16.8741495,41.1174746,0
          16.8743426,41.1176281,0
          16.8743801,41.1177777,0
          16.8740755,41.1200997,0
          16.874018,41.1201277,0
          16.873866,41.120102,0
          16.8737686,41.1214431,0
          16.8737042,41.121928,0
          16.8735782,41.1232171,0
        </coordinates>
      </LineString>
    </Placemark>
    <Placemark>
      <name>ORDINANZA 2026/04286
DIVIETO DI SOSTA, DI FERMATA AMBO I LATI SENSO UNICO ALTERNATO E RESTRINGIMENTO CARREGGIATA
VIA NICOLA AGNELLINI, VIA CACCURI,VIA MATARRESE
VIA PAPPACENA ,VIA R. REDI INCROCI COMPRESI
LAVORO RETI IDRICHE
IMPRESA ESECUTRIC:ACCIONA AGUA S.A.
10/04/2026 - 31/10/2026</name>
      <description><![CDATA[PROROGATA FINO AL 31/10/2026<br>Ordinanza 2026/04286<br>https://drive.google.com/file/d/1aiiPeKt6q3tbQBdm3oqhrL01UtMHeGfm/view<br><br>RIPRESA LAVORI DAL  13/07/2026 FINO AL 18/09/2026<br>Ordinanza 2026/03285<br>https://drive.google.com/file/d/1y9AlBsHj6Vcp_6Xd0OUrwiPqnJqAEXkY/view<br>-----<br>Ordinanza: 2026/01622<br><br>https://drive.google.com/file/d/1kxkkaNJVn25XV4KNPnT9XOybS7ihgoLZ/view<br><br>P1557 LOTTO 1. ORDINANZA PER ISTITUIRE TEMPORANEAMENTE UN<br>DIVIETO DI SOSTA, DI FERMATA AMBO I LATI CON TRANSITO VEICOLARE<br>CON SENSO UNICO ALTERNATO NONCHÈ RESTRINGIMENTO<br>CARREGGIATA SU VIA NICOLA AGNELLINI, VIA CACCURI,VIA MATARRESE<br>,VIA PAPPACENA ,VIA R. REDI INCROCI COMPRESI, PER INTERVENTI MIRATI<br>A CONSEGUIRE LA DISTRETTUALIZZAZIONE, IL CONTROLLO DELLE<br>PRESSIONI ED IL MONITORAGGIO DELLE GRANDEZZE IDRAULICHE NELLE<br>RETI IDRICHE E SOSTITUZIONE DEI TRONCHI VETUSTI ED AMMALORATI<br><br>SOCIETÀ: ACCIONA AGUA S.A.<br><br>Durata e tempistiche: 10/04/2026 - 01/06/2026]]></description>
      <styleUrl>#line-E65100-2163</styleUrl>
      <LineString>
        <tessellate>1</tessellate>
        <coordinates>
          16.8545452,41.0949168,0
          16.854132,41.099711,0
          16.8540731,41.0997154,0
          16.854242,41.097478,0
          16.8540945,41.0974759,0
          16.8535634,41.0975952,0
          16.8530779,41.0964148,0
          16.8530645,41.0964633,0
          16.8535473,41.0976114,0
          16.852799,41.0978135,0
          16.8533676,41.0990788,0
          16.8533944,41.0991071,0
          16.8540891,41.098907,0
          16.8527586,41.0992696,0
          16.8529759,41.099787,0
          16.8531181,41.1000841,0
          16.8530966,41.1001245,0
          16.853,41.1001306,0
          16.8527479,41.0996536,0
          16.8526487,41.0993908,0
          16.8526755,41.0992797,0
          16.8533648,41.0990957,0
          16.8527721,41.0978223,0
          16.8517287,41.0981902,0
          16.8516402,41.0981457,0
          16.8513961,41.0977759,0
          16.8512995,41.0977435,0
          16.850806,41.0979295,0
        </coordinates>
      </LineString>
    </Placemark>
    <Placemark>
      <name>ORDINANZA 2026/03971 
DIVIETO DI FERMATA, RESTRINGIMENTO CARREGGIATA
CORSO CAVOUR NEL TRATTO COMPRESO TRA IL PONTE XX SETTEMBRE E VIA CARULLI 1
LAVORI DI REALIZZAZIONE DI UN SISTEMA BRT PER LA CITTÀ DI BARI
IMPRESA ESECUTRICE: R.T.I. COBAR S.P.A. - MER MEC STE S.R.L.
01/09/2026 - 31/10/2026 
</name>
      <description><![CDATA[ORDINANZA 2026/03971 <br><br>https://drive.google.com/file/d/19U4nv9-a4FwakIHV6Su0l56alUfhQAiG/view<br><br>PROROGA ORDINANZA N. 2026/03756 LAVORI DI REALIZZAZIONE DI UN SISTEMA BRT PER LA CITTÀ DI BARI - FINANZIATO DALLA UNIONE EUROPEA NEXT GENERATION EU - TRASPORTO RAPIDO DI MASSA - MISURA M2C2 - INV 4.2 DEL PNRR - CUP: J91B21002850001 REGOLAMENTAZIONE TEMPORANEA DELLA CIRCOLAZIONE STRADALE SU CORSO CAVOUR NEL TRATTO COMPRESO TRA IL PONTE XX SETTEMBRE E VIA CARULLI FINO AL GIORNO 31.10.2026 IMPRESA ESECUTRICE: R.T.I. COBAR S.P.A. - MER MEC STE S.R.L. <br><br>Durata e tempistiche: 01/09/2026 - 31/10/2026 <br><br>PROROGATA FINO AL 31/08/2026<br>DALLA Ordinanza 2026/03756<br>https://drive.google.com/file/d/1OTi8Zi9FEhWf5KWLfnPEHapOXmyke4vZ/view<br>------<br>ORDINANZA 2026/03246 <br><br>https://drive.google.com/file/d/1sTjoKfPzhi_c_3Hi5B8grqh-zl2PZctq/view<br><br><br>PROROGA ORDINANZA N. 2026/02737 LAVORI DI REALIZZAZIONE DI UN SISTEMA BRT PER LA CITTÀ DI BARI - FINANZIATO DALLA UNIONE EUROPEA NEXT GENERATION EU - TRASPORTO RAPIDO DI MASSA - MISURA M2C2 - INV 4.2 DEL PNRR - CUP: J91B21002850001 REGOLAMENTAZIONE TEMPORANEA DELLA CIRCOLAZIONE STRADALE SU CORSO CAVOUR NEL TRATTO COMPRESO TRA IL PONTE XX SETTEMBRE E VIA CARULLI FINO AL GIORNO 31.07.2026 IMPRESA ESECUTRICE: R.T.I. COBAR S.P.A. - MER MEC STE S.R.L. <br><br>Durata e tempistiche: 01/07/2026 - 31/07/2026 <br><br>ORDINANZA 2026/02737 <br>https://drive.google.com/file/d/1kN9yFPHvjPHt8o42fGW-j-vqb1C0uUvq/view<br><br>PROROGA ORDINANZA N. 2026/02502 LAVORI DI REALIZZAZIONE DI UN SISTEMA BRT PER LA CITTÀ DI BARI - FINANZIATO DALLA UNIONE EUROPEA NEXT GENERATION EU - TRASPORTO RAPIDO DI MASSA - MISURA M2C2 - INV 4.2 DEL PNRR - CUP: J91B21002850001 REGOLAMENTAZIONE TEMPORANEA DELLA CIRCOLAZIONE STRADALE SU CORSO CAVOUR NEL TRATTO COMPRESO TRA IL PONTE XX SETTEMBRE E VIA CARULLI 1. DALLA DATA DI EMANAZIONE DELLA PRESENTE ORDINANZA AL 30.06.2026 IMPRESA ESECUTRICE: R.T.I. COBAR S.P.A. - MER MEC STE S.R.L. <br>a) L’istituzione del restringimento di carreggiata e divieto di fermata, ambo i lati, a tutti i veicoli su: i) Corso Cavour nel tratto compreso tra il Ponte XX Settembre e via Carulli; b) L’istituzione del limite massimo di velocità pari a trenta chilometri orari a tutti i veicoli in avvicinamento alle aree interessate dai lavori. 2) Dagli obblighi e divieti di cui al punto 1) sono esclusi: i) i veicoli al servizio, ovvero di proprietà dell’impresa esecutrice dei lavori e sue subappaltatrici; ii) i veicoli delle forze dell’ordine, dei vigili del fuoco e delle ambulanze durante l’espletamento di servizi d’istituto e di soccorso pubblico e d’emergenza; <br><br>Durata e tempistiche: 05/06/2026 - 30/06/2026 <br><br>PROROGATA DALLA 2026/02502 FINO AL 13/06/2026<br>https://drive.google.com/file/d/1IYx8c50yh-k2fThO7PEQL905BaGBgYNr/view<br><br>ORDINANZA 2026/01859 <br><br>https://drive.google.com/file/d/13qd2YN0ob3yoard6Xx7S3iipuJ6TbBoB/view<br><br>LAVORI DI REALIZZAZIONE DI UN SISTEMA BRT PER LA CITTÀ DI BARI - FINANZIATO DALLA UNIONE EUROPEA NEXT GENERATION EU - TRASPORTO RAPIDO DI MASSA - MISURA M2C2 - INV 4.2 DEL PNRR - CUP: J91B21002850001 REGOLAMENTAZIONE TEMPORANEA DELLA CIRCOLAZIONE STRADALE SU CORSO CAVOUR NEL TRATTO COMPRESO TRA IL PONTE XX SETTEMBRE E VIA CARULLI DAL 13.04.2026 AL 13.05.2026 IMPRESA ESECUTRICE: R.T.I. COBAR S.P.A. - MER MEC STE S.R.L.<br><br>a) L’istituzione del restringimento di carreggiata e divieto di fermata, ambo i lati, a tutti i veicoli su: i) Corso Cavour nel tratto compreso tra il Ponte XX Settembre e via Carulli; b) L’istituzione del limite massimo di velocità pari a trenta chilometri orari a tutti i veicoli in avvicinamento alle aree interessate dai lavori. 2) Dagli obblighi e divieti di cui al punto 1) sono esclusi: i) i veicoli al servizio, ovvero di proprietà dell’impresa esecutrice dei lavori e sue subappaltatrici; ii) i veicoli delle forze dell’ordine, dei vigili del fuoco e delle ambulanze durante l’espletamento di servizi d’istituto e di soccorso pubblico e d’emergenza;<br><br>Durata e tempistiche: 13/04/2026 - 13/05/2026]]></description>
      <styleUrl>#icon-1541-E65100</styleUrl>
      <Point>
        <coordinates>
          16.8725635,41.1197785,0
        </coordinates>
      </Point>
    </Placemark>
    <Placemark>
      <name>ORDINANZA 2026/03971 
DIVIETO DI FERMATA, RESTRINGIMENTO CARREGGIATA
CORSO CAVOUR NEL TRATTO COMPRESO TRA IL PONTE XX SETTEMBRE E VIA CARULLI 1
LAVORI DI REALIZZAZIONE DI UN SISTEMA BRT PER LA CITTÀ DI BARI
IMPRESA ESECUTRICE: R.T.I. COBAR S.P.A. - MER MEC STE S.R.L.
01/09/2026 - 31/10/2026 
</name>
      <description><![CDATA[ORDINANZA 2026/03971 <br><br>https://drive.google.com/file/d/19U4nv9-a4FwakIHV6Su0l56alUfhQAiG/view<br><br>PROROGA ORDINANZA N. 2026/03756 LAVORI DI REALIZZAZIONE DI UN SISTEMA BRT PER LA CITTÀ DI BARI - FINANZIATO DALLA UNIONE EUROPEA NEXT GENERATION EU - TRASPORTO RAPIDO DI MASSA - MISURA M2C2 - INV 4.2 DEL PNRR - CUP: J91B21002850001 REGOLAMENTAZIONE TEMPORANEA DELLA CIRCOLAZIONE STRADALE SU CORSO CAVOUR NEL TRATTO COMPRESO TRA IL PONTE XX SETTEMBRE E VIA CARULLI FINO AL GIORNO 31.10.2026 IMPRESA ESECUTRICE: R.T.I. COBAR S.P.A. - MER MEC STE S.R.L. <br><br>Durata e tempistiche: 01/09/2026 - 31/10/2026 <br><br>PROROGATA FINO AL 31/08/2026<br>DALLA Ordinanza 2026/03756<br>https://drive.google.com/file/d/1OTi8Zi9FEhWf5KWLfnPEHapOXmyke4vZ/view<br>------<br>ORDINANZA 2026/03246 <br><br>https://drive.google.com/file/d/1sTjoKfPzhi_c_3Hi5B8grqh-zl2PZctq/view<br><br><br>PROROGA ORDINANZA N. 2026/02737 LAVORI DI REALIZZAZIONE DI UN SISTEMA BRT PER LA CITTÀ DI BARI - FINANZIATO DALLA UNIONE EUROPEA NEXT GENERATION EU - TRASPORTO RAPIDO DI MASSA - MISURA M2C2 - INV 4.2 DEL PNRR - CUP: J91B21002850001 REGOLAMENTAZIONE TEMPORANEA DELLA CIRCOLAZIONE STRADALE SU CORSO CAVOUR NEL TRATTO COMPRESO TRA IL PONTE XX SETTEMBRE E VIA CARULLI FINO AL GIORNO 31.07.2026 IMPRESA ESECUTRICE: R.T.I. COBAR S.P.A. - MER MEC STE S.R.L. <br><br>Durata e tempistiche: 01/07/2026 - 31/07/2026 <br><br>ORDINANZA 2026/02737 <br>https://drive.google.com/file/d/1kN9yFPHvjPHt8o42fGW-j-vqb1C0uUvq/view<br><br>PROROGA ORDINANZA N. 2026/02502 LAVORI DI REALIZZAZIONE DI UN SISTEMA BRT PER LA CITTÀ DI BARI - FINANZIATO DALLA UNIONE EUROPEA NEXT GENERATION EU - TRASPORTO RAPIDO DI MASSA - MISURA M2C2 - INV 4.2 DEL PNRR - CUP: J91B21002850001 REGOLAMENTAZIONE TEMPORANEA DELLA CIRCOLAZIONE STRADALE SU CORSO CAVOUR NEL TRATTO COMPRESO TRA IL PONTE XX SETTEMBRE E VIA CARULLI 1. DALLA DATA DI EMANAZIONE DELLA PRESENTE ORDINANZA AL 30.06.2026 IMPRESA ESECUTRICE: R.T.I. COBAR S.P.A. - MER MEC STE S.R.L. <br>a) L’istituzione del restringimento di carreggiata e divieto di fermata, ambo i lati, a tutti i veicoli su: i) Corso Cavour nel tratto compreso tra il Ponte XX Settembre e via Carulli; b) L’istituzione del limite massimo di velocità pari a trenta chilometri orari a tutti i veicoli in avvicinamento alle aree interessate dai lavori. 2) Dagli obblighi e divieti di cui al punto 1) sono esclusi: i) i veicoli al servizio, ovvero di proprietà dell’impresa esecutrice dei lavori e sue subappaltatrici; ii) i veicoli delle forze dell’ordine, dei vigili del fuoco e delle ambulanze durante l’espletamento di servizi d’istituto e di soccorso pubblico e d’emergenza; <br><br>Durata e tempistiche: 05/06/2026 - 30/06/2026 <br><br>PROROGATA DALLA 2026/02502 FINO AL 13/06/2026<br>https://drive.google.com/file/d/1IYx8c50yh-k2fThO7PEQL905BaGBgYNr/view<br><br>ORDINANZA 2026/01859 <br><br>https://drive.google.com/file/d/13qd2YN0ob3yoard6Xx7S3iipuJ6TbBoB/view<br><br>LAVORI DI REALIZZAZIONE DI UN SISTEMA BRT PER LA CITTÀ DI BARI - FINANZIATO DALLA UNIONE EUROPEA NEXT GENERATION EU - TRASPORTO RAPIDO DI MASSA - MISURA M2C2 - INV 4.2 DEL PNRR - CUP: J91B21002850001 REGOLAMENTAZIONE TEMPORANEA DELLA CIRCOLAZIONE STRADALE SU CORSO CAVOUR NEL TRATTO COMPRESO TRA IL PONTE XX SETTEMBRE E VIA CARULLI DAL 13.04.2026 AL 13.05.2026 IMPRESA ESECUTRICE: R.T.I. COBAR S.P.A. - MER MEC STE S.R.L.<br><br>a) L’istituzione del restringimento di carreggiata e divieto di fermata, ambo i lati, a tutti i veicoli su: i) Corso Cavour nel tratto compreso tra il Ponte XX Settembre e via Carulli; b) L’istituzione del limite massimo di velocità pari a trenta chilometri orari a tutti i veicoli in avvicinamento alle aree interessate dai lavori. 2) Dagli obblighi e divieti di cui al punto 1) sono esclusi: i) i veicoli al servizio, ovvero di proprietà dell’impresa esecutrice dei lavori e sue subappaltatrici; ii) i veicoli delle forze dell’ordine, dei vigili del fuoco e delle ambulanze durante l’espletamento di servizi d’istituto e di soccorso pubblico e d’emergenza;<br><br>Durata e tempistiche: 13/04/2026 - 13/05/2026]]></description>
      <styleUrl>#line-E65100-3906</styleUrl>
      <LineString>
        <tessellate>1</tessellate>
        <coordinates>
          16.872607,41.119984,0
          16.8728371,41.1183526,0
        </coordinates>
      </LineString>
    </Placemark>
    <Placemark>
      <name>ORDINANZA 2026/03972 
RESTRINGIMENTO CARREGGIATA, DIVIETO DI FERMATA
CORSO ITALIA TRA PIAZZA ALDO MORO E VIA QUINTINO SELLA
LAVORI DI REALIZZAZIONE DI UN SISTEMA BRT PER LA CITTÀ DI BARI
IMPRESA ESECUTRICE: R.T.I. COBAR S.P.A. - MER MEC STE S.R.L.
01/09/2026 - 31/10/2026
</name>
      <description><![CDATA[ORDINANZA 2026/03972 <br><br>https://drive.google.com/file/d/1PQ0Zn4ANzQmAPc9In8LB7_8yWXvscz6U/view<br><br>PROROGA ORDINANZA N. 2026/03755 LAVORI DI REALIZZAZIONE DI UN SISTEMA BRT PER LA CITTÀ DI BARI - FINANZIATO DALLA UNIONE EUROPEA NEXT GENERATION EU - TRASPORTO RAPIDO DI MASSA - MISURA M2C2 - INV 4.2 DEL PNRR - CUP: J91B21002850001 REGOLAMENTAZIONE TEMPORANEA DELLA CIRCOLAZIONE STRADALE SU CORSO ITALIA DALLA DATA DI ESECUZIONE DELLA PRESENTE ORDINANZA AL GIORNO 31.10.2026 IMPRESA ESECUTRICE: R.T.I. COBAR S.P.A. - MER MEC STE S.R.L. <br><br>Durata e tempistiche: 01/09/2026 - 31/10/2026<br><br>PROROGATA FINO AL 31/08/20262<br>DALLA Ordinanza 2026/03755<br>https://drive.google.com/file/d/1SQPNkuE-o0qqMnmTHzAbye3xjGeNA8vg/view<br>--------------<br>ORDINANZA 2026/03245<br><br>https://drive.google.com/file/d/1xk9eKr6RQallRw8yrVERCLTtePVpxt2n/view<br><br><br>PROROGA ORDINANZA N. 2026/02877 LAVORI DI REALIZZAZIONE DI UN SISTEMA BRT PER LA CITTÀ DI BARI - FINANZIATO DALLA UNIONE EUROPEA NEXT GENERATION EU - TRASPORTO RAPIDO DI MASSA - MISURA M2C2 - INV 4.2 DEL PNRR - CUP: J91B21002850001 REGOLAMENTAZIONE TEMPORANEA DELLA CIRCOLAZIONE STRADALE SU CORSO ITALIA DALLA DATA DI ESECUZIONE DELLA PRESENTE ORDINANZA AL GIORNO 31.07.2026 IMPRESA ESECUTRICE: R.T.I. COBAR S.P.A. - MER MEC STE S.R.L. <br><br>Durata e tempistiche: 01/07/2026 - 31/07/2026 <br><br>PROROGATA DALLA  Ordinanza<br>2026/02877 FINO AL 30/06/2026<br>https://drive.google.com/file/d/1v1n5_ofPEv_MkN2C_q4XmlKMZ_jnmm7m/view<br>------------<br><br>ORDINANZA 2026/02738 <br>https://drive.google.com/file/d/1tkuhyvlj403fjqvOWHJWricvEBputtEV/view<br><br>PROROGA ORDINANZA N. 2026/02503 LAVORI DI REALIZZAZIONE DI UN SISTEMA BRT PER LA CITTÀ DI BARI - FINANZIATO DALLA UNIONE EUROPEA NEXT GENERATION EU - TRASPORTO RAPIDO DI MASSA - MISURA M2C2 - INV 4.2 DEL PNRR - CUP: J91B21002850001 REGOLAMENTAZIONE TEMPORANEA DELLA CIRCOLAZIONE STRADALE SU CORSO ITALIA 1) DALLA DATA DI ESECUZIONE DELLA PRESENTE ORDINANZA AL GIORNO 30.06.2026 IMPRESA ESECUTRICE: R.T.I. COBAR S.P.A. - MER MEC STE S.R.L. <br><br>a) L’istituzione del restringimento di carreggiata a tutti i veicoli su: i) Corso Italia, nel tratto stradale compreso tra Piazza Aldo Moro e via Quintino Sella b) L’istituzione del divieto di fermata a tutti i veicoli su: i) Corso Italia, nel tratto stradale compreso tra Piazza Aldo Moro e via Quintino Sella, ambo i lati c) L’istituzione del limite massimo di velocità pari a trenta chilometri orari a tutti i veicoli in avvicinamento alle aree interessate dai lavori. 2) Dagli obblighi e divieti di cui al punto 1) sono esclusi: i) i veicoli al servizio, ovvero di proprietà dell’impresa esecutrice dei lavori e sue subappaltatrici; ii) i veicoli delle forze dell’ordine, dei vigili del fuoco e delle ambulanze durante l’espletamento di servizi d’istituto e di soccorso pubblico e d’emergenza; <br><br>Durata e tempistiche: 05/06/2026 - 30/06/2026 <br><br>PRORGATA DALLA 2026/02503<br>FINO AL 13/06/2026<br>https://drive.google.com/file/d/1ntTBAABWVEheWBjsyE6IofgB3e-SfRR1/view<br><br>ORDINANZA 2026/01861 <br><br>https://drive.google.com/file/d/1bh6KVYXOGeI9KBhDPuHWdRlZfSUxMU50/view<br><br>LAVORI DI REALIZZAZIONE DI UN SISTEMA BRT PER LA CITTÀ DI BARI - FINANZIATO DALLA UNIONE EUROPEA NEXT GENERATION EU - TRASPORTO RAPIDO DI MASSA - MISURA M2C2 - INV 4.2 DEL PNRR - CUP: J91B21002850001 REGOLAMENTAZIONE TEMPORANEA DELLA CIRCOLAZIONE STRADALE SU CORSO ITALIA DAL GIORNO 13.04.2026 AL GIORNO 13.05.2026 IMPRESA ESECUTRICE: R.T.I. COBAR S.P.A. - MER MEC STE S.R.L. <br><br>a) L’istituzione del restringimento di carreggiata a tutti i veicoli su: i) Corso Italia, nel tratto stradale compreso tra Piazza Aldo Moro e via Quintino Sella b) L’istituzione del divieto di fermata a tutti i veicoli su: i) Corso Italia, nel tratto stradale compreso tra Piazza Aldo Moro e via Quintino Sella, ambo i lati c) L’istituzione del limite massimo di velocità pari a trenta chilometri orari a tutti i veicoli in avvicinamento alle aree interessate dai lavori. 2) Dagli obblighi e divieti di cui al punto 1) sono esclusi: i) i veicoli al servizio, ovvero di proprietà de]]></description>
      <styleUrl>#icon-1541-E65100</styleUrl>
      <Point>
        <coordinates>
          16.8668093,41.1184766,0
        </coordinates>
      </Point>
    </Placemark>
    <Placemark>
      <name>ORDINANZA 2026/03972 
RESTRINGIMENTO CARREGGIATA, DIVIETO DI FERMATA
CORSO ITALIA TRA PIAZZA ALDO MORO E VIA QUINTINO SELLA
LAVORI DI REALIZZAZIONE DI UN SISTEMA BRT PER LA CITTÀ DI BARI
IMPRESA ESECUTRICE: R.T.I. COBAR S.P.A. - MER MEC STE S.R.L.
01/09/2026 - 31/10/2026
</name>
      <description><![CDATA[ORDINANZA 2026/03972 <br><br>https://drive.google.com/file/d/1PQ0Zn4ANzQmAPc9In8LB7_8yWXvscz6U/view<br><br>PROROGA ORDINANZA N. 2026/03755 LAVORI DI REALIZZAZIONE DI UN SISTEMA BRT PER LA CITTÀ DI BARI - FINANZIATO DALLA UNIONE EUROPEA NEXT GENERATION EU - TRASPORTO RAPIDO DI MASSA - MISURA M2C2 - INV 4.2 DEL PNRR - CUP: J91B21002850001 REGOLAMENTAZIONE TEMPORANEA DELLA CIRCOLAZIONE STRADALE SU CORSO ITALIA DALLA DATA DI ESECUZIONE DELLA PRESENTE ORDINANZA AL GIORNO 31.10.2026 IMPRESA ESECUTRICE: R.T.I. COBAR S.P.A. - MER MEC STE S.R.L. <br><br>Durata e tempistiche: 01/09/2026 - 31/10/2026<br><br>PROROGATA FINO AL 31/08/20262<br>DALLA Ordinanza 2026/03755<br>https://drive.google.com/file/d/1SQPNkuE-o0qqMnmTHzAbye3xjGeNA8vg/view<br>-------------------<br>ORDINANZA 2026/03245<br><br>https://drive.google.com/file/d/1xk9eKr6RQallRw8yrVERCLTtePVpxt2n/view<br><br><br>PROROGA ORDINANZA N. 2026/02877 LAVORI DI REALIZZAZIONE DI UN SISTEMA BRT PER LA CITTÀ DI BARI - FINANZIATO DALLA UNIONE EUROPEA NEXT GENERATION EU - TRASPORTO RAPIDO DI MASSA - MISURA M2C2 - INV 4.2 DEL PNRR - CUP: J91B21002850001 REGOLAMENTAZIONE TEMPORANEA DELLA CIRCOLAZIONE STRADALE SU CORSO ITALIA DALLA DATA DI ESECUZIONE DELLA PRESENTE ORDINANZA AL GIORNO 31.07.2026 IMPRESA ESECUTRICE: R.T.I. COBAR S.P.A. - MER MEC STE S.R.L. <br><br>Durata e tempistiche: 01/07/2026 - 31/07/2026 <br><br>PROROGATA DALLA Ordinanza: 2026/02877<br>https://drive.google.com/file/d/1v1n5_ofPEv_MkN2C_q4XmlKMZ_jnmm7m/view<br>FINO AL 30/06/2026<br><br>ORDINANZA 2026/02738 <br>https://drive.google.com/file/d/1tkuhyvlj403fjqvOWHJWricvEBputtEV/view<br><br>PROROGA ORDINANZA N. 2026/02503 LAVORI DI REALIZZAZIONE DI UN SISTEMA BRT PER LA CITTÀ DI BARI - FINANZIATO DALLA UNIONE EUROPEA NEXT GENERATION EU - TRASPORTO RAPIDO DI MASSA - MISURA M2C2 - INV 4.2 DEL PNRR - CUP: J91B21002850001 REGOLAMENTAZIONE TEMPORANEA DELLA CIRCOLAZIONE STRADALE SU CORSO ITALIA 1) DALLA DATA DI ESECUZIONE DELLA PRESENTE ORDINANZA AL GIORNO 30.06.2026 IMPRESA ESECUTRICE: R.T.I. COBAR S.P.A. - MER MEC STE S.R.L. <br><br>a) L’istituzione del restringimento di carreggiata a tutti i veicoli su: i) Corso Italia, nel tratto stradale compreso tra Piazza Aldo Moro e via Quintino Sella b) L’istituzione del divieto di fermata a tutti i veicoli su: i) Corso Italia, nel tratto stradale compreso tra Piazza Aldo Moro e via Quintino Sella, ambo i lati c) L’istituzione del limite massimo di velocità pari a trenta chilometri orari a tutti i veicoli in avvicinamento alle aree interessate dai lavori. 2) Dagli obblighi e divieti di cui al punto 1) sono esclusi: i) i veicoli al servizio, ovvero di proprietà dell’impresa esecutrice dei lavori e sue subappaltatrici; ii) i veicoli delle forze dell’ordine, dei vigili del fuoco e delle ambulanze durante l’espletamento di servizi d’istituto e di soccorso pubblico e d’emergenza; <br><br>Durata e tempistiche: 05/06/2026 - 30/06/2026 <br><br>PRORGATA DALLA  2026/02503<br>FINO AL 13/06/2026<br>https://drive.google.com/file/d/1ntTBAABWVEheWBjsyE6IofgB3e-SfRR1/view<br><br>ORDINANZA 2026/01861 <br><br>https://drive.google.com/file/d/1bh6KVYXOGeI9KBhDPuHWdRlZfSUxMU50/view<br><br>LAVORI DI REALIZZAZIONE DI UN SISTEMA BRT PER LA CITTÀ DI BARI - FINANZIATO DALLA UNIONE EUROPEA NEXT GENERATION EU - TRASPORTO RAPIDO DI MASSA - MISURA M2C2 - INV 4.2 DEL PNRR - CUP: J91B21002850001 REGOLAMENTAZIONE TEMPORANEA DELLA CIRCOLAZIONE STRADALE SU CORSO ITALIA DAL GIORNO 13.04.2026 AL GIORNO 13.05.2026 IMPRESA ESECUTRICE: R.T.I. COBAR S.P.A. - MER MEC STE S.R.L. <br><br>a) L’istituzione del restringimento di carreggiata a tutti i veicoli su: i) Corso Italia, nel tratto stradale compreso tra Piazza Aldo Moro e via Quintino Sella b) L’istituzione del divieto di fermata a tutti i veicoli su: i) Corso Italia, nel tratto stradale compreso tra Piazza Aldo Moro e via Quintino Sella, ambo i lati c) L’istituzione del limite massimo di velocità pari a trenta chilometri orari a tutti i veicoli in avvicinamento alle aree interessate dai lavori. 2) Dagli obblighi e divieti di cui al punto 1) sono esclusi: i) i veicoli al servizio, ovvero di proprietà dell’impr]]></description>
      <styleUrl>#line-E65100-4294</styleUrl>
      <LineString>
        <tessellate>1</tessellate>
        <coordinates>
          16.8648137,41.1183655,0
          16.8672277,41.1185271,0
          16.869192,41.118651,0
        </coordinates>
      </LineString>
    </Placemark>
    <Placemark>
      <name>ORDINANZA 2026/02029
SENSO UNICO DI MARCIA, DIVIETO DI TRANSITO
VIA LAMA DI GIOTTA, VIA DEI TRULLI E VIA FONTANA NUOVA IN TORRE A MARE 
MONITORAGGIO IN CONDIZIONI DI SICUREZZA
IMPRESA ESECUTRICE: R.T.I. COBAR S.P.A. - MER MEC STE S.R.L
24/04/2026 fino a revoca  
</name>
      <description><![CDATA[ORDINANZA 2026/02029<br><br>https://drive.google.com/file/d/1QXwCV9trNGfQUsMhcB7CXNxF2o139sA3/view<br><br><br>INTEGRAZIONI ALL’ORDINANZA DIRIGENZIALE N. 2026/00790 REGOLAMENTAZIONE TEMPORANEA DELLA CIRCOLAZIONE SU VIA DEI TRULLI E VIA FONTANA NUOVA IN TORRE A MARE <br>L’Ordinanza Dirigenziale n. 2026/00790 è integrata come di seguito Dall’esecutività del presente provvedimento sino alla revoca di quanto previsto dal presente provvedimento: 1. L’istituzione del senso unico di marcia su via Lama di Giotta nel tratto stradale compreso tra via dei Trulli e via Paolo Gargano nella direzione che va da via dei Trulli verso via Paolo Gargano; 2. L’istituzione del divieto di transito eccetto frontisti su via Lama di Giotta nel tratto che va da via dei Trulli verso la linea di costa; 3. L’istituzione dell’obbligo di svolta a sinistra su via dei Trulli per la corrente di traffico proveniente da via Resta; 4. L’istituzione dell’obbligo di svolta a destra su via Lama di Giotta in corrispondenza dell’intersezione con via Paolo Gargano, per la corrente di traffico proveniente da via Positano; 5. L’istituzione dell’obbligo di proseguire diritto e svolta a destra su via Dante Alighieri in corrispondenza dell’intersezione con via Lama di Giotta 6. L’istituzione dell’obbligo di proseguire diritto e svolta a sinitra su via Paolo Gargano in corrispondenza dell’intersezione con via Lama di Giotta; 7. L’istituzione del senso vietato su via Lama di Giotta in corrispondenza dell’intersezione con via Paolo Gargano, per la corrente di traffico proveniente da via Positano; Si conferma tutto quanto previsto dall’Ordinanza Dirigenziale n. 2026/00790 non in contrasto con il presente provvedimento<br><br>Durata e tempistiche: 24/04/2026 fino a revoca]]></description>
      <styleUrl>#line-E65100-2938</styleUrl>
      <LineString>
        <tessellate>1</tessellate>
        <coordinates>
          17.001988,41.0875699,0
          17.002031,41.0878771,0
          17.0019398,41.0883502,0
          17.0019559,41.0888394,0
          17.0015857,41.0888394,0
        </coordinates>
      </LineString>
    </Placemark>
    <Placemark>
      <name>ORDINANZA 2026/04373 
RESTRINGIMENTO CARREGGIATA, DIVIETO DI FERMATA
VIA PEUCETIA TRA VIA MAGNA GRECIA E VIA APULIA
LAVORI DI REALIZZAZIONE DI UN SISTEMA BRT PER LA CITTÀ DI BARI
IMPRESA ESECUTRICE: R.T.I. COBAR S.P.A. - MER MEC STE S.R.L.
10/08/2026 - 31/10/2026
</name>
      <description><![CDATA[PROORGATA ALLA Ordinanza<br>2026/04373 FINO AL 31/10/2026<br>https://drive.google.com/file/d/1E6bWBsUFFl5xddfdnFoBCT_hnG1U5Rzd/view<br><br>ORDINANZA 2026/03846 <br>https://drive.google.com/file/d/153Eq4FCXROWifCOFFRLXbCwd-Jw_Vh98/view<br><br>PROROGA ORDINANZA N. 2026/03532 LAVORI DI REALIZZAZIONE DI UN SISTEMA BRT PER LA CITTÀ DI BARI - FINANZIATO DALLA UNIONE EUROPEA NEXT GENERATION EU - TRASPORTO RAPIDO DI MASSA - MISURA M2C2 - INV 4.2 DEL PNRR - CUP: J91B21002850001 REGOLAMENTAZIONE TEMPORANEA DELLA CIRCOLAZIONE STRADALE SU VIA PEUCETIA NEL TRATTO STRADALE COMPRESO TRA VIA MAGNA GRECIA E VIA APULIA FINO AL 21.9.2026 IMPRESA ESECUTRICE: R.T.I. COBAR S.P.A. - MER MEC STE S.R.L. <br><br>a) L’istituzione del restringimento di carreggiata a tutti i veicoli su: i) via Peucetia nel tratto stradale compreso tra via Magna Grecia e via Apulia, su entrambe le carreggiate. b) L’istituzione del divieto di fermata a tutti i veicoli su: i) via Peucetia nel tratto stradale compreso tra via Magna Grecia e via Apulia, su entrambe le carreggiate; c) L’istituzione del limite massimo di velocità pari a trenta chilometri orari a tutti i veicoli in avvicinamento alle aree interessate dai lavori. <br><br>Durata e tempistiche: 110/08/2026 - 21/09/2026 <br><br>PROROGATA DALLA 2026/03532 <br>https://drive.google.com/file/d/1rx5f-G3fvW99d3kdpkqGveH7Yo5ZyTIO/view<br>FINO AL 21/08/2026<br><br>ORDINANZA 2026/03051 <br><br>https://drive.google.com/file/d/1OiXnkYg2HABYmWTYWW939ZH7rP7TmSBv/view<br><br>LAVORI DI REALIZZAZIONE DI UN SISTEMA BRT PER LA CITTÀ DI BARI -<br>FINANZIATO DALLA UNIONE EUROPEA NEXT GENERATION EU -<br>TRASPORTO RAPIDO DI MASSA - MISURA M2C2 - INV 4.2 DEL PNRR - CUP:<br>J91B21002850001<br>REGOLAMENTAZIONE TEMPORANEA DELLA CIRCOLAZIONE STRADALE SU<br>VIA PEUCETIA NEL TRATTO STRADALE COMPRESO TRA VIA MAGNA<br>GRECIA E VIA APULIA FINO AL 22.07.2026<br>IMPRESA ESECUTRICE: R.T.I. COBAR S.P.A. - MER MEC STE S.R.L.<br><br>a) L’istituzione del restringimento di carreggiata a tutti i veicoli su:<br>i) via Peucetia nel tratto stradale compreso tra via Magna Grecia e via Apulia, su entrambe le carreggiate.<br>b) L’istituzione del divieto di fermata a tutti i veicoli su:<br>i) via Peucetia nel tratto stradale compreso tra via Magna Grecia e via Apulia, su entrambe le carreggiate;<br>c) L’istituzione del limite massimo di velocità pari a trenta chilometri orari a tutti i veicoli in avvicinamento alle aree<br>interessate dai lavori.<br>2) Dagli obblighi e divieti di cui al punto 1) sono esclusi:<br>i) i veicoli al servizio, ovvero di proprietà dell’impresa esecutrice dei lavori e sue subappaltatrici;<br>ii) i veicoli delle forze dell’ordine, dei vigili del fuoco e delle ambulanze durante l’espletamento di servizi<br>d’istituto e di soccorso pubblico e d’emergenza;<br>iii) i veicoli al servizio di persone con limitate o impedite capacità motorie;<br><br>iv) i veicoli diretti agli accessi carrabili privati.<br><br><br><br>Durata e tempistiche: 23/06/2026 - 22/07/2026 <br><br>PROROGA Ordinanza 2026/02615<br><br>https://drive.google.com/file/d/1Za9yP_2IuWLE8BcFe23NvSDN43Igg8Bc/view<br>22/05/2026 -  22/06/2026<br><br>ORDINANZA 2026/02027<br><br>https://drive.google.com/file/d/1T2NjKdm94fVm1pDzzfknFb-O5l9215O5/view<br><br>LAVORI DI REALIZZAZIONE DI UN SISTEMA BRT PER LA CITTÀ DI BARI -<br>FINANZIATO DALLA UNIONE EUROPEA NEXT GENERATION EU -<br>TRASPORTO RAPIDO DI MASSA - MISURA M2C2 - INV 4.2 DEL PNRR - CUP:<br>J91B21002850001<br>REGOLAMENTAZIONE TEMPORANEA DELLA CIRCOLAZIONE STRADALE SU<br>VIA PEUCETIA NEL TRATTO STRADALE COMPRESO TRA VIA MAGNA<br>GRECIA E VIA APULIA<br>IMPRESA ESECUTRICE: R.T.I. COBAR S.P.A. - MER MEC STE S.R.L.<br><br>Durata e Tempistiche: 23/04/2026 - 22/05/2026]]></description>
      <styleUrl>#icon-1541-E65100</styleUrl>
      <Point>
        <coordinates>
          16.887715,41.1152347,0
        </coordinates>
      </Point>
    </Placemark>
    <Placemark>
      <name>ORDINANZA 2026/04373
RESTRINGIMENTO CARREGGIATA, DIVIETO DI FERMATA
VIA PEUCETIA TRA VIA MAGNA GRECIA E VIA APULIA
LAVORI DI REALIZZAZIONE DI UN SISTEMA BRT PER LA CITTÀ DI BARI
IMPRESA ESECUTRICE: R.T.I. COBAR S.P.A. - MER MEC STE S.R.L.
10/08/2026 - 31/10/2026
</name>
      <description><![CDATA[PROORGATA ALLA Ordinanza<br>2026/04373 FINO AL 31/10/2026<br>https://drive.google.com/file/d/1E6bWBsUFFl5xddfdnFoBCT_hnG1U5Rzd/view<br><br>ORDINANZA 2026/03846 <br>https://drive.google.com/file/d/153Eq4FCXROWifCOFFRLXbCwd-Jw_Vh98/view<br><br>PROROGA ORDINANZA N. 2026/03532 LAVORI DI REALIZZAZIONE DI UN SISTEMA BRT PER LA CITTÀ DI BARI - FINANZIATO DALLA UNIONE EUROPEA NEXT GENERATION EU - TRASPORTO RAPIDO DI MASSA - MISURA M2C2 - INV 4.2 DEL PNRR - CUP: J91B21002850001 REGOLAMENTAZIONE TEMPORANEA DELLA CIRCOLAZIONE STRADALE SU VIA PEUCETIA NEL TRATTO STRADALE COMPRESO TRA VIA MAGNA GRECIA E VIA APULIA FINO AL 21.9.2026 IMPRESA ESECUTRICE: R.T.I. COBAR S.P.A. - MER MEC STE S.R.L. <br><br>a) L’istituzione del restringimento di carreggiata a tutti i veicoli su: i) via Peucetia nel tratto stradale compreso tra via Magna Grecia e via Apulia, su entrambe le carreggiate. b) L’istituzione del divieto di fermata a tutti i veicoli su: i) via Peucetia nel tratto stradale compreso tra via Magna Grecia e via Apulia, su entrambe le carreggiate; c) L’istituzione del limite massimo di velocità pari a trenta chilometri orari a tutti i veicoli in avvicinamento alle aree interessate dai lavori. <br><br>Durata e tempistiche: 110/08/2026 - 21/09/2026 <br><br>PROROGATA DALLA 2026/03532 <br>https://drive.google.com/file/d/1rx5f-G3fvW99d3kdpkqGveH7Yo5ZyTIO/view <br>FINO AL 21/08/2026<br><br><br>ORDINANZA 2026/03051 <br><br>https://drive.google.com/file/d/1OiXnkYg2HABYmWTYWW939ZH7rP7TmSBv/view<br><br>LAVORI DI REALIZZAZIONE DI UN SISTEMA BRT PER LA CITTÀ DI BARI -<br>FINANZIATO DALLA UNIONE EUROPEA NEXT GENERATION EU -<br>TRASPORTO RAPIDO DI MASSA - MISURA M2C2 - INV 4.2 DEL PNRR - CUP:<br>J91B21002850001<br>REGOLAMENTAZIONE TEMPORANEA DELLA CIRCOLAZIONE STRADALE SU<br>VIA PEUCETIA NEL TRATTO STRADALE COMPRESO TRA VIA MAGNA<br>GRECIA E VIA APULIA FINO AL 22.07.2026<br>IMPRESA ESECUTRICE: R.T.I. COBAR S.P.A. - MER MEC STE S.R.L.<br><br>a) L’istituzione del restringimento di carreggiata a tutti i veicoli su:<br>i) via Peucetia nel tratto stradale compreso tra via Magna Grecia e via Apulia, su entrambe le carreggiate.<br>b) L’istituzione del divieto di fermata a tutti i veicoli su:<br>i) via Peucetia nel tratto stradale compreso tra via Magna Grecia e via Apulia, su entrambe le carreggiate;<br>c) L’istituzione del limite massimo di velocità pari a trenta chilometri orari a tutti i veicoli in avvicinamento alle aree<br>interessate dai lavori.<br>2) Dagli obblighi e divieti di cui al punto 1) sono esclusi:<br>i) i veicoli al servizio, ovvero di proprietà dell’impresa esecutrice dei lavori e sue subappaltatrici;<br>ii) i veicoli delle forze dell’ordine, dei vigili del fuoco e delle ambulanze durante l’espletamento di servizi<br>d’istituto e di soccorso pubblico e d’emergenza;<br>iii) i veicoli al servizio di persone con limitate o impedite capacità motorie;<br><br>iv) i veicoli diretti agli accessi carrabili privati.<br><br><br><br>Durata e tempistiche: 23/06/2026 - 22/07/2026 <br><br>ORDINANZA 2026/02027<br><br>https://drive.google.com/file/d/1T2NjKdm94fVm1pDzzfknFb-O5l9215O5/view<br><br>LAVORI DI REALIZZAZIONE DI UN SISTEMA BRT PER LA CITTÀ DI BARI -<br>FINANZIATO DALLA UNIONE EUROPEA NEXT GENERATION EU -<br>TRASPORTO RAPIDO DI MASSA - MISURA M2C2 - INV 4.2 DEL PNRR - CUP:<br>J91B21002850001<br>REGOLAMENTAZIONE TEMPORANEA DELLA CIRCOLAZIONE STRADALE SU<br>VIA PEUCETIA NEL TRATTO STRADALE COMPRESO TRA VIA MAGNA<br>GRECIA E VIA APULIA<br>IMPRESA ESECUTRICE: R.T.I. COBAR S.P.A. - MER MEC STE S.R.L.<br><br>Durata e Tempistiche: 23/04/2026 - 22/05/2026]]></description>
      <styleUrl>#line-E65100-4681</styleUrl>
      <LineString>
        <tessellate>1</tessellate>
        <coordinates>
          16.892394,41.113133,0
          16.887476,41.115073,0
        </coordinates>
      </LineString>
    </Placemark>
    <Placemark>
      <name>ORDINANZA 2026/02029
SENSO UNICO DI MARCIA, DIVIETO DI TRANSITO
VIA LAMA DI GIOTTA, VIA DEI TRULLI E VIA FONTANA NUOVA IN TORRE A MARE 
MONITORAGGIO IN CONDIZIONI DI SICUREZZA
IMPRESA ESECUTRICE: R.T.I. COBAR S.P.A. - MER MEC STE S.R.L
24/04/2026 fino a revoca  
</name>
      <description><![CDATA[ORDINANZA 2026/02029<br><br>https://drive.google.com/file/d/1QXwCV9trNGfQUsMhcB7CXNxF2o139sA3/view<br><br><br>INTEGRAZIONI ALL’ORDINANZA DIRIGENZIALE N. 2026/00790 REGOLAMENTAZIONE TEMPORANEA DELLA CIRCOLAZIONE SU VIA DEI TRULLI E VIA FONTANA NUOVA IN TORRE A MARE <br>L’Ordinanza Dirigenziale n. 2026/00790 è integrata come di seguito Dall’esecutività del presente provvedimento sino alla revoca di quanto previsto dal presente provvedimento: 1. L’istituzione del senso unico di marcia su via Lama di Giotta nel tratto stradale compreso tra via dei Trulli e via Paolo Gargano nella direzione che va da via dei Trulli verso via Paolo Gargano; 2. L’istituzione del divieto di transito eccetto frontisti su via Lama di Giotta nel tratto che va da via dei Trulli verso la linea di costa; 3. L’istituzione dell’obbligo di svolta a sinistra su via dei Trulli per la corrente di traffico proveniente da via Resta; 4. L’istituzione dell’obbligo di svolta a destra su via Lama di Giotta in corrispondenza dell’intersezione con via Paolo Gargano, per la corrente di traffico proveniente da via Positano; 5. L’istituzione dell’obbligo di proseguire diritto e svolta a destra su via Dante Alighieri in corrispondenza dell’intersezione con via Lama di Giotta 6. L’istituzione dell’obbligo di proseguire diritto e svolta a sinitra su via Paolo Gargano in corrispondenza dell’intersezione con via Lama di Giotta; 7. L’istituzione del senso vietato su via Lama di Giotta in corrispondenza dell’intersezione con via Paolo Gargano, per la corrente di traffico proveniente da via Positano; Si conferma tutto quanto previsto dall’Ordinanza Dirigenziale n. 2026/00790 non in contrasto con il presente provvedimento<br><br>Durata e tempistiche: 24/04/2026 fino a revoca]]></description>
      <styleUrl>#icon-1541-E65100</styleUrl>
      <Point>
        <coordinates>
          17.0020202,41.0883825,0
        </coordinates>
      </Point>
    </Placemark>
    <Placemark>
      <name>ORDINANZA 2026/03979 
RESTRINGIMENTO DI CARREGGIATA E DIVIETO DI FERMATA
VIA ADOLFO OMODEO TRA VIA AMENDOLA E VIA FANELLI
LAVORI DI REALIZZAZIONE DI UN SISTEMA BRT PER LA CITTÀ DI BARI
IMPRESA ESECUTRICE: R.T.I. COBAR S.P.A. - MER MEC STE S.R.L.
 01/09/2026 - 31/10/2026
</name>
      <description><![CDATA[ORDINANZA 2026/03979 <br><br>https://drive.google.com/file/d/1aPRHS8LVNRrTgxjqnNAcReqkkwPX7iDQ/view<br><br>PROROGA DELL’ORDINANZA DIRIGENZIALE N. 2026/03748 LAVORI DI REALIZZAZIONE DI UN SISTEMA BRT PER LA CITTÀ DI BARI - FINANZIATO DALLA UNIONE EUROPEA NEXT GENERATION EU - TRASPORTO RAPIDO DI MASSA - MISURA M2C2 - INV 4.2 DEL PNRR - CUP: J91B21002850001 REGOLAMENTAZIONE TEMPORANEA DELLA CIRCOLAZIONE STRADALE SU VIA ADOLFO OMODEO FINO AL 31.10.2026 IMPRESA ESECUTRICE: R.T.I. COBAR S.P.A. - MER MEC STE S.R.L. <br><br>Durata e tempistiche: 01/09/2026 - 31/10/2026<br><br>PROROGATA FINO AL 31/08/2026 DALLA Ordinanza 2026/03748<br>https://drive.google.com/file/d/10jRNFft9haIEIe17Q3PLKUouJjuAqp35/view<br><br>Ordinanza: 2026/03238<br>PROROGATA FINO AL 31/07/2026<br>https://drive.google.com/file/d/15Di1rtXd-Bm2aM1aLbHQZS0BNrodXR1r/view<br><br>ORDINANZA 2026/02685 <br>https://drive.google.com/file/d/14aM2yBmyeKEephZtODrlZDyWppzxT0O7/view<br><br>PROROGA DELL’ORDINANZA DIRIGENZIALE N. 2026/02087 LAVORI DI REALIZZAZIONE DI UN SISTEMA BRT PER LA CITTÀ DI BARI - FINANZIATO DALLA UNIONE EUROPEA NEXT GENERATION EU - TRASPORTO RAPIDO DI MASSA - MISURA M2C2 - INV 4.2 DEL PNRR - CUP: J91B21002850001 REGOLAMENTAZIONE TEMPORANEA DELLA CIRCOLAZIONE STRADALE SU VIA ADOLFO OMODEO FINO AL 30.06.2026 IMPRESA ESECUTRICE: R.T.I. COBAR S.P.A. - MER MEC STE S.R.L. <br><br>Durata e tempistiche: 01/06/2026 - 30/06/2026 <br><br>Ordinanza: 2026/02087<br><br>https://drive.google.com/file/d/1HSpBQ8nEDgJlHkVUhc-M8qtAvYTfzPrh/view<br><br>LAVORI DI REALIZZAZIONE DI UN SISTEMA BRT PER LA CITTÀ DI BARI -<br>FINANZIATO DALLA UNIONE EUROPEA NEXT GENERATION EU -<br>TRASPORTO RAPIDO DI MASSA - MISURA M2C2 - INV 4.2 DEL PNRR - CUP:<br>J91B21002850001<br>REGOLAMENTAZIONE TEMPORANEA DELLA CIRCOLAZIONE STRADALE SU<br>VIA ADOLFO OMODEO<br>IMPRESA ESECUTRICE: R.T.I. COBAR S.P.A. - MER MEC STE S.R.L.<br><br>Durata e tempistiche: 01/05/2026 - 30/05/2026]]></description>
      <styleUrl>#icon-1541-E65100</styleUrl>
      <Point>
        <coordinates>
          16.8785454,41.1063194,0
        </coordinates>
      </Point>
    </Placemark>
    <Placemark>
      <name>ORDINANZA 2026/03979 
RESTRINGIMENTO DI CARREGGIATA E DIVIETO DI FERMATA
VIA ADOLFO OMODEO TRA VIA AMENDOLA E VIA FANELLI
LAVORI DI REALIZZAZIONE DI UN SISTEMA BRT PER LA CITTÀ DI BARI
IMPRESA ESECUTRICE: R.T.I. COBAR S.P.A. - MER MEC STE S.R.L.
 01/09/2026 - 31/10/2026
</name>
      <description><![CDATA[ORDINANZA 2026/03979 <br><br>https://drive.google.com/file/d/1aPRHS8LVNRrTgxjqnNAcReqkkwPX7iDQ/view<br><br>PROROGA DELL’ORDINANZA DIRIGENZIALE N. 2026/03748 LAVORI DI REALIZZAZIONE DI UN SISTEMA BRT PER LA CITTÀ DI BARI - FINANZIATO DALLA UNIONE EUROPEA NEXT GENERATION EU - TRASPORTO RAPIDO DI MASSA - MISURA M2C2 - INV 4.2 DEL PNRR - CUP: J91B21002850001 REGOLAMENTAZIONE TEMPORANEA DELLA CIRCOLAZIONE STRADALE SU VIA ADOLFO OMODEO FINO AL 31.10.2026 IMPRESA ESECUTRICE: R.T.I. COBAR S.P.A. - MER MEC STE S.R.L. <br><br>Durata e tempistiche: 01/09/2026 - 31/10/2026<br><br>PROROGATA FINO AL 31/08/2026 DALLA Ordinanza 2026/03748<br>https://drive.google.com/file/d/10jRNFft9haIEIe17Q3PLKUouJjuAqp35/view<br><br>Ordinanza: 2026/03238<br>PROROGATA FINO AL 31/07/2026<br>https://drive.google.com/file/d/15Di1rtXd-Bm2aM1aLbHQZS0BNrodXR1r/view<br><br>ORDINANZA 2026/02685 <br>https://drive.google.com/file/d/14aM2yBmyeKEephZtODrlZDyWppzxT0O7/view<br><br>PROROGA DELL’ORDINANZA DIRIGENZIALE N. 2026/02087 LAVORI DI REALIZZAZIONE DI UN SISTEMA BRT PER LA CITTÀ DI BARI - FINANZIATO DALLA UNIONE EUROPEA NEXT GENERATION EU - TRASPORTO RAPIDO DI MASSA - MISURA M2C2 - INV 4.2 DEL PNRR - CUP: J91B21002850001 REGOLAMENTAZIONE TEMPORANEA DELLA CIRCOLAZIONE STRADALE SU VIA ADOLFO OMODEO FINO AL 30.06.2026 IMPRESA ESECUTRICE: R.T.I. COBAR S.P.A. - MER MEC STE S.R.L. <br><br>Durata e tempistiche: 01/06/2026 - 30/06/2026 <br><br>Ordinanza: 2026/02087<br><br>https://drive.google.com/file/d/1HSpBQ8nEDgJlHkVUhc-M8qtAvYTfzPrh/view<br><br>LAVORI DI REALIZZAZIONE DI UN SISTEMA BRT PER LA CITTÀ DI BARI -<br>FINANZIATO DALLA UNIONE EUROPEA NEXT GENERATION EU -<br>TRASPORTO RAPIDO DI MASSA - MISURA M2C2 - INV 4.2 DEL PNRR - CUP:<br>J91B21002850001<br>REGOLAMENTAZIONE TEMPORANEA DELLA CIRCOLAZIONE STRADALE SU<br>VIA ADOLFO OMODEO<br>IMPRESA ESECUTRICE: R.T.I. COBAR S.P.A. - MER MEC STE S.R.L.<br><br>Durata e tempistiche: 01/05/2026 - 30/05/2026]]></description>
      <styleUrl>#line-E65100-3519</styleUrl>
      <LineString>
        <tessellate>1</tessellate>
        <coordinates>
          16.8782786,41.106252,0
          16.879179,41.105821,0
          16.8795768,41.105573,0
          16.881482,41.105979,0
          16.8827465,41.1064888,0
          16.8852623,41.1075029,0
        </coordinates>
      </LineString>
    </Placemark>
    <Placemark>
      <name>ORDINANZA 2026/04283
RESTRINGIMENTO DI CARREGGIATA 
STRADA CARDUCCI TRA CORSO ALCIDE DE GASPERI E IL CIV 1/E DI STRADA CARDUCCI
POSIZIONAMENTO RECINZIONE METALLICA DI CANTIERE
RICHIEDENTE: SIG. CARLO MASTRANDREA
01/10/2026 - 01/04/2027</name>
      <description><![CDATA[ORDINANZA 2026/04283 <br>https://drive.google.com/file/d/1CrK82yfWlBG6g_ySlAFVk-rP-IY862O6/view<br><br>ISTITUZIONE TEMPORANEA DEL RESTRINGIMENTO DI CARREGGIATA E DEROGA AL DIVIETO DI FERMATA PER I MEZZI AL SERVIZIO DEL RICHIEDENTE SU STRADA CARDUCCI TRATTO COMPRESO TRA CORSO ALCIDE DE GASPERI E IL CIV 1/E DI STRADA CARDUCCI PER RECINZIONE METALLICA DI CANTIERE PER CARICO E SCARICO DA MEZZI DI CANTIERE DAL 1 OTTOBRE 2026 AL 1 APRILE 2027 RICHIEDENTE: SIG. CARLO MASTRANDREA <br><br>Durata e tempistiche: 01/10/2026 - 01/04/2027<br><br>ORDINANZA 2026/02103<br><br>https://drive.google.com/file/d/18zC8D1qDkUZ5VULUD2KjyVeOWzvzSN9S/view<br><br>ISTITUZIONE TEMPORANEA DEL RESTRINGIMENTO DI CARREGGIATA E<br>DEROGA AL DIVIETO DI FERMATA PER I MEZZI AL SERVIZIO DEL<br>RICHIEDENTE SU STRADA CARDUCCI TRATTO COMPRESO TRA CORSO<br>ALCIDE DE GASPERI E IL CIV 1/E DI STRADA CARDUCCI PER RECINZIONE<br>METALLICA DI CANTIERE PER CARICO E SCARICO DA MEZZI DI CANTIERE<br>RICHIEDENTE: SIG. CARLO MASTRANDREA<br><br>Durata e Tempistiche: 07/05/2026 - 30/09/2026]]></description>
      <styleUrl>#icon-1541-E65100</styleUrl>
      <Point>
        <coordinates>
          16.8687584,41.0923417,0
        </coordinates>
      </Point>
    </Placemark>
    <Placemark>
      <name>ORDINANZA 2026/04283
RESTRINGIMENTO DI CARREGGIATA 
STRADA CARDUCCI TRA CORSO ALCIDE DE GASPERI E IL CIV 1/E DI STRADA CARDUCCI
POSIZIONAMENTO RECINZIONE METALLICA DI CANTIERE
RICHIEDENTE: SIG. CARLO MASTRANDREA
01/10/2026 - 01/04/2027
</name>
      <description><![CDATA[ORDINANZA 2026/04283 <br>https://drive.google.com/file/d/1CrK82yfWlBG6g_ySlAFVk-rP-IY862O6/view<br><br>ISTITUZIONE TEMPORANEA DEL RESTRINGIMENTO DI CARREGGIATA E DEROGA AL DIVIETO DI FERMATA PER I MEZZI AL SERVIZIO DEL RICHIEDENTE SU STRADA CARDUCCI TRATTO COMPRESO TRA CORSO ALCIDE DE GASPERI E IL CIV 1/E DI STRADA CARDUCCI PER RECINZIONE METALLICA DI CANTIERE PER CARICO E SCARICO DA MEZZI DI CANTIERE DAL 1 OTTOBRE 2026 AL 1 APRILE 2027 RICHIEDENTE: SIG. CARLO MASTRANDREA <br><br>Durata e tempistiche: 01/10/2026 - 01/04/2027<br><br>ORDINANZA 2026/02103<br><br>https://drive.google.com/file/d/18zC8D1qDkUZ5VULUD2KjyVeOWzvzSN9S/view<br><br>ISTITUZIONE TEMPORANEA DEL RESTRINGIMENTO DI CARREGGIATA E<br>DEROGA AL DIVIETO DI FERMATA PER I MEZZI AL SERVIZIO DEL<br>RICHIEDENTE SU STRADA CARDUCCI TRATTO COMPRESO TRA CORSO<br>ALCIDE DE GASPERI E IL CIV 1/E DI STRADA CARDUCCI PER RECINZIONE<br>METALLICA DI CANTIERE PER CARICO E SCARICO DA MEZZI DI CANTIERE<br>RICHIEDENTE: SIG. CARLO MASTRANDREA<br><br>Durata e Tempistiche: 07/05/2026 - 30/09/2026]]></description>
      <styleUrl>#line-E65100-2938</styleUrl>
      <LineString>
        <tessellate>1</tessellate>
        <coordinates>
          16.8687048,41.0922689,0
          16.8692144,41.0921921,0
          16.870062,41.0921759,0
        </coordinates>
      </LineString>
    </Placemark>
    <Placemark>
      <name>ORDINANZA 2026/03783
DIVIETO DI SOSTA RESTRINGIMENTO DI CARREGGIATA E SENSO UNICO ALTERNATO
VIA ABATE GIMMA TRA VIA MANZONI E VIA SAG.VISCONTI
VIA DE ROSSI – TRA C.SO VITT.EMANUELE E VIA CALEFATI
VIA SAG.VISCONTI TRA VIA CALEFATI E P.ZZA GARIBALDI
L.GO NITTI VALENTINI TRA VIA PICCINNI E P.ZZA GARIBALDI
P.ZZA GARIBALDI TRA L.GO N.VALENTINI E VIA S.FRANCESCO
P.ZZA GARIBALDI TRA VIA BONAZZI E VIA PIZZOLI
VIA S.FRANCESCO TRA P.ZZA MASSARI E VIA Q.SELLA
VIA VILLARI – TRATTO COMPRESO TRA VIA Q.SELLA E P.ZZA MASSARI
LAVORI DI POSA CAVI INTERRATI BT
RICHIEDENTE: SITE SPA PER CONTO DI E-DISTRIBUZIONE
11/05/2026 - 31/10/2026 </name>
      <description><![CDATA[PROROGATA DALLA  ORDINANZA 2026/03783 FINO AL 31/10/2026<br>https://drive.google.com/file/d/10tdzuYcZhYBncrsJLkkUm3IyJjR_2eDK/view<br><br>Ordinanza: 2026/02397<br><br>https://drive.google.com/file/d/18S8M_Sz27OzUFRmKcCXLvGEuG8vN11Hj/view<br><br>LIMITAZIONI TEMPORANEE ALLA SOSTA VEICOLARE CON RIMOZIONE<br>FORZATA SU ENTRAMBI I LATI E RESTRINGIMENTO DI CARREGGIATA<br>FINALIZZATE AI LAVORI DI POSA CAVI INTERRATI BT – PNRR DAL GIORNO<br>ABATE GIMMA – TRATTO COMPRESO TRA VIA MANZONI E VIA<br>SAG.VISCONTI, VIA DE ROSSI – TRATTO COMPRESO TRA C.SO<br>VITT.EMANUELE E VIA CALEFATI,VIA SAG.VISCONTI – TRATTO COMPRESO<br>TRA VIA CALEFATI E P.ZZA GARIBALDI, L.GO NITTI VALENTINI – TRATTO<br>COMPRESO TRA VIA PICCINNI E P.ZZA GARIBALDI, P.ZZA GARIBALDI –<br>TRATTO COMPRESO TRA L.GO N.VALENTINI E VIA S.FRANCESCO,P.ZZA<br>GARIBALDI – TRATTO COMPRESO TRA VIA BONAZZI E VIA PIZZOLI,• VIA<br>S.FRANCESCO – TRATTO COMPRESO TRA P.ZZA MASSARI E VIA Q.SELLA,•<br>VIA VILLARI – TRATTO COMPRESO TRA VIA Q.SELLA E P.ZZA MASSARI.<br>RICHIEDENTE: SITE SPA PER CONTO DI E-DISTRIBUZIONE<br><br>Durata e tempistiche: 11/05/2026 - 31/07/2026 <br>DALLE ORE 7.00 ALLE ORE 17.00]]></description>
      <styleUrl>#line-E65100-3906</styleUrl>
      <LineString>
        <tessellate>1</tessellate>
        <coordinates>
          16.8609672,41.1241466,0
          16.8629937,41.124279,0
        </coordinates>
      </LineString>
    </Placemark>
    <Placemark>
      <name>ORDINANZA 2026/03783
DIVIETO DI SOSTA RESTRINGIMENTO DI CARREGGIATA E SENSO UNICO ALTERNATO
VIA ABATE GIMMA TRA VIA MANZONI E VIA SAG.VISCONTI
VIA DE ROSSI – TRA C.SO VITT.EMANUELE E VIA CALEFATI
VIA SAG.VISCONTI TRA VIA CALEFATI E P.ZZA GARIBALDI
L.GO NITTI VALENTINI TRA VIA PICCINNI E P.ZZA GARIBALDI
P.ZZA GARIBALDI TRA L.GO N.VALENTINI E VIA S.FRANCESCO
P.ZZA GARIBALDI TRA VIA BONAZZI E VIA PIZZOLI
VIA S.FRANCESCO TRA P.ZZA MASSARI E VIA Q.SELLA
VIA VILLARI – TRATTO COMPRESO TRA VIA Q.SELLA E P.ZZA MASSARI
LAVORI DI POSA CAVI INTERRATI BT
RICHIEDENTE: SITE SPA PER CONTO DI E-DISTRIBUZIONE
11/05/2026 - 31/10/2026 </name>
      <description><![CDATA[PROROGATA DALLA ORDINANZA 2026/03783 FINO AL 31/10/2026<br>https://drive.google.com/file/d/10tdzuYcZhYBncrsJLkkUm3IyJjR_2eDK/view<br><br>Ordinanza: 2026/02397<br><br>https://drive.google.com/file/d/18S8M_Sz27OzUFRmKcCXLvGEuG8vN11Hj/view<br><br>LIMITAZIONI TEMPORANEE ALLA SOSTA VEICOLARE CON RIMOZIONE<br>FORZATA SU ENTRAMBI I LATI E RESTRINGIMENTO DI CARREGGIATA<br>FINALIZZATE AI LAVORI DI POSA CAVI INTERRATI BT – PNRR DAL GIORNO<br>ABATE GIMMA – TRATTO COMPRESO TRA VIA MANZONI E VIA<br>SAG.VISCONTI, VIA DE ROSSI – TRATTO COMPRESO TRA C.SO<br>VITT.EMANUELE E VIA CALEFATI,VIA SAG.VISCONTI – TRATTO COMPRESO<br>TRA VIA CALEFATI E P.ZZA GARIBALDI, L.GO NITTI VALENTINI – TRATTO<br>COMPRESO TRA VIA PICCINNI E P.ZZA GARIBALDI, P.ZZA GARIBALDI –<br>TRATTO COMPRESO TRA L.GO N.VALENTINI E VIA S.FRANCESCO,P.ZZA<br>GARIBALDI – TRATTO COMPRESO TRA VIA BONAZZI E VIA PIZZOLI,• VIA<br>S.FRANCESCO – TRATTO COMPRESO TRA P.ZZA MASSARI E VIA Q.SELLA,•<br>VIA VILLARI – TRATTO COMPRESO TRA VIA Q.SELLA E P.ZZA MASSARI.<br>RICHIEDENTE: SITE SPA PER CONTO DI E-DISTRIBUZIONE<br><br>Durata e tempistiche: 11/05/2026 - 31/07/2026 <br>DALLE ORE 7.00 ALLE ORE 17.00]]></description>
      <styleUrl>#line-E65100-3906</styleUrl>
      <LineString>
        <tessellate>1</tessellate>
        <coordinates>
          16.865375,41.1237962,0
          16.8651523,41.1257212,0
        </coordinates>
      </LineString>
    </Placemark>
    <Placemark>
      <name>ORDINANZA 2026/03783
DIVIETO DI SOSTA RESTRINGIMENTO DI CARREGGIATA E SENSO UNICO ALTERNATO
VIA ABATE GIMMA TRA VIA MANZONI E VIA SAG.VISCONTI
VIA DE ROSSI – TRA C.SO VITT.EMANUELE E VIA CALEFATI
VIA SAG.VISCONTI TRA VIA CALEFATI E P.ZZA GARIBALDI
L.GO NITTI VALENTINI TRA VIA PICCINNI E P.ZZA GARIBALDI
P.ZZA GARIBALDI TRA L.GO N.VALENTINI E VIA S.FRANCESCO
P.ZZA GARIBALDI TRA VIA BONAZZI E VIA PIZZOLI
VIA S.FRANCESCO TRA P.ZZA MASSARI E VIA Q.SELLA
VIA VILLARI – TRATTO COMPRESO TRA VIA Q.SELLA E P.ZZA MASSARI
LAVORI DI POSA CAVI INTERRATI BT
RICHIEDENTE: SITE SPA PER CONTO DI E-DISTRIBUZIONE
11/05/2026 - 31/10/2026 </name>
      <description><![CDATA[PROROGATA DALLA ORDINANZA 2026/03783 FINO AL 31/10/2026<br>https://drive.google.com/file/d/10tdzuYcZhYBncrsJLkkUm3IyJjR_2eDK/view<br><br>Ordinanza: 2026/02397<br><br>https://drive.google.com/file/d/18S8M_Sz27OzUFRmKcCXLvGEuG8vN11Hj/view<br><br>LIMITAZIONI TEMPORANEE ALLA SOSTA VEICOLARE CON RIMOZIONE<br>FORZATA SU ENTRAMBI I LATI E RESTRINGIMENTO DI CARREGGIATA<br>FINALIZZATE AI LAVORI DI POSA CAVI INTERRATI BT – PNRR DAL GIORNO<br>ABATE GIMMA – TRATTO COMPRESO TRA VIA MANZONI E VIA<br>SAG.VISCONTI, VIA DE ROSSI – TRATTO COMPRESO TRA C.SO<br>VITT.EMANUELE E VIA CALEFATI,VIA SAG.VISCONTI – TRATTO COMPRESO<br>TRA VIA CALEFATI E P.ZZA GARIBALDI, L.GO NITTI VALENTINI – TRATTO<br>COMPRESO TRA VIA PICCINNI E P.ZZA GARIBALDI, P.ZZA GARIBALDI –<br>TRATTO COMPRESO TRA L.GO N.VALENTINI E VIA S.FRANCESCO,P.ZZA<br>GARIBALDI – TRATTO COMPRESO TRA VIA BONAZZI E VIA PIZZOLI,• VIA<br>S.FRANCESCO – TRATTO COMPRESO TRA P.ZZA MASSARI E VIA Q.SELLA,•<br>VIA VILLARI – TRATTO COMPRESO TRA VIA Q.SELLA E P.ZZA MASSARI.<br>RICHIEDENTE: SITE SPA PER CONTO DI E-DISTRIBUZIONE<br><br>Durata e tempistiche: 11/05/2026 - 31/07/2026 <br>DALLE ORE 7.00 ALLE ORE 17.00]]></description>
      <styleUrl>#line-E65100-4294</styleUrl>
      <LineString>
        <tessellate>1</tessellate>
        <coordinates>
          16.8631063,41.123664,0
          16.8629763,41.1250174,0
        </coordinates>
      </LineString>
    </Placemark>
    <Placemark>
      <name>ORDINANZA 2026/03783
DIVIETO DI SOSTA RESTRINGIMENTO DI CARREGGIATA E SENSO UNICO ALTERNATO
VIA ABATE GIMMA TRA VIA MANZONI E VIA SAG.VISCONTI
VIA DE ROSSI – TRA C.SO VITT.EMANUELE E VIA CALEFATI
VIA SAG.VISCONTI TRA VIA CALEFATI E P.ZZA GARIBALDI
L.GO NITTI VALENTINI TRA VIA PICCINNI E P.ZZA GARIBALDI
P.ZZA GARIBALDI TRA L.GO N.VALENTINI E VIA S.FRANCESCO
P.ZZA GARIBALDI TRA VIA BONAZZI E VIA PIZZOLI
VIA S.FRANCESCO TRA P.ZZA MASSARI E VIA Q.SELLA
VIA VILLARI – TRATTO COMPRESO TRA VIA Q.SELLA E P.ZZA MASSARI
LAVORI DI POSA CAVI INTERRATI BT
RICHIEDENTE: SITE SPA PER CONTO DI E-DISTRIBUZIONE
11/05/2026 - 31/10/2026 </name>
      <description><![CDATA[PROROGATA DALLA ORDINANZA 2026/03783 FINO AL 31/10/2026<br>https://drive.google.com/file/d/10tdzuYcZhYBncrsJLkkUm3IyJjR_2eDK/view<br><br>Ordinanza: 2026/02397<br><br>https://drive.google.com/file/d/18S8M_Sz27OzUFRmKcCXLvGEuG8vN11Hj/view<br><br>LIMITAZIONI TEMPORANEE ALLA SOSTA VEICOLARE CON RIMOZIONE<br>FORZATA SU ENTRAMBI I LATI E RESTRINGIMENTO DI CARREGGIATA<br>FINALIZZATE AI LAVORI DI POSA CAVI INTERRATI BT – PNRR DAL GIORNO<br>ABATE GIMMA – TRATTO COMPRESO TRA VIA MANZONI E VIA<br>SAG.VISCONTI, VIA DE ROSSI – TRATTO COMPRESO TRA C.SO<br>VITT.EMANUELE E VIA CALEFATI,VIA SAG.VISCONTI – TRATTO COMPRESO<br>TRA VIA CALEFATI E P.ZZA GARIBALDI, L.GO NITTI VALENTINI – TRATTO<br>COMPRESO TRA VIA PICCINNI E P.ZZA GARIBALDI, P.ZZA GARIBALDI –<br>TRATTO COMPRESO TRA L.GO N.VALENTINI E VIA S.FRANCESCO,P.ZZA<br>GARIBALDI – TRATTO COMPRESO TRA VIA BONAZZI E VIA PIZZOLI,• VIA<br>S.FRANCESCO – TRATTO COMPRESO TRA P.ZZA MASSARI E VIA Q.SELLA,•<br>VIA VILLARI – TRATTO COMPRESO TRA VIA Q.SELLA E P.ZZA MASSARI.<br>RICHIEDENTE: SITE SPA PER CONTO DI E-DISTRIBUZIONE<br><br>Durata e tempistiche: 11/05/2026 - 31/07/2026 <br>DALLE ORE 7.00 ALLE ORE 17.00]]></description>
      <styleUrl>#line-E65100-3906</styleUrl>
      <LineString>
        <tessellate>1</tessellate>
        <coordinates>
          16.8629463,41.1252989,0
          16.8631931,41.1250161,0
        </coordinates>
      </LineString>
    </Placemark>
    <Placemark>
      <name>ORDINANZA 2026/03783
DIVIETO DI SOSTA RESTRINGIMENTO DI CARREGGIATA E SENSO UNICO ALTERNATO
VIA ABATE GIMMA TRA VIA MANZONI E VIA SAG.VISCONTI
VIA DE ROSSI – TRA C.SO VITT.EMANUELE E VIA CALEFATI
VIA SAG.VISCONTI TRA VIA CALEFATI E P.ZZA GARIBALDI
L.GO NITTI VALENTINI TRA VIA PICCINNI E P.ZZA GARIBALDI
P.ZZA GARIBALDI TRA L.GO N.VALENTINI E VIA S.FRANCESCO
P.ZZA GARIBALDI TRA VIA BONAZZI E VIA PIZZOLI
VIA S.FRANCESCO TRA P.ZZA MASSARI E VIA Q.SELLA
VIA VILLARI – TRATTO COMPRESO TRA VIA Q.SELLA E P.ZZA MASSARI
LAVORI DI POSA CAVI INTERRATI BT
RICHIEDENTE: SITE SPA PER CONTO DI E-DISTRIBUZIONE
11/05/2026 - 31/10/2026 </name>
      <description><![CDATA[PROROGATA DALLA ORDINANZA 2026/03783 FINO AL 31/10/2026<br>https://drive.google.com/file/d/10tdzuYcZhYBncrsJLkkUm3IyJjR_2eDK/view<br><br>Ordinanza: 2026/02397<br><br>https://drive.google.com/file/d/18S8M_Sz27OzUFRmKcCXLvGEuG8vN11Hj/view<br><br>LIMITAZIONI TEMPORANEE ALLA SOSTA VEICOLARE CON RIMOZIONE<br>FORZATA SU ENTRAMBI I LATI E RESTRINGIMENTO DI CARREGGIATA<br>FINALIZZATE AI LAVORI DI POSA CAVI INTERRATI BT – PNRR DAL GIORNO<br>ABATE GIMMA – TRATTO COMPRESO TRA VIA MANZONI E VIA<br>SAG.VISCONTI, VIA DE ROSSI – TRATTO COMPRESO TRA C.SO<br>VITT.EMANUELE E VIA CALEFATI,VIA SAG.VISCONTI – TRATTO COMPRESO<br>TRA VIA CALEFATI E P.ZZA GARIBALDI, L.GO NITTI VALENTINI – TRATTO<br>COMPRESO TRA VIA PICCINNI E P.ZZA GARIBALDI, P.ZZA GARIBALDI –<br>TRATTO COMPRESO TRA L.GO N.VALENTINI E VIA S.FRANCESCO,P.ZZA<br>GARIBALDI – TRATTO COMPRESO TRA VIA BONAZZI E VIA PIZZOLI,• VIA<br>S.FRANCESCO – TRATTO COMPRESO TRA P.ZZA MASSARI E VIA Q.SELLA,•<br>VIA VILLARI – TRATTO COMPRESO TRA VIA Q.SELLA E P.ZZA MASSARI.<br>RICHIEDENTE: SITE SPA PER CONTO DI E-DISTRIBUZIONE<br><br>Durata e tempistiche: 11/05/2026 - 31/07/2026 <br>DALLE ORE 7.00 ALLE ORE 17.00]]></description>
      <styleUrl>#line-E65100-3713</styleUrl>
      <LineString>
        <tessellate>1</tessellate>
        <coordinates>
          16.8629463,41.1252989,0
          16.8628355,41.1261516,0
        </coordinates>
      </LineString>
    </Placemark>
    <Placemark>
      <name>ORDINANZA 2026/03783
DIVIETO DI SOSTA RESTRINGIMENTO DI CARREGGIATA E SENSO UNICO ALTERNATO
VIA ABATE GIMMA TRA VIA MANZONI E VIA SAG.VISCONTI
VIA DE ROSSI – TRA C.SO VITT.EMANUELE E VIA CALEFATI
VIA SAG.VISCONTI TRA VIA CALEFATI E P.ZZA GARIBALDI
L.GO NITTI VALENTINI TRA VIA PICCINNI E P.ZZA GARIBALDI
P.ZZA GARIBALDI TRA L.GO N.VALENTINI E VIA S.FRANCESCO
P.ZZA GARIBALDI TRA VIA BONAZZI E VIA PIZZOLI
VIA S.FRANCESCO TRA P.ZZA MASSARI E VIA Q.SELLA
VIA VILLARI – TRATTO COMPRESO TRA VIA Q.SELLA E P.ZZA MASSARI
LAVORI DI POSA CAVI INTERRATI BT
RICHIEDENTE: SITE SPA PER CONTO DI E-DISTRIBUZIONE
11/05/2026 - 31/10/2026 </name>
      <description><![CDATA[PROROGATA DALLA ORDINANZA 2026/03783 FINO AL 31/10/2026<br>https://drive.google.com/file/d/10tdzuYcZhYBncrsJLkkUm3IyJjR_2eDK/view<br><br>Ordinanza: 2026/02397<br><br>https://drive.google.com/file/d/18S8M_Sz27OzUFRmKcCXLvGEuG8vN11Hj/view<br><br>LIMITAZIONI TEMPORANEE ALLA SOSTA VEICOLARE CON RIMOZIONE<br>FORZATA SU ENTRAMBI I LATI E RESTRINGIMENTO DI CARREGGIATA<br>FINALIZZATE AI LAVORI DI POSA CAVI INTERRATI BT – PNRR DAL GIORNO<br>ABATE GIMMA – TRATTO COMPRESO TRA VIA MANZONI E VIA<br>SAG.VISCONTI, VIA DE ROSSI – TRATTO COMPRESO TRA C.SO<br>VITT.EMANUELE E VIA CALEFATI,VIA SAG.VISCONTI – TRATTO COMPRESO<br>TRA VIA CALEFATI E P.ZZA GARIBALDI, L.GO NITTI VALENTINI – TRATTO<br>COMPRESO TRA VIA PICCINNI E P.ZZA GARIBALDI, P.ZZA GARIBALDI –<br>TRATTO COMPRESO TRA L.GO N.VALENTINI E VIA S.FRANCESCO,P.ZZA<br>GARIBALDI – TRATTO COMPRESO TRA VIA BONAZZI E VIA PIZZOLI,• VIA<br>S.FRANCESCO – TRATTO COMPRESO TRA P.ZZA MASSARI E VIA Q.SELLA,•<br>VIA VILLARI – TRATTO COMPRESO TRA VIA Q.SELLA E P.ZZA MASSARI.<br>RICHIEDENTE: SITE SPA PER CONTO DI E-DISTRIBUZIONE<br><br>Durata e tempistiche: 11/05/2026 - 31/07/2026 <br>DALLE ORE 7.00 ALLE ORE 17.00]]></description>
      <styleUrl>#line-E65100-2938</styleUrl>
      <LineString>
        <tessellate>1</tessellate>
        <coordinates>
          16.860731,41.126039,0
          16.8627485,41.1261589,0
        </coordinates>
      </LineString>
    </Placemark>
    <Placemark>
      <name>ORDINANZA 2026/03783
DIVIETO DI SOSTA RESTRINGIMENTO DI CARREGGIATA E SENSO UNICO ALTERNATO
VIA ABATE GIMMA TRA VIA MANZONI E VIA SAG.VISCONTI
VIA DE ROSSI – TRA C.SO VITT.EMANUELE E VIA CALEFATI
VIA SAG.VISCONTI TRA VIA CALEFATI E P.ZZA GARIBALDI
L.GO NITTI VALENTINI TRA VIA PICCINNI E P.ZZA GARIBALDI
P.ZZA GARIBALDI TRA L.GO N.VALENTINI E VIA S.FRANCESCO
P.ZZA GARIBALDI TRA VIA BONAZZI E VIA PIZZOLI
VIA S.FRANCESCO TRA P.ZZA MASSARI E VIA Q.SELLA
VIA VILLARI – TRATTO COMPRESO TRA VIA Q.SELLA E P.ZZA MASSARI
LAVORI DI POSA CAVI INTERRATI BT
RICHIEDENTE: SITE SPA PER CONTO DI E-DISTRIBUZIONE
11/05/2026 - 31/10/2026 </name>
      <description><![CDATA[PROROGATA DALLA ORDINANZA 2026/03783 FINO AL 31/10/2026<br>https://drive.google.com/file/d/10tdzuYcZhYBncrsJLkkUm3IyJjR_2eDK/view<br><br>Ordinanza: 2026/02397<br><br>https://drive.google.com/file/d/18S8M_Sz27OzUFRmKcCXLvGEuG8vN11Hj/view<br><br>LIMITAZIONI TEMPORANEE ALLA SOSTA VEICOLARE CON RIMOZIONE<br>FORZATA SU ENTRAMBI I LATI E RESTRINGIMENTO DI CARREGGIATA<br>FINALIZZATE AI LAVORI DI POSA CAVI INTERRATI BT – PNRR DAL GIORNO<br>ABATE GIMMA – TRATTO COMPRESO TRA VIA MANZONI E VIA<br>SAG.VISCONTI, VIA DE ROSSI – TRATTO COMPRESO TRA C.SO<br>VITT.EMANUELE E VIA CALEFATI,VIA SAG.VISCONTI – TRATTO COMPRESO<br>TRA VIA CALEFATI E P.ZZA GARIBALDI, L.GO NITTI VALENTINI – TRATTO<br>COMPRESO TRA VIA PICCINNI E P.ZZA GARIBALDI, P.ZZA GARIBALDI –<br>TRATTO COMPRESO TRA L.GO N.VALENTINI E VIA S.FRANCESCO,P.ZZA<br>GARIBALDI – TRATTO COMPRESO TRA VIA BONAZZI E VIA PIZZOLI,• VIA<br>S.FRANCESCO – TRATTO COMPRESO TRA P.ZZA MASSARI E VIA Q.SELLA,•<br>VIA VILLARI – TRATTO COMPRESO TRA VIA Q.SELLA E P.ZZA MASSARI.<br>RICHIEDENTE: SITE SPA PER CONTO DI E-DISTRIBUZIONE<br><br>Durata e tempistiche: 11/05/2026 - 31/07/2026 <br>DALLE ORE 7.00 ALLE ORE 17.00]]></description>
      <styleUrl>#line-E65100-4100</styleUrl>
      <LineString>
        <tessellate>1</tessellate>
        <coordinates>
          16.8639447,41.1266721,0
          16.8656284,41.1272347,0
        </coordinates>
      </LineString>
    </Placemark>
    <Placemark>
      <name>ORDINANZA 2026/03783
DIVIETO DI SOSTA RESTRINGIMENTO DI CARREGGIATA E SENSO UNICO ALTERNATO
VIA ABATE GIMMA TRA VIA MANZONI E VIA SAG.VISCONTI
VIA DE ROSSI – TRA C.SO VITT.EMANUELE E VIA CALEFATI
VIA SAG.VISCONTI TRA VIA CALEFATI E P.ZZA GARIBALDI
L.GO NITTI VALENTINI TRA VIA PICCINNI E P.ZZA GARIBALDI
P.ZZA GARIBALDI TRA L.GO N.VALENTINI E VIA S.FRANCESCO
P.ZZA GARIBALDI TRA VIA BONAZZI E VIA PIZZOLI
VIA S.FRANCESCO TRA P.ZZA MASSARI E VIA Q.SELLA
VIA VILLARI – TRATTO COMPRESO TRA VIA Q.SELLA E P.ZZA MASSARI
LAVORI DI POSA CAVI INTERRATI BT
RICHIEDENTE: SITE SPA PER CONTO DI E-DISTRIBUZIONE
11/05/2026 - 31/10/2026 </name>
      <description><![CDATA[PROROGATA DALLA ORDINANZA 2026/03783 FINO AL 31/10/2026<br>https://drive.google.com/file/d/10tdzuYcZhYBncrsJLkkUm3IyJjR_2eDK/view<br><br>Ordinanza: 2026/02397<br><br>https://drive.google.com/file/d/18S8M_Sz27OzUFRmKcCXLvGEuG8vN11Hj/view<br><br>LIMITAZIONI TEMPORANEE ALLA SOSTA VEICOLARE CON RIMOZIONE<br>FORZATA SU ENTRAMBI I LATI E RESTRINGIMENTO DI CARREGGIATA<br>FINALIZZATE AI LAVORI DI POSA CAVI INTERRATI BT – PNRR DAL GIORNO<br>ABATE GIMMA – TRATTO COMPRESO TRA VIA MANZONI E VIA<br>SAG.VISCONTI, VIA DE ROSSI – TRATTO COMPRESO TRA C.SO<br>VITT.EMANUELE E VIA CALEFATI,VIA SAG.VISCONTI – TRATTO COMPRESO<br>TRA VIA CALEFATI E P.ZZA GARIBALDI, L.GO NITTI VALENTINI – TRATTO<br>COMPRESO TRA VIA PICCINNI E P.ZZA GARIBALDI, P.ZZA GARIBALDI –<br>TRATTO COMPRESO TRA L.GO N.VALENTINI E VIA S.FRANCESCO,P.ZZA<br>GARIBALDI – TRATTO COMPRESO TRA VIA BONAZZI E VIA PIZZOLI,• VIA<br>S.FRANCESCO – TRATTO COMPRESO TRA P.ZZA MASSARI E VIA Q.SELLA,•<br>VIA VILLARI – TRATTO COMPRESO TRA VIA Q.SELLA E P.ZZA MASSARI.<br>RICHIEDENTE: SITE SPA PER CONTO DI E-DISTRIBUZIONE<br><br>Durata e tempistiche: 11/05/2026 - 31/07/2026 <br>DALLE ORE 7.00 ALLE ORE 17.00]]></description>
      <styleUrl>#line-E65100-4681</styleUrl>
      <LineString>
        <tessellate>1</tessellate>
        <coordinates>
          16.8650383,41.1265046,0
          16.865138,41.125785,0
        </coordinates>
      </LineString>
    </Placemark>
    <Placemark>
      <name>ORDINANZA 2026/02396
DIVIETO DI SOSTA E FERMATA RESTRINGIMENTO DI CARREGGIATA E SENSO UNICO ALTERNATO 
VIA MARTIN LUTHER KING
VIA FANELLI E STRADE LIMITROFE
MANUTENZIONE ED ESTENSIONE IMPIANTI DI PUBBLICA ILLUMINAZIONE
RICHIEDENTE: SITE SPA PER CONTO DI E-DISTRIBUZIONE
04/05/2026 - 15/10/2026 
</name>
      <description><![CDATA[Ordinanza: 2026/02396<br><br>https://drive.google.com/file/d/1VAcSdV2U_m7cBr_LJQvk9RRqIshT0g6c/view<br><br>PN20017 - ACCORDO QUADRO PER LAVORI DI MANUTENZIONE<br>STRAORDINARIA DA REALIZZARSI SU IMPIANTI DI PUBBLICA<br>ILLUMINAZIONE CON ALTO TASSO DI FUORI SERVIZIO –<br>LAVORI DI RIQUALIFICAZIONE, MANUTENZIONE ED ESTENSIONE IN AMBITO<br>SMART DEGLI IMPIANTI DI PUBBLICA ILLUMINAZIONE SOTTESI AI QUADRI<br>SOPRANNOMINATI “MOIRA 2” (VIA MARTIN LUTHER KING) E “FIORDALISI”<br>(VIA FANELLI) E STRADE LIMITROFE.<br>PROCEDURA APERTA N. PN20017 CUP: J99C23002760006 CIG ACCORDO<br>QUADRO N. 85435139F4 CIG CONTRATTO ATTUATIVO N.11: A06D02A53A<br>IMPRESA APPALTATRICE: SOCIETÀ ICR IMPIANTI E COSTRUZIONI S.R.L.<br>CAPOGRUPPO CF/P.IVA 12487131000 SOCIETÀ MATI GROUP S.P.A<br>MANDANTE CF/P.IVA 02229530734<br>SUBAPPALTATORE: MIC.A. S.R.L. “UNIPERSONALE” CON SEDE LEGALE IN<br>BARI IN VIA SAN GIROLAMO N.41/B, C.F./P.IVA NR. 05372490721<br>PEC: ICRIMPIANTIECOSTRUZIONI@LEGALMAIL.IT<br><br>Durata e tempistiche: 04/05/2026 - 15/10/2026]]></description>
      <styleUrl>#icon-1541-E65100</styleUrl>
      <Point>
        <coordinates>
          16.8615583,41.100249,0
        </coordinates>
      </Point>
    </Placemark>
    <Placemark>
      <name>ORDINANZA 2026/02396
DIVIETO DI SOSTA E FERMATA RESTRINGIMENTO DI CARREGGIATA E SENSO UNICO ALTERNATO 
VIA MARTIN LUTHER KING
VIA FANELLI E STRADE LIMITROFE
MANUTENZIONE ED ESTENSIONE IMPIANTI DI PUBBLICA ILLUMINAZIONE
RICHIEDENTE: SITE SPA PER CONTO DI E-DISTRIBUZIONE
04/05/2026 - 15/10/2026 </name>
      <description><![CDATA[Ordinanza: 2026/02396<br><br>https://drive.google.com/file/d/1VAcSdV2U_m7cBr_LJQvk9RRqIshT0g6c/view<br><br>PN20017 - ACCORDO QUADRO PER LAVORI DI MANUTENZIONE<br>STRAORDINARIA DA REALIZZARSI SU IMPIANTI DI PUBBLICA<br>ILLUMINAZIONE CON ALTO TASSO DI FUORI SERVIZIO –<br>LAVORI DI RIQUALIFICAZIONE, MANUTENZIONE ED ESTENSIONE IN AMBITO<br>SMART DEGLI IMPIANTI DI PUBBLICA ILLUMINAZIONE SOTTESI AI QUADRI<br>SOPRANNOMINATI “MOIRA 2” (VIA MARTIN LUTHER KING) E “FIORDALISI”<br>(VIA FANELLI) E STRADE LIMITROFE.<br>PROCEDURA APERTA N. PN20017 CUP: J99C23002760006 CIG ACCORDO<br>QUADRO N. 85435139F4 CIG CONTRATTO ATTUATIVO N.11: A06D02A53A<br>IMPRESA APPALTATRICE: SOCIETÀ ICR IMPIANTI E COSTRUZIONI S.R.L.<br>CAPOGRUPPO CF/P.IVA 12487131000 SOCIETÀ MATI GROUP S.P.A<br>MANDANTE CF/P.IVA 02229530734<br>SUBAPPALTATORE: MIC.A. S.R.L. “UNIPERSONALE” CON SEDE LEGALE IN<br>BARI IN VIA SAN GIROLAMO N.41/B, C.F./P.IVA NR. 05372490721<br>PEC: ICRIMPIANTIECOSTRUZIONI@LEGALMAIL.IT<br><br>Durata e tempistiche: 04/05/2026 - 15/10/2026]]></description>
      <styleUrl>#line-F57C00-3519</styleUrl>
      <LineString>
        <tessellate>1</tessellate>
        <coordinates>
          16.8566958,41.100822,0
          16.8615345,41.100345,0
          16.8645064,41.1001752,0
          16.8672423,41.1000135,0
        </coordinates>
      </LineString>
    </Placemark>
    <Placemark>
      <name>ORDINANZA 2026/02396
DIVIETO DI SOSTA E FERMATA RESTRINGIMENTO DI CARREGGIATA E SENSO UNICO ALTERNATO 
VIA MARTIN LUTHER KING
VIA FANELLI E STRADE LIMITROFE
MANUTENZIONE ED ESTENSIONE IMPIANTI DI PUBBLICA ILLUMINAZIONE
RICHIEDENTE: SITE SPA PER CONTO DI E-DISTRIBUZIONE
04/05/2026 - 15/10/2026 </name>
      <description><![CDATA[Ordinanza: 2026/02396<br><br>https://drive.google.com/file/d/1VAcSdV2U_m7cBr_LJQvk9RRqIshT0g6c/view<br><br>PN20017 - ACCORDO QUADRO PER LAVORI DI MANUTENZIONE<br>STRAORDINARIA DA REALIZZARSI SU IMPIANTI DI PUBBLICA<br>ILLUMINAZIONE CON ALTO TASSO DI FUORI SERVIZIO –<br>LAVORI DI RIQUALIFICAZIONE, MANUTENZIONE ED ESTENSIONE IN AMBITO<br>SMART DEGLI IMPIANTI DI PUBBLICA ILLUMINAZIONE SOTTESI AI QUADRI<br>SOPRANNOMINATI “MOIRA 2” (VIA MARTIN LUTHER KING) E “FIORDALISI”<br>(VIA FANELLI) E STRADE LIMITROFE.<br>PROCEDURA APERTA N. PN20017 CUP: J99C23002760006 CIG ACCORDO<br>QUADRO N. 85435139F4 CIG CONTRATTO ATTUATIVO N.11: A06D02A53A<br>IMPRESA APPALTATRICE: SOCIETÀ ICR IMPIANTI E COSTRUZIONI S.R.L.<br>CAPOGRUPPO CF/P.IVA 12487131000 SOCIETÀ MATI GROUP S.P.A<br>MANDANTE CF/P.IVA 02229530734<br>SUBAPPALTATORE: MIC.A. S.R.L. “UNIPERSONALE” CON SEDE LEGALE IN<br>BARI IN VIA SAN GIROLAMO N.41/B, C.F./P.IVA NR. 05372490721<br>PEC: ICRIMPIANTIECOSTRUZIONI@LEGALMAIL.IT<br><br>Durata e tempistiche: 04/05/2026 - 15/10/2026]]></description>
      <styleUrl>#line-E65100-4488</styleUrl>
      <LineString>
        <tessellate>1</tessellate>
        <coordinates>
          16.8778329,41.1071843,0
          16.8780126,41.1067841,0
          16.8787609,41.105137,0
          16.878858,41.104896,0
          16.8790318,41.1037647,0
          16.8792088,41.1031139,0
          16.8794288,41.102263,0
          16.8796031,41.1014687,0
          16.8802522,41.0997972,0
          16.8805929,41.0992858,0
          16.8812044,41.0984126,0
          16.8819393,41.0972584,0
          16.8824865,41.096361,0
          16.8829854,41.0953261,0
          16.8830632,41.0948025,0
          16.883318,41.0937736,0
          16.8833931,41.0926073,0
          16.8836506,41.0916127,0
          16.8837471,41.0904241,0
          16.8836935,41.0907718,0
          16.88379,41.0903998,0
        </coordinates>
      </LineString>
    </Placemark>
    <Placemark>
      <name><![CDATA[ORDINANZA 2026/02416 
RESTRINGIMENTO CARREGGIATA, DIVIETO DI SOSTA AMBO I LATI 
SOTTOVIA QUINTINO SELLA DAL CIV.112 AD ANGOLO VIA GIUSEPPE CAPRUZZI
VIA GIUSEPPE CAPRUZZI DAL CIV. 256B AD ANGOLO VIA ANDREA ANGIULLI
VIA ANDREA ANGIULLI DAL CIV. 45 AD ANGOLO VIA GIUSEPPE CAPRUZZI
VIA GAETANO DE VITO FRANCESCO DAL CIV. 11 AD ANGOLO VIA CAPRUZZI
 LAVORI DI SCAVO PER POSA IMPIANTI SU SEDE STRADALE
IMPRESA ESECUTRICE: PATANO IMPIANTI & COSTRUZIONI S.R.L.
14/05//2026 - 31/12/2026 07:30-19:00
]]></name>
      <description><![CDATA[ORDINANZA 2026/02416 <br><br>https://drive.google.com/file/d/1ONTktk5OTM8Rs4C1eJUXjctGK1QbmASe/view<br><br>ISTITUZIONE TEMPORANEA RESTRINGIMENTO CARREGGIATA, DIVIETO DI SOSTA AMBO I LATI IN SOTTOVIA QUINTINO SELLA DAL CIV.112 AD ANGOLO VIA GIUSEPPE CAPRUZZI;- VIA GIUSEPPE CAPRUZZI DAL CIV. 256B AD ANGOLO VIA ANDREA ANGIULLI;-VIA ANDREA ANGIULLI DAL CIV. 45 AD ANGOLO VIA GIUSEPPE CAPRUZZI;-VIA GAETANO DE VITO FRANCESCO DAL CIV. 11 AD ANGOLO VIA CAPRUZZI, PER LAVORI DI SCAVO PER POSA IMPIANTI SU SEDE STRADALE DAL GIORNO 14/05/2026 AL GIORNO 31/12/2026 DALLE ORE 07:30 ALLE ORE 19:00. IMPRESA: PATANO IMPIANTI & COSTRUZIONI S.R.L. <br><br>Durata e tempistiche: 14/05//2026 - 31/12/2026 07:30-19:00]]></description>
      <styleUrl>#line-E65100-3713</styleUrl>
      <LineString>
        <tessellate>1</tessellate>
        <coordinates>
          16.8646749,41.1181519,0
          16.8624219,41.1179903,0
          16.8626365,41.1167536,0
          16.8652007,41.1169153,0
          16.8654689,41.116786,0
          16.8662521,41.1168345,0
          16.8662628,41.1163091,0
          16.866267,41.116894,0
          16.8746206,41.1173194,0
          16.8751248,41.1165192,0
        </coordinates>
      </LineString>
    </Placemark>
    <Placemark>
      <name><![CDATA[ORDINANZA 2026/02416 
RESTRINGIMENTO CARREGGIATA, DIVIETO DI SOSTA AMBO I LATI 
SOTTOVIA QUINTINO SELLA DAL CIV.112 AD ANGOLO VIA GIUSEPPE CAPRUZZI
VIA GIUSEPPE CAPRUZZI DAL CIV. 256B AD ANGOLO VIA ANDREA ANGIULLI
VIA ANDREA ANGIULLI DAL CIV. 45 AD ANGOLO VIA GIUSEPPE CAPRUZZI
VIA GAETANO DE VITO FRANCESCO DAL CIV. 11 AD ANGOLO VIA CAPRUZZI
 LAVORI DI SCAVO PER POSA IMPIANTI SU SEDE STRADALE
IMPRESA ESECUTRICE: PATANO IMPIANTI & COSTRUZIONI S.R.L.
14/05//2026 - 31/12/2026 07:30-19:00
]]></name>
      <description><![CDATA[ORDINANZA 2026/02416 <br><br>https://drive.google.com/file/d/1ONTktk5OTM8Rs4C1eJUXjctGK1QbmASe/view<br><br>ISTITUZIONE TEMPORANEA RESTRINGIMENTO CARREGGIATA, DIVIETO DI SOSTA AMBO I LATI IN SOTTOVIA QUINTINO SELLA DAL CIV.112 AD ANGOLO VIA GIUSEPPE CAPRUZZI;- VIA GIUSEPPE CAPRUZZI DAL CIV. 256B AD ANGOLO VIA ANDREA ANGIULLI;-VIA ANDREA ANGIULLI DAL CIV. 45 AD ANGOLO VIA GIUSEPPE CAPRUZZI;-VIA GAETANO DE VITO FRANCESCO DAL CIV. 11 AD ANGOLO VIA CAPRUZZI, PER LAVORI DI SCAVO PER POSA IMPIANTI SU SEDE STRADALE DAL GIORNO 14/05/2026 AL GIORNO 31/12/2026 DALLE ORE 07:30 ALLE ORE 19:00. IMPRESA: PATANO IMPIANTI & COSTRUZIONI S.R.L. <br><br>Durata e tempistiche: 14/05//2026 - 31/12/2026 07:30-19:00]]></description>
      <styleUrl>#icon-1541-E65100</styleUrl>
      <Point>
        <coordinates>
          16.865413,41.116991,0
        </coordinates>
      </Point>
    </Placemark>
    <Placemark>
      <name>ORDINANZA 2026/03973 
RESTRINGIMENTO CARREGGIATA E DIVIETO DI FERMATA
VIA APULIA TRA IL PONTE GARIBALDI E VIA PEUCETIA
LAVORI DI REALIZZAZIONE DI UN SISTEMA BRT PER LA CITTÀ DI BARI
IMPRESA ESECUTRICE:R.T.I. COBAR S.P.A. - MER MEC STE S.R.L.
01/09/2026 - 31/10/2026 
</name>
      <description><![CDATA[ORDINANZA 2026/03973 <br><br>https://drive.google.com/file/d/1Q1xJMUFc89uinkuAVdevowHrrLtAS_By/view<br><br>PROROGA ORDINANZA N. 2026/03754 LAVORI DI REALIZZAZIONE DI UN SISTEMA BRT PER LA CITTÀ DI BARI - FINANZIATO DALLA UNIONE EUROPEA NEXT GENERATION EU - TRASPORTO RAPIDO DI MASSA - MISURA M2C2 - INV 4.2 DEL PNRR - CUP: J91B21002850001 REGOLAMENTAZIONE TEMPORANEA DELLA CIRCOLAZIONE STRADALE SU VIA APULIA FINO AL 31.10.2026 IMPRESA ESECUTRICE: R.T.I. COBAR S.P.A. - MER MEC STE S.R.L. <br><br>Durata e tempistiche: 01/09/2026 - 31/10/2026 <br><br>PROROGATA FINO AL 31/08/2026<br>DALLA Ordinanza 2026/03754<br>https://drive.google.com/file/d/1yQOon1jOrIfEuTiT7J9Am6ev9rlEVk9w/view<br>---------------------<br>ORDINANZA 2026/03244 <br><br>https://drive.google.com/file/d/1Rflb657A5VBOZo4sdvOSWjj9R_9DzVyA/view<br><br><br>PROROGA ORDINANZA N. 2026/02739 LAVORI DI REALIZZAZIONE DI UN SISTEMA BRT PER LA CITTÀ DI BARI - FINANZIATO DALLA UNIONE EUROPEA NEXT GENERATION EU - TRASPORTO RAPIDO DI MASSA - MISURA M2C2 - INV 4.2 DEL PNRR - CUP: J91B21002850001 REGOLAMENTAZIONE TEMPORANEA DELLA CIRCOLAZIONE STRADALE SU VIA APULIA FINO AL 31.07.2026 IMPRESA ESECUTRICE: R.T.I. COBAR S.P.A. - MER MEC STE S.R.L. <br><br>Durata e tempistiche: 01/07/2026 - 31/07/2026<br><br>ORDINANZA 2026/02739 <br>https://drive.google.com/file/d/19RWgm_euw_WhTJpHgw9rT0m3NoQvz6-_/view<br><br>PROROGA ORDINANZA N. 2026/02428 LAVORI DI REALIZZAZIONE DI UN SISTEMA BRT PER LA CITTÀ DI BARI - FINANZIATO DALLA UNIONE EUROPEA NEXT GENERATION EU - TRASPORTO RAPIDO DI MASSA - MISURA M2C2 - INV 4.2 DEL PNRR - CUP: J91B21002850001 REGOLAMENTAZIONE TEMPORANEA DELLA CIRCOLAZIONE STRADALE SU VIA APULIA FINO AL 30.06.2026 IMPRESA ESECUTRICE: R.T.I. COBAR S.P.A. - MER MEC STE S.R.L. <br><br><br><br>Durata e tempistiche: 05/06/2026 - 30/06/2026 <br><br>ORDINANZA 2026/02428<br><br>https://drive.google.com/file/d/1VWY-nmAHEgE9mlstXn4LaOaHqrhVEZB5/view<br><br>LAVORI DI REALIZZAZIONE DI UN SISTEMA BRT PER LA CITTÀ DI BARI -<br>FINANZIATO DALLA UNIONE EUROPEA NEXT GENERATION EU -<br>TRASPORTO RAPIDO DI MASSA - MISURA M2C2 - INV 4.2 DEL PNRR - CUP:<br>J91B21002850001<br>REGOLAMENTAZIONE TEMPORANEA DELLA CIRCOLAZIONE STRADALE SU<br>VIA APULIA<br>IMPRESA ESECUTRICE: R.T.I. COBAR S.P.A. - MER MEC STE S.R.L.<br><br>Durata e Tempistiche: 07/05/2026 - 09/06/2026]]></description>
      <styleUrl>#icon-1541-E65100</styleUrl>
      <Point>
        <coordinates>
          16.8873594,41.1152792,0
        </coordinates>
      </Point>
    </Placemark>
    <Placemark>
      <name>ORDINANZA 2026/03973 
RESTRINGIMENTO CARREGGIATA E DIVIETO DI FERMATA
VIA APULIA TRA IL PONTE GARIBALDI E VIA PEUCETIA
LAVORI DI REALIZZAZIONE DI UN SISTEMA BRT PER LA CITTÀ DI BARI
IMPRESA ESECUTRICE:R.T.I. COBAR S.P.A. - MER MEC STE S.R.L.
01/09/2026 - 31/10/2026 
 
</name>
      <description><![CDATA[ORDINANZA 2026/03973 <br><br>https://drive.google.com/file/d/1Q1xJMUFc89uinkuAVdevowHrrLtAS_By/view<br><br>PROROGA ORDINANZA N. 2026/03754 LAVORI DI REALIZZAZIONE DI UN SISTEMA BRT PER LA CITTÀ DI BARI - FINANZIATO DALLA UNIONE EUROPEA NEXT GENERATION EU - TRASPORTO RAPIDO DI MASSA - MISURA M2C2 - INV 4.2 DEL PNRR - CUP: J91B21002850001 REGOLAMENTAZIONE TEMPORANEA DELLA CIRCOLAZIONE STRADALE SU VIA APULIA FINO AL 31.10.2026 IMPRESA ESECUTRICE: R.T.I. COBAR S.P.A. - MER MEC STE S.R.L. <br><br>Durata e tempistiche: 01/09/2026 - 31/10/2026 <br><br>PROROGATA FINO AL 31/08/2026<br>DALLA Ordinanza 2026/03754<br>https://drive.google.com/file/d/1yQOon1jOrIfEuTiT7J9Am6ev9rlEVk9w/view<br>------------------------<br>ORDINANZA 2026/03244 <br><br>https://drive.google.com/file/d/1Rflb657A5VBOZo4sdvOSWjj9R_9DzVyA/view<br><br><br>PROROGA ORDINANZA N. 2026/02739 LAVORI DI REALIZZAZIONE DI UN SISTEMA BRT PER LA CITTÀ DI BARI - FINANZIATO DALLA UNIONE EUROPEA NEXT GENERATION EU - TRASPORTO RAPIDO DI MASSA - MISURA M2C2 - INV 4.2 DEL PNRR - CUP: J91B21002850001 REGOLAMENTAZIONE TEMPORANEA DELLA CIRCOLAZIONE STRADALE SU VIA APULIA FINO AL 31.07.2026 IMPRESA ESECUTRICE: R.T.I. COBAR S.P.A. - MER MEC STE S.R.L. <br><br>Durata e tempistiche: 01/07/2026 - 31/07/2026<br><br>ORDINANZA 2026/02739 <br>https://drive.google.com/file/d/19RWgm_euw_WhTJpHgw9rT0m3NoQvz6-_/view<br><br>PROROGA ORDINANZA N. 2026/02428 LAVORI DI REALIZZAZIONE DI UN SISTEMA BRT PER LA CITTÀ DI BARI - FINANZIATO DALLA UNIONE EUROPEA NEXT GENERATION EU - TRASPORTO RAPIDO DI MASSA - MISURA M2C2 - INV 4.2 DEL PNRR - CUP: J91B21002850001 REGOLAMENTAZIONE TEMPORANEA DELLA CIRCOLAZIONE STRADALE SU VIA APULIA FINO AL 30.06.2026 IMPRESA ESECUTRICE: R.T.I. COBAR S.P.A. - MER MEC STE S.R.L. <br><br><br><br>Durata e tempistiche: 05/06/2026 - 30/06/2026 <br><br>ORDINANZA 2026/02428<br><br>https://drive.google.com/file/d/1VWY-nmAHEgE9mlstXn4LaOaHqrhVEZB5/view<br><br>LAVORI DI REALIZZAZIONE DI UN SISTEMA BRT PER LA CITTÀ DI BARI -<br>FINANZIATO DALLA UNIONE EUROPEA NEXT GENERATION EU -<br>TRASPORTO RAPIDO DI MASSA - MISURA M2C2 - INV 4.2 DEL PNRR - CUP:<br>J91B21002850001<br>REGOLAMENTAZIONE TEMPORANEA DELLA CIRCOLAZIONE STRADALE SU<br>VIA APULIA<br>IMPRESA ESECUTRICE: R.T.I. COBAR S.P.A. - MER MEC STE S.R.L.<br><br>Durata e Tempistiche: 07/05/2026 - 09/06/2026]]></description>
      <styleUrl>#line-E65100-4100</styleUrl>
      <LineString>
        <tessellate>1</tessellate>
        <coordinates>
          16.8883854,41.1168089,0
          16.8877792,41.115843,0
          16.887424,41.115244,0
          16.887422,41.115121,0
          16.8875003,41.1151701,0
          16.8878409,41.1157218,0
          16.8879884,41.1158531,0
          16.8885329,41.1165644,0
          16.8886349,41.1167281,0
        </coordinates>
      </LineString>
    </Placemark>
    <Placemark>
      <name>ORDINANZA 2026/03974 
RESTRINGIMENTO DI CARREGGIATA E DIVIETO DI FERMATA
VIA GIUSEPPE DI VAGNO TRA PIAZZA GRAMSCI E LUNGOMARE NAZARIO SAURO
LAVORI DI REALIZZAZIONE DI UN SISTEMA BRT PER LA CITTÀ DI BARI
IMPRESA ESECUTRICE: R.T.I. COBAR S.P.A. - MER MEC STE S.R.L.
01/09/2026 - 31/10/2026 
</name>
      <description><![CDATA[ORDINANZA 2026/03974 <br><br>https://drive.google.com/file/d/1yOIXh0OyXYcukvlGZLzjzS1bkIzJGLnF/view<br><br>PROROGA DELL’ORDINANZA DIRIGENZIALE N. 2026/03753 LAVORI DI REALIZZAZIONE DI UN SISTEMA BRT PER LA CITTÀ DI BARI - FINANZIATO DALLA UNIONE EUROPEA NEXT GENERATION EU - TRASPORTO RAPIDO DI MASSA - MISURA M2C2 - INV 4.2 DEL PNRR - CUP: J91B21002850001 REGOLAMENTAZIONE TEMPORANEA DELLA CIRCOLAZIONE STRADALE SU VIA GIUSEPPE DI VAGNO FINO AL 31.10.2026 IMPRESA ESECUTRICE: R.T.I. COBAR S.P.A. - MER MEC STE S.R.L. <br><br>Durata e tempistiche: 01/09/2026 - 31/10/2026 <br><br>PROROGATA FINO AL 31/08/2026<br>DALLA Ordinanza 2026/03753<br>https://drive.google.com/file/d/1ZTCtgURQ_Oqy5sB24SZ8VHv16dJIF-5q/view<br>--------<br>ORDINANZA 2026/03243 <br><br>https://drive.google.com/file/d/1z95u-psqzumPG1YvEuk46xbW1Ny1mwU4/view<br><br><br>PROROGA DELL’ORDINANZA DIRIGENZIALE N. 2026/02684 LAVORI DI REALIZZAZIONE DI UN SISTEMA BRT PER LA CITTÀ DI BARI - FINANZIATO DALLA UNIONE EUROPEA NEXT GENERATION EU - TRASPORTO RAPIDO DI MASSA - MISURA M2C2 - INV 4.2 DEL PNRR - CUP: J91B21002850001 REGOLAMENTAZIONE TEMPORANEA DELLA CIRCOLAZIONE STRADALE SU VIA GIUSEPPE DI VAGNO FINO AL 31.07.2026 IMPRESA ESECUTRICE: R.T.I. COBAR S.P.A. - MER MEC STE S.R.L. <br><br>Durata e tempistiche: 01/07/2026 - 31/07/2026 <br><br>ORDINANZA 2026/02684 <br>https://drive.google.com/file/d/1FVTrK_R62YRYpkPCgj-cweoa19CGSofY/view<br><br>PROROGA DELL’ORDINANZA DIRIGENZIALE N. 2026/02426 LAVORI DI REALIZZAZIONE DI UN SISTEMA BRT PER LA CITTÀ DI BARI - FINANZIATO DALLA UNIONE EUROPEA NEXT GENERATION EU - TRASPORTO RAPIDO DI MASSA - MISURA M2C2 - INV 4.2 DEL PNRR - CUP: J91B21002850001 REGOLAMENTAZIONE TEMPORANEA DELLA CIRCOLAZIONE STRADALE SU VIA GIUSEPPE DI VAGNO FINO AL 30.06.2026 IMPRESA ESECUTRICE: R.T.I. COBAR S.P.A. - MER MEC STE S.R.L. <br><br>Durata e tempistiche: 01/06/2026 - 30/06/2026 <br><br>Ordinanza: 2026/02426<br><br>https://drive.google.com/file/d/1QoPxzBqghkwTyQSrPdk_VQb1y88h-UHk/view<br><br>LAVORI DI REALIZZAZIONE DI UN SISTEMA BRT PER LA CITTÀ DI BARI -<br>FINANZIATO DALLA UNIONE EUROPEA NEXT GENERATION EU -<br>TRASPORTO RAPIDO DI MASSA - MISURA M2C2 - INV 4.2 DEL PNRR - CUP:<br>J91B21002850001<br>REGOLAMENTAZIONE TEMPORANEA DELLA CIRCOLAZIONE STRADALE SU<br>VIA GIUSEPPE DI VAGNO<br>IMPRESA ESECUTRICE: R.T.I. COBAR S.P.A. - MER MEC STE S.R.L.<br><br>Durata e tempistiche: 07/05/2026 - 07/06/2026]]></description>
      <styleUrl>#icon-1541-E65100</styleUrl>
      <Point>
        <coordinates>
          16.8895716,41.1192558,0
        </coordinates>
      </Point>
    </Placemark>
    <Placemark>
      <name>ORDINANZA 2026/03974 
RESTRINGIMENTO DI CARREGGIATA E DIVIETO DI FERMATA
VIA GIUSEPPE DI VAGNO TRA PIAZZA GRAMSCI E LUNGOMARE NAZARIO SAURO
LAVORI DI REALIZZAZIONE DI UN SISTEMA BRT PER LA CITTÀ DI BARI
IMPRESA ESECUTRICE: R.T.I. COBAR S.P.A. - MER MEC STE S.R.L.
01/09/2026 - 31/10/2026 
</name>
      <description><![CDATA[ORDINANZA 2026/03974 <br><br>https://drive.google.com/file/d/1yOIXh0OyXYcukvlGZLzjzS1bkIzJGLnF/view<br><br>PROROGA DELL’ORDINANZA DIRIGENZIALE N. 2026/03753 LAVORI DI REALIZZAZIONE DI UN SISTEMA BRT PER LA CITTÀ DI BARI - FINANZIATO DALLA UNIONE EUROPEA NEXT GENERATION EU - TRASPORTO RAPIDO DI MASSA - MISURA M2C2 - INV 4.2 DEL PNRR - CUP: J91B21002850001 REGOLAMENTAZIONE TEMPORANEA DELLA CIRCOLAZIONE STRADALE SU VIA GIUSEPPE DI VAGNO FINO AL 31.10.2026 IMPRESA ESECUTRICE: R.T.I. COBAR S.P.A. - MER MEC STE S.R.L. <br><br>Durata e tempistiche: 01/09/2026 - 31/10/2026 <br><br>PROROGATA FINO AL 31/08/2026<br>DALLA Ordinanza 2026/03753<br>https://drive.google.com/file/d/1ZTCtgURQ_Oqy5sB24SZ8VHv16dJIF-5q/view<br>---------------------<br>ORDINANZA 2026/03243 <br><br>https://drive.google.com/file/d/1z95u-psqzumPG1YvEuk46xbW1Ny1mwU4/view<br><br><br>PROROGA DELL’ORDINANZA DIRIGENZIALE N. 2026/02684 LAVORI DI REALIZZAZIONE DI UN SISTEMA BRT PER LA CITTÀ DI BARI - FINANZIATO DALLA UNIONE EUROPEA NEXT GENERATION EU - TRASPORTO RAPIDO DI MASSA - MISURA M2C2 - INV 4.2 DEL PNRR - CUP: J91B21002850001 REGOLAMENTAZIONE TEMPORANEA DELLA CIRCOLAZIONE STRADALE SU VIA GIUSEPPE DI VAGNO FINO AL 31.07.2026 IMPRESA ESECUTRICE: R.T.I. COBAR S.P.A. - MER MEC STE S.R.L. <br><br>Durata e tempistiche: 01/07/2026 - 31/07/2026 <br><br>ORDINANZA 2026/02684 <br>https://drive.google.com/file/d/1FVTrK_R62YRYpkPCgj-cweoa19CGSofY/view<br><br>PROROGA DELL’ORDINANZA DIRIGENZIALE N. 2026/02426 LAVORI DI REALIZZAZIONE DI UN SISTEMA BRT PER LA CITTÀ DI BARI - FINANZIATO DALLA UNIONE EUROPEA NEXT GENERATION EU - TRASPORTO RAPIDO DI MASSA - MISURA M2C2 - INV 4.2 DEL PNRR - CUP: J91B21002850001 REGOLAMENTAZIONE TEMPORANEA DELLA CIRCOLAZIONE STRADALE SU VIA GIUSEPPE DI VAGNO FINO AL 30.06.2026 IMPRESA ESECUTRICE: R.T.I. COBAR S.P.A. - MER MEC STE S.R.L. <br><br>Durata e tempistiche: 01/06/2026 - 30/06/2026 <br><br>Ordinanza: 2026/02426<br><br>https://drive.google.com/file/d/1QoPxzBqghkwTyQSrPdk_VQb1y88h-UHk/view<br><br>LAVORI DI REALIZZAZIONE DI UN SISTEMA BRT PER LA CITTÀ DI BARI -<br>FINANZIATO DALLA UNIONE EUROPEA NEXT GENERATION EU -<br>TRASPORTO RAPIDO DI MASSA - MISURA M2C2 - INV 4.2 DEL PNRR - CUP:<br>J91B21002850001<br>REGOLAMENTAZIONE TEMPORANEA DELLA CIRCOLAZIONE STRADALE SU<br>VIA GIUSEPPE DI VAGNO<br>IMPRESA ESECUTRICE: R.T.I. COBAR S.P.A. - MER MEC STE S.R.L.<br><br>Durata e tempistiche: 07/05/2026 - 07/06/2026]]></description>
      <styleUrl>#line-E65100-3519</styleUrl>
      <LineString>
        <tessellate>1</tessellate>
        <coordinates>
          16.8891823,41.1182864,0
          16.8894854,41.1189957,0
          16.8895551,41.1191432,0
          16.8896168,41.1192604,0
          16.8897053,41.1192301,0
          16.8892789,41.1182622,0
        </coordinates>
      </LineString>
    </Placemark>
    <Placemark>
      <name>ORDINANZA 2026/03986
RESTRINGIMENTO CARREGGIATA, DIVIETO DI FERMATA
VIA BRIGATA REGINA
LAVORI DI REALIZZAZIONE DI UN SISTEMA BRT PER LA CITTÀ DI BARI -
IMPRESA ESECUTRICE:R.T.I. COBAR S.P.A. - MER MEC STE S.R.L. 
01/09/2026 - 31/10/2026
</name>
      <description><![CDATA[ORDINANZA 2026/03986<br>https://drive.google.com/file/d/19MJQDTaP0jmgVS9XsEtHd1roY4BZAXXD/view<br>PROROGA ORDINANZA DIRIGENZIALE N 2026/03733<br><br>LAVORI DI REALIZZAZIONE DI UN SISTEMA BRT PER LA CITTÀ DI BARI -<br>FINANZIATO DALLA UNIONE EUROPEA NEXT GENERATION EU -<br>TRASPORTO RAPIDO DI MASSA - MISURA M2C2 - INV 4.2 DEL PNRR - CUP:<br>J91B21002850001<br>TERMINE E DURATA: DAL GIORNO 01/09/2026 AL 31/10/2026<br>ORDINANZA 2026/03986<br>https://drive.google.com/file/d/19MJQDTaP0jmgVS9XsEtHd1roY4BZAXXD/view<br>PROROGA ORDINANZA DIRIGENZIALE N 2026/03733<br><br>LAVORI DI REALIZZAZIONE DI UN SISTEMA BRT PER LA CITTÀ DI BARI -<br>FINANZIATO DALLA UNIONE EUROPEA NEXT GENERATION EU -<br>TRASPORTO RAPIDO DI MASSA - MISURA M2C2 - INV 4.2 DEL PNRR - CUP:<br>J91B21002850001<br>TERMINE E DURATA: DAL GIORNO 01/09/2026 AL 31/10/2026<br><br>PROROGATA FINO AL 31/08/2026 DALLA 2026/03733<br>https://drive.google.com/file/d/1KD-mhxZK5XkTngalmgxeYNoWzHTuIQrp/view<br><br>2026/03165<br><br>https://drive.google.com/file/d/1D2Jm3LkbBSTc1BeJVWsSyzCgldfY9nQ-/view<br><br>PROROGA ORDINANZA DIRIGENZIALE N 2026/02735<br>LAVORI DI REALIZZAZIONE DI UN SISTEMA BRT PER LA CITTÀ DI BARI -<br>FINANZIATO DALLA UNIONE EUROPEA NEXT GENERATION EU -<br>TRASPORTO RAPIDO DI MASSA - MISURA M2C2 - INV 4.2 DEL PNRR - CUP:<br>J91B21002850001<br>REGOLAMENTAZIONE TEMPORANEA DELLA CIRCOLAZIONE STRADALE SU<br>VIA BRIGATA REGINA FINO AL GIORNO 31.07.2026 IMPRESA ESECUTRICE:<br>R.T.I. COBAR S.P.A. - MER MEC STE S.R.L.<br><br>29/06/2026 - 31/07/2026<br><br>ORDINANZA 2026/02735 <br>https://drive.google.com/file/d/1whbI_AFBnt2bTxuh6MhXOI61TjGiN9dk/view<br><br>PROROGA ORDINANZA N 2026/02423 LAVORI DI REALIZZAZIONE DI UN SISTEMA BRT PER LA CITTÀ DI BARI - FINANZIATO DALLA UNIONE EUROPEA NEXT GENERATION EU - TRASPORTO RAPIDO DI MASSA - MISURA M2C2 - INV 4.2 DEL PNRR - CUP: J91B21002850001 REGOLAMENTAZIONE TEMPORANEA DELLA CIRCOLAZIONE STRADALE SU VIA BRIGATA REGINA FINO AL GIORNO 30.06.2026 IMPRESA ESECUTRICE: R.T.I. COBAR S.P.A. - MER MEC STE S.R.L. <br><br>a) L’istituzione del restringimento di carreggiata a tutti i veicoli su: i) Via Brigata Regina. b) L’istituzione del divieto di fermata a tutti i veicoli su: i) Via Brigata Regina, ambo i lati. 2) Dagli obblighi e divieti di cui al punto 1) sono esclusi: i) i veicoli al servizio, ovvero di proprietà dell’impresa esecutrice dei lavori e sue subappaltatrici; ii) i veicoli delle forze dell’ordine, dei vigili del fuoco e delle ambulanze durante l’espletamento di servizi d’istituto e di soccorso pubblico e d’emergenza; <br><br>Durata e tempistiche: 05/06/2026 - 30/06/2026 <br><br>ORDINANZA 2026/02423<br><br>https://drive.google.com/file/d/1bshBWOMO9zRgpCMk9wEHIh_hbfD-KAr9/view<br><br>LAVORI DI REALIZZAZIONE DI UN SISTEMA BRT PER LA CITTÀ DI BARI -<br>FINANZIATO DALLA UNIONE EUROPEA NEXT GENERATION EU -<br>TRASPORTO RAPIDO DI MASSA - MISURA M2C2 - INV 4.2 DEL PNRR - CUP:<br>J91B21002850001<br>REGOLAMENTAZIONE TEMPORANEA DELLA CIRCOLAZIONE STRADALE SU<br>VIA BRIGATA REGINA <br>IMPRESA ESECUTRICE: R.T.I. COBAR S.P.A. - MER MEC STE S.R.L.<br><br>Durata e tempistiche: 11/05/2026 - 11/06/2026]]></description>
      <styleUrl>#icon-1541-E65100</styleUrl>
      <Point>
        <coordinates>
          16.8518475,41.1290206,0
        </coordinates>
      </Point>
    </Placemark>
    <Placemark>
      <name>ORDINANZA 2026/03165 
DIVIETO DI FERMATA, RESTRINGIMENTO CARREGGIATA
VIA BRIGATA REGINA
LAVORI DI REALIZZAZIONE DI UN SISTEMA BRT PER LA CITTÀ DI BARI
IMPRESA ESECUTRICE: R.T.I. COBAR S.P.A. - MER MEC STE S.R.L. 
29/06/2026 - 31/08/2026  
</name>
      <description><![CDATA[PROROGATA FINO AL 31/08/2026 DALLA 2026/03733<br>https://drive.google.com/file/d/1KD-mhxZK5XkTngalmgxeYNoWzHTuIQrp/view<br><br>2026/03165<br><br>https://drive.google.com/file/d/1D2Jm3LkbBSTc1BeJVWsSyzCgldfY9nQ-/view<br><br>PROROGA ORDINANZA DIRIGENZIALE N 2026/02735<br>LAVORI DI REALIZZAZIONE DI UN SISTEMA BRT PER LA CITTÀ DI BARI -<br>FINANZIATO DALLA UNIONE EUROPEA NEXT GENERATION EU -<br>TRASPORTO RAPIDO DI MASSA - MISURA M2C2 - INV 4.2 DEL PNRR - CUP:<br>J91B21002850001<br>REGOLAMENTAZIONE TEMPORANEA DELLA CIRCOLAZIONE STRADALE SU<br>VIA BRIGATA REGINA FINO AL GIORNO 31.07.2026 IMPRESA ESECUTRICE:<br>R.T.I. COBAR S.P.A. - MER MEC STE S.R.L.<br><br>29/06/2026 - 31/07/2026<br><br>ORDINANZA 2026/02735 <br>https://drive.google.com/file/d/1whbI_AFBnt2bTxuh6MhXOI61TjGiN9dk/view<br><br>PROROGA ORDINANZA N 2026/02423 LAVORI DI REALIZZAZIONE DI UN SISTEMA BRT PER LA CITTÀ DI BARI - FINANZIATO DALLA UNIONE EUROPEA NEXT GENERATION EU - TRASPORTO RAPIDO DI MASSA - MISURA M2C2 - INV 4.2 DEL PNRR - CUP: J91B21002850001 REGOLAMENTAZIONE TEMPORANEA DELLA CIRCOLAZIONE STRADALE SU VIA BRIGATA REGINA FINO AL GIORNO 30.06.2026 IMPRESA ESECUTRICE: R.T.I. COBAR S.P.A. - MER MEC STE S.R.L. <br><br>a) L’istituzione del restringimento di carreggiata a tutti i veicoli su: i) Via Brigata Regina. b) L’istituzione del divieto di fermata a tutti i veicoli su: i) Via Brigata Regina, ambo i lati. 2) Dagli obblighi e divieti di cui al punto 1) sono esclusi: i) i veicoli al servizio, ovvero di proprietà dell’impresa esecutrice dei lavori e sue subappaltatrici; ii) i veicoli delle forze dell’ordine, dei vigili del fuoco e delle ambulanze durante l’espletamento di servizi d’istituto e di soccorso pubblico e d’emergenza; <br><br>Durata e tempistiche: 05/06/2026 - 30/06/2026 <br><br>ORDINANZA 2026/02423<br><br>https://drive.google.com/file/d/1bshBWOMO9zRgpCMk9wEHIh_hbfD-KAr9/view<br><br>LAVORI DI REALIZZAZIONE DI UN SISTEMA BRT PER LA CITTÀ DI BARI -<br>FINANZIATO DALLA UNIONE EUROPEA NEXT GENERATION EU -<br>TRASPORTO RAPIDO DI MASSA - MISURA M2C2 - INV 4.2 DEL PNRR - CUP:<br>J91B21002850001<br>REGOLAMENTAZIONE TEMPORANEA DELLA CIRCOLAZIONE STRADALE SU<br>VIA BRIGATA REGINA IMPRESA ESECUTRICE: R.T.I. COBAR S.P.A. - MER MEC STE S.R.L.<br><br>Durata e tempistiche: 11/05/2026 - 11/06/2026]]></description>
      <styleUrl>#line-E65100-3906</styleUrl>
      <LineString>
        <tessellate>1</tessellate>
        <coordinates>
          16.85181,41.129059,0
          16.851478,41.1288284,0
          16.851567,41.1271899,0
          16.8517623,41.1251776,0
          16.8519286,41.1232804,0
          16.8519541,41.1220913,0
        </coordinates>
      </LineString>
    </Placemark>
    <Placemark>
      <name>ORDINANZA 2026/02454
DIVIETO DI SOSTA E DI FERMATA, RESTRINGIMENTO CARREGGIATA E SENSO UNICO ALTERNATO
VIA VACCARELLA
VIA UGO FOSCOLO
VIA SANT’ANGELO
STRADA SAN NICOLA
COSTRUZIONE DELLA RETE DI FOGNA BIANCA COMUNALE
IMPRESA ESECUTRICE:FAP SRL
12/05/2026 - 31/12/2026</name>
      <description><![CDATA[ORDINANZA 2026/02454<br><br>https://drive.google.com/file/d/1ZI6AluNuxednc3wf3nY7exUCBS5UbTqV/view<br><br>PN21006. ACCORDO QUADRO PER LAVORI DI COSTRUZIONE DELLA<br>FOGNATURA PLUVIALE A SERVIZIO DELLE EX FRAZIONI CEGLIE E<br>CARBONARA. ORDINANZA PER DIVIETO DI SOSTA E DI FERMATA,<br>RESTRINGIMENTO CARREGGIATA E SENSO UNICO ALTERNATO IN VIA<br>VACCARELLA, VIA UGO FOSCOLO, VIA SANT’ANGELO, STRADA SAN<br>NICOLA, PER LAVORI DI NUOVA COSTRUZIONE DELLA RETE DI FOGNA<br>BIANCA COMUNALE. 2° E 3° CONTRATTO ATTUATIVO – CIG 8551675973,<br>DALL’ESECUTIVITÀ DELL’ATTO SINO AL 31/12/2026.<br>IMPRESA:FAP SRL<br><br>Durata e tempistiche: 12/05/2026 - 31/12/2026]]></description>
      <styleUrl>#icon-1541-E65100</styleUrl>
      <Point>
        <coordinates>
          16.8635765,41.0661185,0
        </coordinates>
      </Point>
    </Placemark>
    <Placemark>
      <name>ORDINANZA 2026/04070
DIVIETO DI SOSTA RIMOZIONE COATTA
VIA CIMAROSA DA LUNGOMARE IX MAGGIO
DIVIETO DI TRANSITO
LUNGOMARE IX MAGGIO TRATTO TRA VIA SILANO E VIA CIMAROSA
TEMPORANEA INVERSIONE DEL SENSO UNICO DI CIRCOLAZIONE SU VIA SILANO CON DIREZIONE DI MARCIA LUNGOMARE IX MAGGIO VERSO VIA BELLEZZA
POSIZIONAMENTO TEMPORANEO DI AUTOBETONIERE
IMPRESA ESECUTRICE:NOVA TYRRENA S.R.L.
16/05/2026 - 14/12/2026</name>
      <description><![CDATA[prorogata fino al 14/12/2026 dalla ORDINANZA 2026/04070<br>https://drive.google.com/file/d/15WDrEhQCOhDQ92kyNKStp01IUVQ3EVji/view<br><br>ORDINANZA 2026/02452<br><br>https://drive.google.com/file/d/1U3fuyRICTm3W7waBRUKAOSbSup7DdxT-/view<br><br>ORDINANZA PER ISTITUZIONE TEMPORANEA DEL DIVIETO DI SOSTA –<br>RIMOZIONE COATTA SU VIA CIMAROSA DA LUNGOMARE IX MAGGIO PER<br>DIVIETO DI TRANSITO VEICOLARE SUL LUNGOMARE IX MAGGIO TRATTO<br>TRA VIA SILANO E VIA CIMAROSA CON TEMPORANEA INVERSIONE DEL<br>SENSO UNICO DI CIRCOLAZIONE SULLA VIA SILANO CON DIREZIONE DI<br>MARCIA LUNGOMARE IX MAGGIO VERSO LA VIA BELLEZZA PER<br>POSIZIONAMENTO TEMPORANEO DI AUTOBETONIERE PER SCARICO CLS E<br>VEICOLI PER SCARICO MATERIALE DI CANTIERE DAL GIORNO.<br>ISTANTE: GAUDINO ARCANGELO (AMMINISTRATORE UNICO NOVA<br>TYRRENA SRL).<br>SOCIETÀ: NOVA TYRRENA S.R.L.<br><br>Durata e tempistiche: 16/05/2026 - 10/08/2026]]></description>
      <styleUrl>#icon-1541-E65100</styleUrl>
      <Point>
        <coordinates>
          16.8128856,41.1396944,0
        </coordinates>
      </Point>
    </Placemark>
    <Placemark>
      <name>ORDINANZA 2026/03650 
DIVIETO DI TRANSITO VEICOLARE 
VIA AMEDEO DI SAVOIA DUCA D’AOSTA TRA VIA NISIO E VIA ADA DEL VECCHIO GUELFI 
DELIMITAZIONE AREA DI CANTIERE 
IMPRESA ESECUTRICE: EDILIZIA E AMBIENTE S.R.L. 
03/08/2026 - 30/10/2026 
</name>
      <description><![CDATA[ORDINANZA 2026/03650 <br><br>https://drive.google.com/file/d/17XBR-2iYVfFbkzkT37gaftR5rbHPqGfl/view<br><br>ISTITUZIONE TEMPORANEA DEL DIVIETO DI TRANSITO VEICOLARE SU VIA AMEDEO DI SAVOIA DUCA D’AOSTA NEL TRATTO DI STRADA COMPRESO TRA VIA NISIO E VIA ADA DEL VECCHIO GUELFI E DEROGA AL DIVIETO DI TRANSITO PER I VEICOLI CON MASSA COMPLESSIVA SUP. AI 3,5 T VIGENTE SU VIA NISIO, PER I MEZZI DIRETTI AL CANTIERE EDILE, PER DELIMITAZIONE AREA DI CANTIERE CON POSIZIONAMENTO VEICOLI PER GETTO CLS PER DATE E ORARI CHE SI ALLEGANO AL PRESENTE ATTO. ISTANTE: VERNOLA FERDINANDO SOCIETÀ: EDILIZIA E AMBIENTE S.R.L. <br><br>Durata e tempistiche: 03/08/2026 - 30/10/2026<br><br>ORDINANZA 2026/02448 <br><br>https://drive.google.com/file/d/1cQlQg6osMXHj0qZUc4LsR1UC8xeC4aBh/view<br><br>ISTITUZIONE TEMPORANEA DEL DIVIETO DI TRANSITO VEICOLARE SU VIA AMEDEO DI SAVOIA DUCA D’AOSTA NEL TRATTO DI STRADA COMPRESO TRA VIA NISIO E VIA ADA DEL VECCHIO GUELFI E DEROGA AL DIVIETO DI TRANSITO PER I VEICOLI CON MASSA COMPLESSIVA SUP. AI 3,5 T VIGENTE SU VIA NISIO, PER I MEZZI DIRETTI AL CANTIERE EDILE, PER DELIMITAZIONE AREA DI CANTIERE CON POSIZIONAMENTO VEICOLI PER GETTO CLS PER DATE E ORARI CHE SI ALLEGANO AL PRESENTE ATTO. ISTANTE: VERNOLA FERDINANDO SOCIETÀ: EDILIZIA E AMBIENTE S.R.L <br><br>Durata e tempistiche: 18/05//2026 - 31/07/2026]]></description>
      <styleUrl>#icon-1541-E65100</styleUrl>
      <Point>
        <coordinates>
          16.767771,41.1533534,0
        </coordinates>
      </Point>
    </Placemark>
    <Placemark>
      <name>ORDINANZA 2026/03650 
DIVIETO DI TRANSITO VEICOLARE 
VIA AMEDEO DI SAVOIA DUCA D’AOSTA TRA VIA NISIO E VIA ADA DEL VECCHIO GUELFI 
DELIMITAZIONE AREA DI CANTIERE 
IMPRESA ESECUTRICE: EDILIZIA E AMBIENTE S.R.L. 
03/08/2026 - 30/10/2026
</name>
      <description><![CDATA[ORDINANZA 2026/03650 <br><br>https://drive.google.com/file/d/17XBR-2iYVfFbkzkT37gaftR5rbHPqGfl/view<br><br>ISTITUZIONE TEMPORANEA DEL DIVIETO DI TRANSITO VEICOLARE SU VIA AMEDEO DI SAVOIA DUCA D’AOSTA NEL TRATTO DI STRADA COMPRESO TRA VIA NISIO E VIA ADA DEL VECCHIO GUELFI E DEROGA AL DIVIETO DI TRANSITO PER I VEICOLI CON MASSA COMPLESSIVA SUP. AI 3,5 T VIGENTE SU VIA NISIO, PER I MEZZI DIRETTI AL CANTIERE EDILE, PER DELIMITAZIONE AREA DI CANTIERE CON POSIZIONAMENTO VEICOLI PER GETTO CLS PER DATE E ORARI CHE SI ALLEGANO AL PRESENTE ATTO. ISTANTE: VERNOLA FERDINANDO SOCIETÀ: EDILIZIA E AMBIENTE S.R.L. <br><br>Durata e tempistiche: 03/08/2026 - 30/10/2026<br><br>ORDINANZA 2026/02448 <br><br>https://drive.google.com/file/d/1cQlQg6osMXHj0qZUc4LsR1UC8xeC4aBh/view<br><br>ISTITUZIONE TEMPORANEA DEL DIVIETO DI TRANSITO VEICOLARE SU VIA AMEDEO DI SAVOIA DUCA D’AOSTA NEL TRATTO DI STRADA COMPRESO TRA VIA NISIO E VIA ADA DEL VECCHIO GUELFI E DEROGA AL DIVIETO DI TRANSITO PER I VEICOLI CON MASSA COMPLESSIVA SUP. AI 3,5 T VIGENTE SU VIA NISIO, PER I MEZZI DIRETTI AL CANTIERE EDILE, PER DELIMITAZIONE AREA DI CANTIERE CON POSIZIONAMENTO VEICOLI PER GETTO CLS PER DATE E ORARI CHE SI ALLEGANO AL PRESENTE ATTO. ISTANTE: VERNOLA FERDINANDO SOCIETÀ: EDILIZIA E AMBIENTE S.R.L <br><br>Durata e tempistiche: 18/05//2026 - 31/07/2026]]></description>
      <styleUrl>#line-E65100-2163</styleUrl>
      <LineString>
        <tessellate>1</tessellate>
        <coordinates>
          16.7678461,41.1534019,0
          16.7678461,41.1530869,0
        </coordinates>
      </LineString>
    </Placemark>
    <Placemark>
      <name>ORDINANZA 2026/02454
DIVIETO DI SOSTA E DI FERMATA, RESTRINGIMENTO CARREGGIATA E SENSO UNICO ALTERNATO
VIA VACCARELLA
VIA UGO FOSCOLO
VIA SANT’ANGELO
STRADA SAN NICOLA
COSTRUZIONE DELLA RETE DI FOGNA BIANCA COMUNALE
IMPRESA ESECUTRICE:FAP SRL
12/05/2026 - 31/12/2026</name>
      <description><![CDATA[ORDINANZA 2026/02454<br><br>https://drive.google.com/file/d/1ZI6AluNuxednc3wf3nY7exUCBS5UbTqV/view<br><br>PN21006. ACCORDO QUADRO PER LAVORI DI COSTRUZIONE DELLA<br>FOGNATURA PLUVIALE A SERVIZIO DELLE EX FRAZIONI CEGLIE E<br>CARBONARA. ORDINANZA PER DIVIETO DI SOSTA E DI FERMATA,<br>RESTRINGIMENTO CARREGGIATA E SENSO UNICO ALTERNATO IN VIA<br>VACCARELLA, VIA UGO FOSCOLO, VIA SANT’ANGELO, STRADA SAN<br>NICOLA, PER LAVORI DI NUOVA COSTRUZIONE DELLA RETE DI FOGNA<br>BIANCA COMUNALE. 2° E 3° CONTRATTO ATTUATIVO – CIG 8551675973,<br>DALL’ESECUTIVITÀ DELL’ATTO SINO AL 31/12/2026.<br>IMPRESA:FAP SRL<br><br>Durata e tempistiche: 12/05/2026 - 31/12/2026]]></description>
      <styleUrl>#line-E65100-3906</styleUrl>
      <LineString>
        <tessellate>1</tessellate>
        <coordinates>
          16.8635491,41.0715622,0
          16.8643725,41.0701952,0
          16.8646622,41.06954,0
          16.8650511,41.0691578,0
          16.8652335,41.0689839,0
          16.8654132,41.0686907,0
          16.8655328,41.0682636,0
          16.8654642,41.0682155,0
          16.8654615,41.0681205,0
          16.8656332,41.0680719,0
          16.8657458,41.0681609,0
          16.8658907,41.0678657,0
          16.8660838,41.0669799,0
          16.8662018,41.0662964,0
          16.8661696,41.0660942,0
          16.8661106,41.066074,0
          16.8658209,41.0660821,0
          16.8658719,41.0659911,0
          16.8645844,41.0660841,0
          16.8635035,41.0659749,0
          16.8644959,41.0660881,0
          16.865896,41.0660174,0
          16.8658612,41.0661063,0
          16.8661777,41.0660639,0
          16.8661723,41.0663369,0
          16.8661187,41.0666908,0
          16.8660677,41.0671781,0
          16.8659899,41.0675947,0
          16.8659309,41.0677666,0
          16.8657914,41.0681407,0
          16.8657029,41.0682297,0
          16.8656198,41.0682863,0
          16.8658075,41.068624,0
          16.8660489,41.0689415,0
          16.8665612,41.0694612,0
          16.8671808,41.0701366,0
          16.8674008,41.0704176,0
          16.8680016,41.071273,0
          16.8681518,41.0716066,0
          16.8686882,41.0725631,0
          16.8688143,41.0728199,0
          16.8692998,41.0735033,0
          16.8694258,41.0736368,0
          16.8694246,41.0736226,0
        </coordinates>
      </LineString>
    </Placemark>
    <Placemark>
      <name>ORDINANZA 2026/04070
DIVIETO DI SOSTA RIMOZIONE COATTA
VIA CIMAROSA DA LUNGOMARE IX MAGGIO
DIVIETO DI TRANSITO
LUNGOMARE IX MAGGIO TRATTO TRA VIA SILANO E VIA CIMAROSA
TEMPORANEA INVERSIONE DEL SENSO UNICO DI CIRCOLAZIONE SU VIA SILANO CON DIREZIONE DI MARCIA LUNGOMARE IX MAGGIO VERSO VIA BELLEZZA
POSIZIONAMENTO TEMPORANEO DI AUTOBETONIERE
IMPRESA ESECUTRICE:NOVA TYRRENA S.R.L.
16/05/2026 - 14/12/2026</name>
      <description><![CDATA[prorogata fino al 14/12/2026 dalla ORDINANZA 2026/04070<br>https://drive.google.com/file/d/15WDrEhQCOhDQ92kyNKStp01IUVQ3EVji/view<br><br>ORDINANZA 2026/02452<br><br>https://drive.google.com/file/d/1U3fuyRICTm3W7waBRUKAOSbSup7DdxT-/view<br><br>ORDINANZA PER ISTITUZIONE TEMPORANEA DEL DIVIETO DI SOSTA –<br>RIMOZIONE COATTA SU VIA CIMAROSA DA LUNGOMARE IX MAGGIO PER<br>DIVIETO DI TRANSITO VEICOLARE SUL LUNGOMARE IX MAGGIO TRATTO<br>TRA VIA SILANO E VIA CIMAROSA CON TEMPORANEA INVERSIONE DEL<br>SENSO UNICO DI CIRCOLAZIONE SULLA VIA SILANO CON DIREZIONE DI<br>MARCIA LUNGOMARE IX MAGGIO VERSO LA VIA BELLEZZA PER<br>POSIZIONAMENTO TEMPORANEO DI AUTOBETONIERE PER SCARICO CLS E<br>VEICOLI PER SCARICO MATERIALE DI CANTIERE DAL GIORNO.<br>ISTANTE: GAUDINO ARCANGELO (AMMINISTRATORE UNICO NOVA<br>TYRRENA SRL).<br>SOCIETÀ: NOVA TYRRENA S.R.L.<br><br>Durata e tempistiche: 16/05/2026 - 10/08/2026.]]></description>
      <styleUrl>#line-E65100-4681</styleUrl>
      <LineString>
        <tessellate>1</tessellate>
        <coordinates>
          16.8120515,41.1362482,0
          16.8122714,41.1366582,0
          16.8126979,41.1374804,0
          16.8131029,41.1382218,0
          16.8133148,41.1386177,0
          16.8133899,41.1389328,0
          16.8134167,41.1397287,0
          16.8128165,41.1397634,0
          16.8127757,41.1389914,0
        </coordinates>
      </LineString>
    </Placemark>
    <Placemark>
      <name>ORDINANZA 2026/02497
RESTRINGIMENTO DI CARREGGIATA E DIVIETO DI SOSTA E DIVIETO DI FERMATA AMBO
VIA CAGNAZZI CIVV. 6-8
POSIZIONAMENTO RECINZIONE DI CANTIERE
RICHIEDENTE: SIG.SCANNIFFIO LEONARDO
20/05/2026 - 20/11/2026</name>
      <description><![CDATA[ORDINANZA 2026/02497<br><br>https://drive.google.com/file/d/1mNLSKohH-hKdaWnC8p1COs0b2MvrMZGy/view<br><br>ISTITUZIONE TEMPORANEA DEL RESTRINGIMENTO DI CARREGGIATA<br>DIVIETO DI SOSTA E DIVIETO DI FERMATA AMBO I LATI CON RIMOZIONE<br>FORZATA, SU VIA CAGNAZZI CIVV. 6-8 PER IL POSIZIONAMENTO<br>RECINZIONE DI CANTIERE DAL 20/05/2026 SINO AL 20/11/2026.<br>RICHIEDENTE: SIG.SCANNIFFIO LEONARDO<br><br>Durata e Tempistiche: 20/05/2026 - 20/11/2026]]></description>
      <styleUrl>#icon-1541-E65100</styleUrl>
      <Point>
        <coordinates>
          16.8684205,41.1048487,0
        </coordinates>
      </Point>
    </Placemark>
    <Placemark>
      <name>ORDINANZA 2026/03985
DIVIETO DI TRANSITO
VIA PICCINNI, VIA ABATE GIMMA, VIA CALEFATI, VIA PUTIGNANI, VIA DANTE,
VIA PRINCIPE AMEDEO, VIA NICOLAI, VIA GARRUBA, VIA CRISANZIO TRA VIA SAGARRIGA VISCONTI E VIA DE ROSSI
LAVORI DI REALIZZAZIONE DI UN SISTEMA BRT PER LA CITTÀ DI BARI -
IMPRESA ESECUTRICE:R.T.I. COBAR S.P.A. - MER MEC STE S.R.L. 
01/09/2026 - 31/10/2026 23:30-05:30
</name>
      <description><![CDATA[ORDINANZA 2026/03985<br>https://drive.google.com/file/d/1naGzVsFe3dqTVVblxm4vEka24NIyyGI3/view<br>PROROGA DELL’ORDINANZA DIRIGENZIALE N. 2026/03742<br>LAVORI DI REALIZZAZIONE DI UN SISTEMA BRT PER LA CITTÀ DI BARI -<br>FINANZIATO DALLA UNIONE EUROPEA NEXT GENERATION EU -<br>TRASPORTO RAPIDO DI MASSA - MISURA M2C2 - INV 4.2 DEL PNRR - CUP:<br>J91B21002850001<br>REGOLAMENTAZIONE TEMPORANEA DELLA CIRCOLAZIONE STRADALE SU<br>VIA PICCINNI, VIA ABATE GIMMA, VIA CALEFATI, VIA PUTIGNANI, VIA DANTE,<br>VIA PRINCIPE AMEDEO, VIA NICOLAI, VIA GARRUBA, VIA CRISANZIO, NEL<br>TRATTO COMPRESO TRA VIA SAGARRIGA VISCONTI E VIA DE ROSSI<br>TERMINE E DURATA: DAL GIORNO 01/09/2026 AL 31/10/2026 - DALLE ORE 23:30 ALLE ORE 5:30<br><br>PROROGATA FINO AL 31/08/206 DALLA Ordinanza 2026/03742<br>https://drive.google.com/file/d/1Tz9zg6W06XOLNfLPe-kasbwc7gc_dPhM/view<br><br>2026/03163<br><br>https://drive.google.com/file/d/1nsfAJlhqAnFpPLSiq13pNfVirgYclHN6/view<br><br>PROROGA DELL’ORDINANZA DIRIGENZIALE N. 2026/02925<br>LAVORI DI REALIZZAZIONE DI UN SISTEMA BRT PER LA CITTÀ DI BARI -<br>FINANZIATO DALLA UNIONE EUROPEA NEXT GENERATION EU -<br>TRASPORTO RAPIDO DI MASSA - MISURA M2C2 - INV 4.2 DEL PNRR - CUP:<br>J91B21002850001<br>REGOLAMENTAZIONE TEMPORANEA DELLA CIRCOLAZIONE STRADALE SU<br>VIA PICCINNI, VIA ABATE GIMMA, VIA CALEFATI, VIA PUTIGNANI, VIA DANTE,<br>VIA PRINCIPE AMEDEO, VIA NICOLAI, VIA GARRUBA, VIA CRISANZIO, NEL<br>TRATTO COMPRESO TRA VIA SAGARRIGA VISCONTI E VIA DE ROSSI –<br>DALLA DATA DI EMANAZIONE DELLA PRESENTE ORDINANZA AL GIORNO<br>31.07.2026 DALLE ORE 23:30 ALLE ORE 5:30 DEL GIORNO SUCCESSIVO<br>IMPRESA ESECUTRICE: R.T.I. COBAR S.P.A. - MER MEC STE S.R.L.<br><br>29/06/2026 - 31/07/2026	23:30-05:30<br><br>PROROGATA DALLA 2026/02925<br>https://drive.google.com/file/d/1NAf-0JlOoswzBZzsxuDutbdqH8GsKcO0/view<br>FINO AL 30/06/2026<br><br>ORDINANZA 2026/02682 <br>https://drive.google.com/file/d/1bFW1qgPT6CmY2YabPH3DmAO8w3jerFSB/view<br><br>LAVORI DI REALIZZAZIONE DI UN SISTEMA BRT PER LA CITTÀ DI BARI - FINANZIATO DALLA UNIONE EUROPEA NEXT GENERATION EU - TRASPORTO RAPIDO DI MASSA - MISURA M2C2 - INV 4.2 DEL PNRR - CUP: J91B21002850001 REGOLAMENTAZIONE TEMPORANEA DELLA CIRCOLAZIONE STRADALE SU VIA PICCINNI, VIA ABATE GIMMA, VIA CALEFATI, VIA PUTIGNANI, VIA DANTE, VIA PRINCIPE AMEDEO, VIA NICOLAI, VIA GARRUBA, VIA CRISANZIO, NEL TRATTO COMPRESO TRA VIA SAGARRIGA VISCONTI E VIA DE ROSSI - DAL GIORNO 01.06.2026 AL GIORNO 15.06.2026 DALLE ORE 23:30 ALLE ORE 5:30 DEL GIORNO SUCCESSIVO IMPRESA ESECUTRICE: R.T.I. COBAR S.P.A. - MER MEC STE S.R.L. <br><br>Durata e tempistiche: 01/06/2026 - 15/06/2026 23:30-05:30<br><br>Ordinanza 2026/02566<br>https://drive.google.com/file/d/1tsirbq0qU7cR60RdY0HRpQ18wiuq4uaC/view<br>LAVORI DI REALIZZAZIONE DI UN SISTEMA BRT PER LA CITTÀ DI BARI -<br>FINANZIATO DALLA UNIONE EUROPEA NEXT GENERATION EU -<br>TRASPORTO RAPIDO DI MASSA - MISURA M2C2 - INV 4.2 DEL PNRR - CUP:<br>J91B21002850001<br>REGOLAMENTAZIONE TEMPORANEA DELLA CIRCOLAZIONE STRADALE SU<br>VIA PICCINNI, VIA ABATE GIMMA, VIA CALEFATI, VIA PUTIGNANI, VIA DANTE,<br>VIA PRINCIPE AMEDEO, VIA NICOLAI, VIA GARRUBA, VIA CRISANZIO, NEL<br>TRATTO COMPRESO TRA VIA SAGARRIGA VISCONTI E VIA DE ROSSI - DAL<br>GIORNO 19.05.2026 AL GIORNO 31.05.2026 DALLE ORE 23:30 ALLE ORE 5:30<br>DEL GIORNO SUCCESSIVO<br>IMPRESA ESECUTRICE: R.T.I. COBAR S.P.A. - MER MEC STE S.R.L.<br><br>Durata e Tempistiche: 19/05/2026 - 31/05/2026]]></description>
      <styleUrl>#icon-1541-E65100</styleUrl>
      <Point>
        <coordinates>
          16.8649965,41.1251511,0
        </coordinates>
      </Point>
    </Placemark>
    <Placemark>
      <name>ORDINANZA 2026/03985
DIVIETO DI TRANSITO
VIA PICCINNI, VIA ABATE GIMMA, VIA CALEFATI, VIA PUTIGNANI, VIA DANTE,
VIA PRINCIPE AMEDEO, VIA NICOLAI, VIA GARRUBA, VIA CRISANZIO TRA VIA SAGARRIGA VISCONTI E VIA DE ROSSI
LAVORI DI REALIZZAZIONE DI UN SISTEMA BRT PER LA CITTÀ DI BARI -
IMPRESA ESECUTRICE:R.T.I. COBAR S.P.A. - MER MEC STE S.R.L. 
01/09/2026 - 31/10/2026 23:30-05:30
</name>
      <description><![CDATA[ORDINANZA 2026/03985<br>https://drive.google.com/file/d/1naGzVsFe3dqTVVblxm4vEka24NIyyGI3/view<br>PROROGA DELL’ORDINANZA DIRIGENZIALE N. 2026/03742<br>LAVORI DI REALIZZAZIONE DI UN SISTEMA BRT PER LA CITTÀ DI BARI -<br>FINANZIATO DALLA UNIONE EUROPEA NEXT GENERATION EU -<br>TRASPORTO RAPIDO DI MASSA - MISURA M2C2 - INV 4.2 DEL PNRR - CUP:<br>J91B21002850001<br>REGOLAMENTAZIONE TEMPORANEA DELLA CIRCOLAZIONE STRADALE SU<br>VIA PICCINNI, VIA ABATE GIMMA, VIA CALEFATI, VIA PUTIGNANI, VIA DANTE,<br>VIA PRINCIPE AMEDEO, VIA NICOLAI, VIA GARRUBA, VIA CRISANZIO, NEL<br>TRATTO COMPRESO TRA VIA SAGARRIGA VISCONTI E VIA DE ROSSI<br>TERMINE E DURATA: DAL GIORNO 01/09/2026 AL 31/10/2026 - DALLE ORE 23:30 ALLE ORE 5:30<br><br>PROROGATA FINO AL 31/08/206 DALLA Ordinanza 2026/03742<br>https://drive.google.com/file/d/1Tz9zg6W06XOLNfLPe-kasbwc7gc_dPhM/view<br>2026/03163<br><br>https://drive.google.com/file/d/1nsfAJlhqAnFpPLSiq13pNfVirgYclHN6/view<br><br>PROROGA DELL’ORDINANZA DIRIGENZIALE N. 2026/02925<br>LAVORI DI REALIZZAZIONE DI UN SISTEMA BRT PER LA CITTÀ DI BARI -<br>FINANZIATO DALLA UNIONE EUROPEA NEXT GENERATION EU -<br>TRASPORTO RAPIDO DI MASSA - MISURA M2C2 - INV 4.2 DEL PNRR - CUP:<br>J91B21002850001<br>REGOLAMENTAZIONE TEMPORANEA DELLA CIRCOLAZIONE STRADALE SU<br>VIA PICCINNI, VIA ABATE GIMMA, VIA CALEFATI, VIA PUTIGNANI, VIA DANTE,<br>VIA PRINCIPE AMEDEO, VIA NICOLAI, VIA GARRUBA, VIA CRISANZIO, NEL<br>TRATTO COMPRESO TRA VIA SAGARRIGA VISCONTI E VIA DE ROSSI –<br>DALLA DATA DI EMANAZIONE DELLA PRESENTE ORDINANZA AL GIORNO<br>31.07.2026 DALLE ORE 23:30 ALLE ORE 5:30 DEL GIORNO SUCCESSIVO<br>IMPRESA ESECUTRICE: R.T.I. COBAR S.P.A. - MER MEC STE S.R.L.<br><br>29/06/2026 - 31/07/2026	23:30-05:30<br><br>PROROGATA DALLA 2026/02925<br>https://drive.google.com/file/d/1NAf-0JlOoswzBZzsxuDutbdqH8GsKcO0/view<br>FINO AL 30/06/2026<br><br>ORDINANZA 2026/02682 <br>https://drive.google.com/file/d/1bFW1qgPT6CmY2YabPH3DmAO8w3jerFSB/view<br><br>LAVORI DI REALIZZAZIONE DI UN SISTEMA BRT PER LA CITTÀ DI BARI - FINANZIATO DALLA UNIONE EUROPEA NEXT GENERATION EU - TRASPORTO RAPIDO DI MASSA - MISURA M2C2 - INV 4.2 DEL PNRR - CUP: J91B21002850001 REGOLAMENTAZIONE TEMPORANEA DELLA CIRCOLAZIONE STRADALE SU VIA PICCINNI, VIA ABATE GIMMA, VIA CALEFATI, VIA PUTIGNANI, VIA DANTE, VIA PRINCIPE AMEDEO, VIA NICOLAI, VIA GARRUBA, VIA CRISANZIO, NEL TRATTO COMPRESO TRA VIA SAGARRIGA VISCONTI E VIA DE ROSSI - DAL GIORNO 01.06.2026 AL GIORNO 15.06.2026 DALLE ORE 23:30 ALLE ORE 5:30 DEL GIORNO SUCCESSIVO IMPRESA ESECUTRICE: R.T.I. COBAR S.P.A. - MER MEC STE S.R.L. <br><br>Durata e tempistiche: 01/06/2026 - 15/06/2026 23:30-05:30<br><br>Ordinanza 2026/02566<br>https://drive.google.com/file/d/1tsirbq0qU7cR60RdY0HRpQ18wiuq4uaC/view<br>LAVORI DI REALIZZAZIONE DI UN SISTEMA BRT PER LA CITTÀ DI BARI -<br>FINANZIATO DALLA UNIONE EUROPEA NEXT GENERATION EU -<br>TRASPORTO RAPIDO DI MASSA - MISURA M2C2 - INV 4.2 DEL PNRR - CUP:<br>J91B21002850001<br>REGOLAMENTAZIONE TEMPORANEA DELLA CIRCOLAZIONE STRADALE SU<br>VIA PICCINNI, VIA ABATE GIMMA, VIA CALEFATI, VIA PUTIGNANI, VIA DANTE,<br>VIA PRINCIPE AMEDEO, VIA NICOLAI, VIA GARRUBA, VIA CRISANZIO, NEL<br>TRATTO COMPRESO TRA VIA SAGARRIGA VISCONTI E VIA DE ROSSI - DAL<br>GIORNO 19.05.2026 AL GIORNO 31.05.2026 DALLE ORE 23:30 ALLE ORE 5:30<br>DEL GIORNO SUCCESSIVO<br>IMPRESA ESECUTRICE: R.T.I. COBAR S.P.A. - MER MEC STE S.R.L.<br><br>Durata e Tempistiche: 19/05/2026 - 31/05/2026]]></description>
      <styleUrl>#line-E65100-3906</styleUrl>
      <LineString>
        <tessellate>1</tessellate>
        <coordinates>
          16.8630828,41.1249996,0
          16.8633456,41.1249551,0
          16.8640269,41.1250238,0
          16.8652071,41.1250885,0
        </coordinates>
      </LineString>
    </Placemark>
    <Placemark>
      <name>ORDINANZA 2026/03985
DIVIETO DI TRANSITO
VIA PICCINNI, VIA ABATE GIMMA, VIA CALEFATI, VIA PUTIGNANI, VIA DANTE,
VIA PRINCIPE AMEDEO, VIA NICOLAI, VIA GARRUBA, VIA CRISANZIO TRA VIA SAGARRIGA VISCONTI E VIA DE ROSSI
LAVORI DI REALIZZAZIONE DI UN SISTEMA BRT PER LA CITTÀ DI BARI -
IMPRESA ESECUTRICE:R.T.I. COBAR S.P.A. - MER MEC STE S.R.L. 
01/09/2026 - 31/10/2026 23:30-05:30
</name>
      <description><![CDATA[ORDINANZA 2026/03985<br>https://drive.google.com/file/d/1naGzVsFe3dqTVVblxm4vEka24NIyyGI3/view<br>PROROGA DELL’ORDINANZA DIRIGENZIALE N. 2026/03742<br>LAVORI DI REALIZZAZIONE DI UN SISTEMA BRT PER LA CITTÀ DI BARI -<br>FINANZIATO DALLA UNIONE EUROPEA NEXT GENERATION EU -<br>TRASPORTO RAPIDO DI MASSA - MISURA M2C2 - INV 4.2 DEL PNRR - CUP:<br>J91B21002850001<br>REGOLAMENTAZIONE TEMPORANEA DELLA CIRCOLAZIONE STRADALE SU<br>VIA PICCINNI, VIA ABATE GIMMA, VIA CALEFATI, VIA PUTIGNANI, VIA DANTE,<br>VIA PRINCIPE AMEDEO, VIA NICOLAI, VIA GARRUBA, VIA CRISANZIO, NEL<br>TRATTO COMPRESO TRA VIA SAGARRIGA VISCONTI E VIA DE ROSSI<br>TERMINE E DURATA: DAL GIORNO 01/09/2026 AL 31/10/2026 - DALLE ORE 23:30 ALLE ORE 5:30<br><br>PROROGATA FINO AL 31/08/206 DALLA Ordinanza 2026/03742<br>https://drive.google.com/file/d/1Tz9zg6W06XOLNfLPe-kasbwc7gc_dPhM/view<br><br>2026/03163<br><br>https://drive.google.com/file/d/1nsfAJlhqAnFpPLSiq13pNfVirgYclHN6/view<br><br>PROROGA DELL’ORDINANZA DIRIGENZIALE N. 2026/02925<br>LAVORI DI REALIZZAZIONE DI UN SISTEMA BRT PER LA CITTÀ DI BARI -<br>FINANZIATO DALLA UNIONE EUROPEA NEXT GENERATION EU -<br>TRASPORTO RAPIDO DI MASSA - MISURA M2C2 - INV 4.2 DEL PNRR - CUP:<br>J91B21002850001<br>REGOLAMENTAZIONE TEMPORANEA DELLA CIRCOLAZIONE STRADALE SU<br>VIA PICCINNI, VIA ABATE GIMMA, VIA CALEFATI, VIA PUTIGNANI, VIA DANTE,<br>VIA PRINCIPE AMEDEO, VIA NICOLAI, VIA GARRUBA, VIA CRISANZIO, NEL<br>TRATTO COMPRESO TRA VIA SAGARRIGA VISCONTI E VIA DE ROSSI –<br>DALLA DATA DI EMANAZIONE DELLA PRESENTE ORDINANZA AL GIORNO<br>31.07.2026 DALLE ORE 23:30 ALLE ORE 5:30 DEL GIORNO SUCCESSIVO<br>IMPRESA ESECUTRICE: R.T.I. COBAR S.P.A. - MER MEC STE S.R.L.<br><br>29/06/2026 - 31/07/2026	23:30-05:30<br><br>PROROGATA DALLA 2026/02925<br>https://drive.google.com/file/d/1NAf-0JlOoswzBZzsxuDutbdqH8GsKcO0/view<br>FINO AL 30/06/2026<br><br>ORDINANZA 2026/02682 <br>https://drive.google.com/file/d/1bFW1qgPT6CmY2YabPH3DmAO8w3jerFSB/view<br><br>LAVORI DI REALIZZAZIONE DI UN SISTEMA BRT PER LA CITTÀ DI BARI - FINANZIATO DALLA UNIONE EUROPEA NEXT GENERATION EU - TRASPORTO RAPIDO DI MASSA - MISURA M2C2 - INV 4.2 DEL PNRR - CUP: J91B21002850001 REGOLAMENTAZIONE TEMPORANEA DELLA CIRCOLAZIONE STRADALE SU VIA PICCINNI, VIA ABATE GIMMA, VIA CALEFATI, VIA PUTIGNANI, VIA DANTE, VIA PRINCIPE AMEDEO, VIA NICOLAI, VIA GARRUBA, VIA CRISANZIO, NEL TRATTO COMPRESO TRA VIA SAGARRIGA VISCONTI E VIA DE ROSSI - DAL GIORNO 01.06.2026 AL GIORNO 15.06.2026 DALLE ORE 23:30 ALLE ORE 5:30 DEL GIORNO SUCCESSIVO IMPRESA ESECUTRICE: R.T.I. COBAR S.P.A. - MER MEC STE S.R.L. <br><br>Durata e tempistiche: 01/06/2026 - 15/06/2026 23:30-05:30<br><br>Ordinanza 2026/02566<br>https://drive.google.com/file/d/1tsirbq0qU7cR60RdY0HRpQ18wiuq4uaC/view<br>LAVORI DI REALIZZAZIONE DI UN SISTEMA BRT PER LA CITTÀ DI BARI -<br>FINANZIATO DALLA UNIONE EUROPEA NEXT GENERATION EU -<br>TRASPORTO RAPIDO DI MASSA - MISURA M2C2 - INV 4.2 DEL PNRR - CUP:<br>J91B21002850001<br>REGOLAMENTAZIONE TEMPORANEA DELLA CIRCOLAZIONE STRADALE SU<br>VIA PICCINNI, VIA ABATE GIMMA, VIA CALEFATI, VIA PUTIGNANI, VIA DANTE,<br>VIA PRINCIPE AMEDEO, VIA NICOLAI, VIA GARRUBA, VIA CRISANZIO, NEL<br>TRATTO COMPRESO TRA VIA SAGARRIGA VISCONTI E VIA DE ROSSI - DAL<br>GIORNO 19.05.2026 AL GIORNO 31.05.2026 DALLE ORE 23:30 ALLE ORE 5:30<br>DEL GIORNO SUCCESSIVO<br>IMPRESA ESECUTRICE: R.T.I. COBAR S.P.A. - MER MEC STE S.R.L.<br><br>Durata e Tempistiche: 19/05/2026 - 31/05/2026]]></description>
      <styleUrl>#line-E65100-4100</styleUrl>
      <LineString>
        <tessellate>1</tessellate>
        <coordinates>
          16.8631579,41.1236499,0
          16.8653331,41.1237853,0
        </coordinates>
      </LineString>
    </Placemark>
    <Placemark>
      <name>ORDINANZA 2026/03985
DIVIETO DI TRANSITO
VIA PICCINNI, VIA ABATE GIMMA, VIA CALEFATI, VIA PUTIGNANI, VIA DANTE,
VIA PRINCIPE AMEDEO, VIA NICOLAI, VIA GARRUBA, VIA CRISANZIO TRA VIA SAGARRIGA VISCONTI E VIA DE ROSSI
LAVORI DI REALIZZAZIONE DI UN SISTEMA BRT PER LA CITTÀ DI BARI -
IMPRESA ESECUTRICE:R.T.I. COBAR S.P.A. - MER MEC STE S.R.L. 
01/09/2026 - 31/10/2026 23:30-05:30
</name>
      <description><![CDATA[ORDINANZA 2026/03985<br>https://drive.google.com/file/d/1naGzVsFe3dqTVVblxm4vEka24NIyyGI3/view<br>PROROGA DELL’ORDINANZA DIRIGENZIALE N. 2026/03742<br>LAVORI DI REALIZZAZIONE DI UN SISTEMA BRT PER LA CITTÀ DI BARI -<br>FINANZIATO DALLA UNIONE EUROPEA NEXT GENERATION EU -<br>TRASPORTO RAPIDO DI MASSA - MISURA M2C2 - INV 4.2 DEL PNRR - CUP:<br>J91B21002850001<br>REGOLAMENTAZIONE TEMPORANEA DELLA CIRCOLAZIONE STRADALE SU<br>VIA PICCINNI, VIA ABATE GIMMA, VIA CALEFATI, VIA PUTIGNANI, VIA DANTE,<br>VIA PRINCIPE AMEDEO, VIA NICOLAI, VIA GARRUBA, VIA CRISANZIO, NEL<br>TRATTO COMPRESO TRA VIA SAGARRIGA VISCONTI E VIA DE ROSSI<br>TERMINE E DURATA: DAL GIORNO 01/09/2026 AL 31/10/2026 - DALLE ORE 23:30 ALLE ORE 5:30<br><br>PROROGATA FINO AL 31/08/206 DALLA Ordinanza 2026/03742<br>https://drive.google.com/file/d/1Tz9zg6W06XOLNfLPe-kasbwc7gc_dPhM/view<br><br>2026/03163<br><br>https://drive.google.com/file/d/1nsfAJlhqAnFpPLSiq13pNfVirgYclHN6/view<br><br>PROROGA DELL’ORDINANZA DIRIGENZIALE N. 2026/02925<br>LAVORI DI REALIZZAZIONE DI UN SISTEMA BRT PER LA CITTÀ DI BARI -<br>FINANZIATO DALLA UNIONE EUROPEA NEXT GENERATION EU -<br>TRASPORTO RAPIDO DI MASSA - MISURA M2C2 - INV 4.2 DEL PNRR - CUP:<br>J91B21002850001<br>REGOLAMENTAZIONE TEMPORANEA DELLA CIRCOLAZIONE STRADALE SU<br>VIA PICCINNI, VIA ABATE GIMMA, VIA CALEFATI, VIA PUTIGNANI, VIA DANTE,<br>VIA PRINCIPE AMEDEO, VIA NICOLAI, VIA GARRUBA, VIA CRISANZIO, NEL<br>TRATTO COMPRESO TRA VIA SAGARRIGA VISCONTI E VIA DE ROSSI –<br>DALLA DATA DI EMANAZIONE DELLA PRESENTE ORDINANZA AL GIORNO<br>31.07.2026 DALLE ORE 23:30 ALLE ORE 5:30 DEL GIORNO SUCCESSIVO<br>IMPRESA ESECUTRICE: R.T.I. COBAR S.P.A. - MER MEC STE S.R.L.<br><br>29/06/2026 - 31/07/2026	23:30-05:30<br><br>PROROGATA DALLA 2026/02925<br>https://drive.google.com/file/d/1NAf-0JlOoswzBZzsxuDutbdqH8GsKcO0/view<br>FINO AL 30/06/2026<br><br>ORDINANZA 2026/02682 <br>https://drive.google.com/file/d/1bFW1qgPT6CmY2YabPH3DmAO8w3jerFSB/view<br><br>LAVORI DI REALIZZAZIONE DI UN SISTEMA BRT PER LA CITTÀ DI BARI - FINANZIATO DALLA UNIONE EUROPEA NEXT GENERATION EU - TRASPORTO RAPIDO DI MASSA - MISURA M2C2 - INV 4.2 DEL PNRR - CUP: J91B21002850001 REGOLAMENTAZIONE TEMPORANEA DELLA CIRCOLAZIONE STRADALE SU VIA PICCINNI, VIA ABATE GIMMA, VIA CALEFATI, VIA PUTIGNANI, VIA DANTE, VIA PRINCIPE AMEDEO, VIA NICOLAI, VIA GARRUBA, VIA CRISANZIO, NEL TRATTO COMPRESO TRA VIA SAGARRIGA VISCONTI E VIA DE ROSSI - DAL GIORNO 01.06.2026 AL GIORNO 15.06.2026 DALLE ORE 23:30 ALLE ORE 5:30 DEL GIORNO SUCCESSIVO IMPRESA ESECUTRICE: R.T.I. COBAR S.P.A. - MER MEC STE S.R.L. <br><br>Durata e tempistiche: 01/06/2026 - 15/06/2026 23:30-05:30<br><br>Ordinanza 2026/02566<br>https://drive.google.com/file/d/1tsirbq0qU7cR60RdY0HRpQ18wiuq4uaC/view<br>LAVORI DI REALIZZAZIONE DI UN SISTEMA BRT PER LA CITTÀ DI BARI -<br>FINANZIATO DALLA UNIONE EUROPEA NEXT GENERATION EU -<br>TRASPORTO RAPIDO DI MASSA - MISURA M2C2 - INV 4.2 DEL PNRR - CUP:<br>J91B21002850001<br>REGOLAMENTAZIONE TEMPORANEA DELLA CIRCOLAZIONE STRADALE SU<br>VIA PICCINNI, VIA ABATE GIMMA, VIA CALEFATI, VIA PUTIGNANI, VIA DANTE,<br>VIA PRINCIPE AMEDEO, VIA NICOLAI, VIA GARRUBA, VIA CRISANZIO, NEL<br>TRATTO COMPRESO TRA VIA SAGARRIGA VISCONTI E VIA DE ROSSI - DAL<br>GIORNO 19.05.2026 AL GIORNO 31.05.2026 DALLE ORE 23:30 ALLE ORE 5:30<br>DEL GIORNO SUCCESSIVO<br>IMPRESA ESECUTRICE: R.T.I. COBAR S.P.A. - MER MEC STE S.R.L.<br><br>Durata e Tempistiche: 19/05/2026 - 31/05/2026]]></description>
      <styleUrl>#line-E65100-4100</styleUrl>
      <LineString>
        <tessellate>1</tessellate>
        <coordinates>
          16.8632598,41.1223123,0
          16.8654243,41.1224376,0
        </coordinates>
      </LineString>
    </Placemark>
    <Placemark>
      <name>ORDINANZA 2026/03985
DIVIETO DI TRANSITO
VIA PICCINNI, VIA ABATE GIMMA, VIA CALEFATI, VIA PUTIGNANI, VIA DANTE,
VIA PRINCIPE AMEDEO, VIA NICOLAI, VIA GARRUBA, VIA CRISANZIO TRA VIA SAGARRIGA VISCONTI E VIA DE ROSSI
LAVORI DI REALIZZAZIONE DI UN SISTEMA BRT PER LA CITTÀ DI BARI -
IMPRESA ESECUTRICE:R.T.I. COBAR S.P.A. - MER MEC STE S.R.L. 
01/09/2026 - 31/10/2026 23:30-05:30
</name>
      <description><![CDATA[ORDINANZA 2026/03985<br>https://drive.google.com/file/d/1naGzVsFe3dqTVVblxm4vEka24NIyyGI3/view<br>PROROGA DELL’ORDINANZA DIRIGENZIALE N. 2026/03742<br>LAVORI DI REALIZZAZIONE DI UN SISTEMA BRT PER LA CITTÀ DI BARI -<br>FINANZIATO DALLA UNIONE EUROPEA NEXT GENERATION EU -<br>TRASPORTO RAPIDO DI MASSA - MISURA M2C2 - INV 4.2 DEL PNRR - CUP:<br>J91B21002850001<br>REGOLAMENTAZIONE TEMPORANEA DELLA CIRCOLAZIONE STRADALE SU<br>VIA PICCINNI, VIA ABATE GIMMA, VIA CALEFATI, VIA PUTIGNANI, VIA DANTE,<br>VIA PRINCIPE AMEDEO, VIA NICOLAI, VIA GARRUBA, VIA CRISANZIO, NEL<br>TRATTO COMPRESO TRA VIA SAGARRIGA VISCONTI E VIA DE ROSSI<br>TERMINE E DURATA: DAL GIORNO 01/09/2026 AL 31/10/2026 - DALLE ORE 23:30 ALLE ORE 5:30<br>PROROGATA FINO AL 31/08/206 DALLA Ordinanza 2026/03742<br>https://drive.google.com/file/d/1Tz9zg6W06XOLNfLPe-kasbwc7gc_dPhM/view<br><br>2026/03163<br><br>https://drive.google.com/file/d/1nsfAJlhqAnFpPLSiq13pNfVirgYclHN6/view<br><br>PROROGA DELL’ORDINANZA DIRIGENZIALE N. 2026/02925<br>LAVORI DI REALIZZAZIONE DI UN SISTEMA BRT PER LA CITTÀ DI BARI -<br>FINANZIATO DALLA UNIONE EUROPEA NEXT GENERATION EU -<br>TRASPORTO RAPIDO DI MASSA - MISURA M2C2 - INV 4.2 DEL PNRR - CUP:<br>J91B21002850001<br>REGOLAMENTAZIONE TEMPORANEA DELLA CIRCOLAZIONE STRADALE SU<br>VIA PICCINNI, VIA ABATE GIMMA, VIA CALEFATI, VIA PUTIGNANI, VIA DANTE,<br>VIA PRINCIPE AMEDEO, VIA NICOLAI, VIA GARRUBA, VIA CRISANZIO, NEL<br>TRATTO COMPRESO TRA VIA SAGARRIGA VISCONTI E VIA DE ROSSI –<br>DALLA DATA DI EMANAZIONE DELLA PRESENTE ORDINANZA AL GIORNO<br>31.07.2026 DALLE ORE 23:30 ALLE ORE 5:30 DEL GIORNO SUCCESSIVO<br>IMPRESA ESECUTRICE: R.T.I. COBAR S.P.A. - MER MEC STE S.R.L.<br><br>29/06/2026 - 31/07/2026	23:30-05:30<br><br>PROROGATA DALLA 2026/02925<br>https://drive.google.com/file/d/1NAf-0JlOoswzBZzsxuDutbdqH8GsKcO0/view<br>FINO AL 30/06/2026<br><br>ORDINANZA 2026/02682 <br>https://drive.google.com/file/d/1bFW1qgPT6CmY2YabPH3DmAO8w3jerFSB/view<br><br>LAVORI DI REALIZZAZIONE DI UN SISTEMA BRT PER LA CITTÀ DI BARI - FINANZIATO DALLA UNIONE EUROPEA NEXT GENERATION EU - TRASPORTO RAPIDO DI MASSA - MISURA M2C2 - INV 4.2 DEL PNRR - CUP: J91B21002850001 REGOLAMENTAZIONE TEMPORANEA DELLA CIRCOLAZIONE STRADALE SU VIA PICCINNI, VIA ABATE GIMMA, VIA CALEFATI, VIA PUTIGNANI, VIA DANTE, VIA PRINCIPE AMEDEO, VIA NICOLAI, VIA GARRUBA, VIA CRISANZIO, NEL TRATTO COMPRESO TRA VIA SAGARRIGA VISCONTI E VIA DE ROSSI - DAL GIORNO 01.06.2026 AL GIORNO 15.06.2026 DALLE ORE 23:30 ALLE ORE 5:30 DEL GIORNO SUCCESSIVO IMPRESA ESECUTRICE: R.T.I. COBAR S.P.A. - MER MEC STE S.R.L. <br><br>Durata e tempistiche: 01/06/2026 - 15/06/2026 23:30-05:30<br><br>Ordinanza 2026/02566<br>https://drive.google.com/file/d/1tsirbq0qU7cR60RdY0HRpQ18wiuq4uaC/view<br>LAVORI DI REALIZZAZIONE DI UN SISTEMA BRT PER LA CITTÀ DI BARI -<br>FINANZIATO DALLA UNIONE EUROPEA NEXT GENERATION EU -<br>TRASPORTO RAPIDO DI MASSA - MISURA M2C2 - INV 4.2 DEL PNRR - CUP:<br>J91B21002850001<br>REGOLAMENTAZIONE TEMPORANEA DELLA CIRCOLAZIONE STRADALE SU<br>VIA PICCINNI, VIA ABATE GIMMA, VIA CALEFATI, VIA PUTIGNANI, VIA DANTE,<br>VIA PRINCIPE AMEDEO, VIA NICOLAI, VIA GARRUBA, VIA CRISANZIO, NEL<br>TRATTO COMPRESO TRA VIA SAGARRIGA VISCONTI E VIA DE ROSSI - DAL<br>GIORNO 19.05.2026 AL GIORNO 31.05.2026 DALLE ORE 23:30 ALLE ORE 5:30<br>DEL GIORNO SUCCESSIVO<br>IMPRESA ESECUTRICE: R.T.I. COBAR S.P.A. - MER MEC STE S.R.L.<br><br>Durata e Tempistiche: 19/05/2026 - 31/05/2026]]></description>
      <styleUrl>#line-E65100-3519</styleUrl>
      <LineString>
        <tessellate>1</tessellate>
        <coordinates>
          16.8632169,41.1229589,0
          16.8644695,41.1230357,0
          16.8654055,41.1231266,0
        </coordinates>
      </LineString>
    </Placemark>
    <Placemark>
      <name>ORDINANZA 2026/03742
DIVIETO DI TRANSITO
VIA NICCOLÒ PICCINNI, TRA VIA SAGARRIGA VISCONTI E VIA DE ROSSI
VIA ABATE GIMMA, TRA VIA SAGARRIGA VISCONTI E VIA DE ROSSI
VIA ALESSANDRO MARIA CALEFATI, TRA VIA SAGARRIGA VISCONTI E VIA DE ROSSI
VIA NICCOLÒ PUTIGNANI, TRA VIA SAGARRIGA VISCONTI E VIA DE ROSSI
VIA DANTE ALIGHIERI, TRA VIA SAGARRIGA VISCONTI E VIA DE ROSSI
VIA PRINCIPE AMEDEO, TRA VIA SAGARRIGA VISCONTI E VIA DE ROSSI
VIA DOMENICO NICOLAI, TRA VIA SAGARRIGA VISCONTI E VIA DE ROSSI
VIA MICHELE GARRUBA, TRA VIA SAGARRIGA VISCONTI E VIA DE ROSSI
VIA SCIPIONE CRISANZIO, TRA VIA SAGARRIGA VISCONTI E VIA BEATA ELIA DI SAN CLEMENTE
LAVORI DI REALIZZAZIONE DI UN SISTEMA BRT PER LA CITTÀ DI BARI 
IMPRESA ESECUTRICE: R.T.I. COBAR S.P.A. - MER MEC STE S.R.L.
29/06/2026 - 31/08/2026 23:30-05:30
</name>
      <description><![CDATA[PROROGATA FINO AL 31/08/206 DALLA Ordinanza 2026/03742<br>https://drive.google.com/file/d/1Tz9zg6W06XOLNfLPe-kasbwc7gc_dPhM/view<br><br>2026/03163<br><br>https://drive.google.com/file/d/1nsfAJlhqAnFpPLSiq13pNfVirgYclHN6/view<br><br>PROROGA DELL’ORDINANZA DIRIGENZIALE N. 2026/02925<br>LAVORI DI REALIZZAZIONE DI UN SISTEMA BRT PER LA CITTÀ DI BARI -<br>FINANZIATO DALLA UNIONE EUROPEA NEXT GENERATION EU -<br>TRASPORTO RAPIDO DI MASSA - MISURA M2C2 - INV 4.2 DEL PNRR - CUP:<br>J91B21002850001<br>REGOLAMENTAZIONE TEMPORANEA DELLA CIRCOLAZIONE STRADALE SU<br>VIA PICCINNI, VIA ABATE GIMMA, VIA CALEFATI, VIA PUTIGNANI, VIA DANTE,<br>VIA PRINCIPE AMEDEO, VIA NICOLAI, VIA GARRUBA, VIA CRISANZIO, NEL<br>TRATTO COMPRESO TRA VIA SAGARRIGA VISCONTI E VIA DE ROSSI –<br>DALLA DATA DI EMANAZIONE DELLA PRESENTE ORDINANZA AL GIORNO<br>31.07.2026 DALLE ORE 23:30 ALLE ORE 5:30 DEL GIORNO SUCCESSIVO<br>IMPRESA ESECUTRICE: R.T.I. COBAR S.P.A. - MER MEC STE S.R.L.<br><br>29/06/2026 - 31/07/2026	23:30-05:30<br><br>PROROGATA DALLA 2026/02925<br>https://drive.google.com/file/d/1NAf-0JlOoswzBZzsxuDutbdqH8GsKcO0/view<br>FINO AL 30/06/2026<br><br>ORDINANZA 2026/02682 <br>https://drive.google.com/file/d/1bFW1qgPT6CmY2YabPH3DmAO8w3jerFSB/view<br><br>LAVORI DI REALIZZAZIONE DI UN SISTEMA BRT PER LA CITTÀ DI BARI - FINANZIATO DALLA UNIONE EUROPEA NEXT GENERATION EU - TRASPORTO RAPIDO DI MASSA - MISURA M2C2 - INV 4.2 DEL PNRR - CUP: J91B21002850001 REGOLAMENTAZIONE TEMPORANEA DELLA CIRCOLAZIONE STRADALE SU VIA PICCINNI, VIA ABATE GIMMA, VIA CALEFATI, VIA PUTIGNANI, VIA DANTE, VIA PRINCIPE AMEDEO, VIA NICOLAI, VIA GARRUBA, VIA CRISANZIO, NEL TRATTO COMPRESO TRA VIA SAGARRIGA VISCONTI E VIA DE ROSSI - DAL GIORNO 01.06.2026 AL GIORNO 15.06.2026 DALLE ORE 23:30 ALLE ORE 5:30 DEL GIORNO SUCCESSIVO IMPRESA ESECUTRICE: R.T.I. COBAR S.P.A. - MER MEC STE S.R.L. <br><br>Durata e tempistiche: 01/06/2026 - 15/06/2026 23:30-05:30<br><br>Ordinanza 2026/02566<br>https://drive.google.com/file/d/1tsirbq0qU7cR60RdY0HRpQ18wiuq4uaC/view<br>LAVORI DI REALIZZAZIONE DI UN SISTEMA BRT PER LA CITTÀ DI BARI -<br>FINANZIATO DALLA UNIONE EUROPEA NEXT GENERATION EU -<br>TRASPORTO RAPIDO DI MASSA - MISURA M2C2 - INV 4.2 DEL PNRR - CUP:<br>J91B21002850001<br>REGOLAMENTAZIONE TEMPORANEA DELLA CIRCOLAZIONE STRADALE SU<br>VIA PICCINNI, VIA ABATE GIMMA, VIA CALEFATI, VIA PUTIGNANI, VIA DANTE,<br>VIA PRINCIPE AMEDEO, VIA NICOLAI, VIA GARRUBA, VIA CRISANZIO, NEL<br>TRATTO COMPRESO TRA VIA SAGARRIGA VISCONTI E VIA DE ROSSI - DAL<br>GIORNO 19.05.2026 AL GIORNO 31.05.2026 DALLE ORE 23:30 ALLE ORE 5:30<br>DEL GIORNO SUCCESSIVO<br>IMPRESA ESECUTRICE: R.T.I. COBAR S.P.A. - MER MEC STE S.R.L.<br><br>Durata e Tempistiche: 19/05/2026 - 31/05/2026]]></description>
      <styleUrl>#line-E65100-3325</styleUrl>
      <LineString>
        <tessellate>1</tessellate>
        <coordinates>
          16.8630774,41.1242924,0
          16.8652553,41.1244237,0
        </coordinates>
      </LineString>
    </Placemark>
    <Placemark>
      <name>ORDINANZA 2026/03742
DIVIETO DI TRANSITO
VIA NICCOLÒ PICCINNI, TRA VIA SAGARRIGA VISCONTI E VIA DE ROSSI
VIA ABATE GIMMA, TRA VIA SAGARRIGA VISCONTI E VIA DE ROSSI
VIA ALESSANDRO MARIA CALEFATI, TRA VIA SAGARRIGA VISCONTI E VIA DE ROSSI
VIA NICCOLÒ PUTIGNANI, TRA VIA SAGARRIGA VISCONTI E VIA DE ROSSI
VIA DANTE ALIGHIERI, TRA VIA SAGARRIGA VISCONTI E VIA DE ROSSI
VIA PRINCIPE AMEDEO, TRA VIA SAGARRIGA VISCONTI E VIA DE ROSSI
VIA DOMENICO NICOLAI, TRA VIA SAGARRIGA VISCONTI E VIA DE ROSSI
VIA MICHELE GARRUBA, TRA VIA SAGARRIGA VISCONTI E VIA DE ROSSI
VIA SCIPIONE CRISANZIO, TRA VIA SAGARRIGA VISCONTI E VIA BEATA ELIA DI SAN CLEMENTE
LAVORI DI REALIZZAZIONE DI UN SISTEMA BRT PER LA CITTÀ DI BARI 
IMPRESA ESECUTRICE: R.T.I. COBAR S.P.A. - MER MEC STE S.R.L.
29/06/2026 - 31/08/2026 23:30-05:30
</name>
      <description><![CDATA[PROROGATA FINO AL 31/08/206 DALLA Ordinanza 2026/03742<br>https://drive.google.com/file/d/1Tz9zg6W06XOLNfLPe-kasbwc7gc_dPhM/view<br><br>2026/03163<br><br>https://drive.google.com/file/d/1nsfAJlhqAnFpPLSiq13pNfVirgYclHN6/view<br><br>PROROGA DELL’ORDINANZA DIRIGENZIALE N. 2026/02925<br>LAVORI DI REALIZZAZIONE DI UN SISTEMA BRT PER LA CITTÀ DI BARI -<br>FINANZIATO DALLA UNIONE EUROPEA NEXT GENERATION EU -<br>TRASPORTO RAPIDO DI MASSA - MISURA M2C2 - INV 4.2 DEL PNRR - CUP:<br>J91B21002850001<br>REGOLAMENTAZIONE TEMPORANEA DELLA CIRCOLAZIONE STRADALE SU<br>VIA PICCINNI, VIA ABATE GIMMA, VIA CALEFATI, VIA PUTIGNANI, VIA DANTE,<br>VIA PRINCIPE AMEDEO, VIA NICOLAI, VIA GARRUBA, VIA CRISANZIO, NEL<br>TRATTO COMPRESO TRA VIA SAGARRIGA VISCONTI E VIA DE ROSSI –<br>DALLA DATA DI EMANAZIONE DELLA PRESENTE ORDINANZA AL GIORNO<br>31.07.2026 DALLE ORE 23:30 ALLE ORE 5:30 DEL GIORNO SUCCESSIVO<br>IMPRESA ESECUTRICE: R.T.I. COBAR S.P.A. - MER MEC STE S.R.L.<br><br>29/06/2026 - 31/07/2026	23:30-05:30<br><br>PROROGATA DALLA 2026/02925<br>https://drive.google.com/file/d/1NAf-0JlOoswzBZzsxuDutbdqH8GsKcO0/view<br>FINO AL 30/06/2026<br><br>ORDINANZA 2026/02682 <br>https://drive.google.com/file/d/1bFW1qgPT6CmY2YabPH3DmAO8w3jerFSB/view<br><br>LAVORI DI REALIZZAZIONE DI UN SISTEMA BRT PER LA CITTÀ DI BARI - FINANZIATO DALLA UNIONE EUROPEA NEXT GENERATION EU - TRASPORTO RAPIDO DI MASSA - MISURA M2C2 - INV 4.2 DEL PNRR - CUP: J91B21002850001 REGOLAMENTAZIONE TEMPORANEA DELLA CIRCOLAZIONE STRADALE SU VIA PICCINNI, VIA ABATE GIMMA, VIA CALEFATI, VIA PUTIGNANI, VIA DANTE, VIA PRINCIPE AMEDEO, VIA NICOLAI, VIA GARRUBA, VIA CRISANZIO, NEL TRATTO COMPRESO TRA VIA SAGARRIGA VISCONTI E VIA DE ROSSI - DAL GIORNO 01.06.2026 AL GIORNO 15.06.2026 DALLE ORE 23:30 ALLE ORE 5:30 DEL GIORNO SUCCESSIVO IMPRESA ESECUTRICE: R.T.I. COBAR S.P.A. - MER MEC STE S.R.L. <br><br>Durata e tempistiche: 01/06/2026 - 15/06/2026 23:30-05:30<br><br>Ordinanza 2026/02566<br>https://drive.google.com/file/d/1tsirbq0qU7cR60RdY0HRpQ18wiuq4uaC/view<br>LAVORI DI REALIZZAZIONE DI UN SISTEMA BRT PER LA CITTÀ DI BARI -<br>FINANZIATO DALLA UNIONE EUROPEA NEXT GENERATION EU -<br>TRASPORTO RAPIDO DI MASSA - MISURA M2C2 - INV 4.2 DEL PNRR - CUP:<br>J91B21002850001<br>REGOLAMENTAZIONE TEMPORANEA DELLA CIRCOLAZIONE STRADALE SU<br>VIA PICCINNI, VIA ABATE GIMMA, VIA CALEFATI, VIA PUTIGNANI, VIA DANTE,<br>VIA PRINCIPE AMEDEO, VIA NICOLAI, VIA GARRUBA, VIA CRISANZIO, NEL<br>TRATTO COMPRESO TRA VIA SAGARRIGA VISCONTI E VIA DE ROSSI - DAL<br>GIORNO 19.05.2026 AL GIORNO 31.05.2026 DALLE ORE 23:30 ALLE ORE 5:30<br>DEL GIORNO SUCCESSIVO<br>IMPRESA ESECUTRICE: R.T.I. COBAR S.P.A. - MER MEC STE S.R.L.<br><br>Durata e Tempistiche: 19/05/2026 - 31/05/2026]]></description>
      <styleUrl>#line-E65100-4488</styleUrl>
      <LineString>
        <tessellate>1</tessellate>
        <coordinates>
          16.863477,41.1202635,0
          16.8656282,41.120411,0
        </coordinates>
      </LineString>
    </Placemark>
    <Placemark>
      <name>ORDINANZA 2026/03742
DIVIETO DI TRANSITO
VIA NICCOLÒ PICCINNI, TRA VIA SAGARRIGA VISCONTI E VIA DE ROSSI
VIA ABATE GIMMA, TRA VIA SAGARRIGA VISCONTI E VIA DE ROSSI
VIA ALESSANDRO MARIA CALEFATI, TRA VIA SAGARRIGA VISCONTI E VIA DE ROSSI
VIA NICCOLÒ PUTIGNANI, TRA VIA SAGARRIGA VISCONTI E VIA DE ROSSI
VIA DANTE ALIGHIERI, TRA VIA SAGARRIGA VISCONTI E VIA DE ROSSI
VIA PRINCIPE AMEDEO, TRA VIA SAGARRIGA VISCONTI E VIA DE ROSSI
VIA DOMENICO NICOLAI, TRA VIA SAGARRIGA VISCONTI E VIA DE ROSSI
VIA MICHELE GARRUBA, TRA VIA SAGARRIGA VISCONTI E VIA DE ROSSI
VIA SCIPIONE CRISANZIO, TRA VIA SAGARRIGA VISCONTI E VIA BEATA ELIA DI SAN CLEMENTE
LAVORI DI REALIZZAZIONE DI UN SISTEMA BRT PER LA CITTÀ DI BARI
IMPRESA ESECUTRICE: R.T.I. COBAR S.P.A. - MER MEC STE S.R.L.
29/06/2026 - 31/08/2026 23:30-05:30</name>
      <description><![CDATA[PROROGATA FINO AL 31/08/206 DALLA Ordinanza 2026/03742<br>https://drive.google.com/file/d/1Tz9zg6W06XOLNfLPe-kasbwc7gc_dPhM/view<br><br>2026/03163<br><br>https://drive.google.com/file/d/1nsfAJlhqAnFpPLSiq13pNfVirgYclHN6/view<br><br>PROROGA DELL’ORDINANZA DIRIGENZIALE N. 2026/02925<br>LAVORI DI REALIZZAZIONE DI UN SISTEMA BRT PER LA CITTÀ DI BARI -<br>FINANZIATO DALLA UNIONE EUROPEA NEXT GENERATION EU -<br>TRASPORTO RAPIDO DI MASSA - MISURA M2C2 - INV 4.2 DEL PNRR - CUP:<br>J91B21002850001<br>REGOLAMENTAZIONE TEMPORANEA DELLA CIRCOLAZIONE STRADALE SU<br>VIA PICCINNI, VIA ABATE GIMMA, VIA CALEFATI, VIA PUTIGNANI, VIA DANTE,<br>VIA PRINCIPE AMEDEO, VIA NICOLAI, VIA GARRUBA, VIA CRISANZIO, NEL<br>TRATTO COMPRESO TRA VIA SAGARRIGA VISCONTI E VIA DE ROSSI –<br>DALLA DATA DI EMANAZIONE DELLA PRESENTE ORDINANZA AL GIORNO<br>31.07.2026 DALLE ORE 23:30 ALLE ORE 5:30 DEL GIORNO SUCCESSIVO<br>IMPRESA ESECUTRICE: R.T.I. COBAR S.P.A. - MER MEC STE S.R.L.<br><br>29/06/2026 - 31/07/2026	23:30-05:30<br><br>PROROGATA DALLA 2026/02925<br>https://drive.google.com/file/d/1NAf-0JlOoswzBZzsxuDutbdqH8GsKcO0/view<br>FINO AL 30/06/2026<br><br>ORDINANZA 2026/02682 <br>https://drive.google.com/file/d/1bFW1qgPT6CmY2YabPH3DmAO8w3jerFSB/view<br><br>LAVORI DI REALIZZAZIONE DI UN SISTEMA BRT PER LA CITTÀ DI BARI - FINANZIATO DALLA UNIONE EUROPEA NEXT GENERATION EU - TRASPORTO RAPIDO DI MASSA - MISURA M2C2 - INV 4.2 DEL PNRR - CUP: J91B21002850001 REGOLAMENTAZIONE TEMPORANEA DELLA CIRCOLAZIONE STRADALE SU VIA PICCINNI, VIA ABATE GIMMA, VIA CALEFATI, VIA PUTIGNANI, VIA DANTE, VIA PRINCIPE AMEDEO, VIA NICOLAI, VIA GARRUBA, VIA CRISANZIO, NEL TRATTO COMPRESO TRA VIA SAGARRIGA VISCONTI E VIA DE ROSSI - DAL GIORNO 01.06.2026 AL GIORNO 15.06.2026 DALLE ORE 23:30 ALLE ORE 5:30 DEL GIORNO SUCCESSIVO IMPRESA ESECUTRICE: R.T.I. COBAR S.P.A. - MER MEC STE S.R.L. <br><br>Durata e tempistiche: 01/06/2026 - 15/06/2026 23:30-05:30<br><br>Ordinanza 2026/02566<br>https://drive.google.com/file/d/1tsirbq0qU7cR60RdY0HRpQ18wiuq4uaC/view<br>LAVORI DI REALIZZAZIONE DI UN SISTEMA BRT PER LA CITTÀ DI BARI -<br>FINANZIATO DALLA UNIONE EUROPEA NEXT GENERATION EU -<br>TRASPORTO RAPIDO DI MASSA - MISURA M2C2 - INV 4.2 DEL PNRR - CUP:<br>J91B21002850001<br>REGOLAMENTAZIONE TEMPORANEA DELLA CIRCOLAZIONE STRADALE SU<br>VIA PICCINNI, VIA ABATE GIMMA, VIA CALEFATI, VIA PUTIGNANI, VIA DANTE,<br>VIA PRINCIPE AMEDEO, VIA NICOLAI, VIA GARRUBA, VIA CRISANZIO, NEL<br>TRATTO COMPRESO TRA VIA SAGARRIGA VISCONTI E VIA DE ROSSI - DAL<br>GIORNO 19.05.2026 AL GIORNO 31.05.2026 DALLE ORE 23:30 ALLE ORE 5:30<br>DEL GIORNO SUCCESSIVO<br>IMPRESA ESECUTRICE: R.T.I. COBAR S.P.A. - MER MEC STE S.R.L.<br><br>Durata e Tempistiche: 19/05/2026 - 31/05/2026]]></description>
      <styleUrl>#line-E65100-4100</styleUrl>
      <LineString>
        <tessellate>1</tessellate>
        <coordinates>
          16.8635281,41.1195054,0
          16.8657118,41.1196251,0
        </coordinates>
      </LineString>
    </Placemark>
    <Placemark>
      <name>ORDINANZA 2026/03742
DIVIETO DI TRANSITO
VIA NICCOLÒ PICCINNI, TRA VIA SAGARRIGA VISCONTI E VIA DE ROSSI
VIA ABATE GIMMA, TRA VIA SAGARRIGA VISCONTI E VIA DE ROSSI
VIA ALESSANDRO MARIA CALEFATI, TRA VIA SAGARRIGA VISCONTI E VIA DE ROSSI
VIA NICCOLÒ PUTIGNANI, TRA VIA SAGARRIGA VISCONTI E VIA DE ROSSI
VIA DANTE ALIGHIERI, TRA VIA SAGARRIGA VISCONTI E VIA DE ROSSI
VIA PRINCIPE AMEDEO, TRA VIA SAGARRIGA VISCONTI E VIA DE ROSSI
VIA DOMENICO NICOLAI, TRA VIA SAGARRIGA VISCONTI E VIA DE ROSSI
VIA MICHELE GARRUBA, TRA VIA SAGARRIGA VISCONTI E VIA DE ROSSI
VIA SCIPIONE CRISANZIO, TRA VIA SAGARRIGA VISCONTI E VIA BEATA ELIA DI SAN CLEMENTE
LAVORI DI REALIZZAZIONE DI UN SISTEMA BRT PER LA CITTÀ DI BARI
IMPRESA ESECUTRICE: R.T.I. COBAR S.P.A. - MER MEC STE S.R.L.
29/06/2026 - 31/08/2026 23:30-05:30</name>
      <description><![CDATA[PROROGATA FINO AL 31/08/206 DALLA Ordinanza 2026/03742<br>https://drive.google.com/file/d/1Tz9zg6W06XOLNfLPe-kasbwc7gc_dPhM/view<br><br>2026/03163<br><br>https://drive.google.com/file/d/1nsfAJlhqAnFpPLSiq13pNfVirgYclHN6/view<br><br>PROROGA DELL’ORDINANZA DIRIGENZIALE N. 2026/02925<br>LAVORI DI REALIZZAZIONE DI UN SISTEMA BRT PER LA CITTÀ DI BARI -<br>FINANZIATO DALLA UNIONE EUROPEA NEXT GENERATION EU -<br>TRASPORTO RAPIDO DI MASSA - MISURA M2C2 - INV 4.2 DEL PNRR - CUP:<br>J91B21002850001<br>REGOLAMENTAZIONE TEMPORANEA DELLA CIRCOLAZIONE STRADALE SU<br>VIA PICCINNI, VIA ABATE GIMMA, VIA CALEFATI, VIA PUTIGNANI, VIA DANTE,<br>VIA PRINCIPE AMEDEO, VIA NICOLAI, VIA GARRUBA, VIA CRISANZIO, NEL<br>TRATTO COMPRESO TRA VIA SAGARRIGA VISCONTI E VIA DE ROSSI –<br>DALLA DATA DI EMANAZIONE DELLA PRESENTE ORDINANZA AL GIORNO<br>31.07.2026 DALLE ORE 23:30 ALLE ORE 5:30 DEL GIORNO SUCCESSIVO<br>IMPRESA ESECUTRICE: R.T.I. COBAR S.P.A. - MER MEC STE S.R.L.<br><br>29/06/2026 - 31/07/2026	23:30-05:30<br><br>PROROGATA DALLA 2026/02925<br>https://drive.google.com/file/d/1NAf-0JlOoswzBZzsxuDutbdqH8GsKcO0/view<br>FINO AL 30/06/2026<br><br>ORDINANZA 2026/02682 <br>https://drive.google.com/file/d/1bFW1qgPT6CmY2YabPH3DmAO8w3jerFSB/view<br><br>LAVORI DI REALIZZAZIONE DI UN SISTEMA BRT PER LA CITTÀ DI BARI - FINANZIATO DALLA UNIONE EUROPEA NEXT GENERATION EU - TRASPORTO RAPIDO DI MASSA - MISURA M2C2 - INV 4.2 DEL PNRR - CUP: J91B21002850001 REGOLAMENTAZIONE TEMPORANEA DELLA CIRCOLAZIONE STRADALE SU VIA PICCINNI, VIA ABATE GIMMA, VIA CALEFATI, VIA PUTIGNANI, VIA DANTE, VIA PRINCIPE AMEDEO, VIA NICOLAI, VIA GARRUBA, VIA CRISANZIO, NEL TRATTO COMPRESO TRA VIA SAGARRIGA VISCONTI E VIA DE ROSSI - DAL GIORNO 01.06.2026 AL GIORNO 15.06.2026 DALLE ORE 23:30 ALLE ORE 5:30 DEL GIORNO SUCCESSIVO IMPRESA ESECUTRICE: R.T.I. COBAR S.P.A. - MER MEC STE S.R.L. <br><br>Durata e tempistiche: 01/06/2026 - 15/06/2026 23:30-05:30<br><br>Ordinanza 2026/02566<br>https://drive.google.com/file/d/1tsirbq0qU7cR60RdY0HRpQ18wiuq4uaC/view<br>LAVORI DI REALIZZAZIONE DI UN SISTEMA BRT PER LA CITTÀ DI BARI -<br>FINANZIATO DALLA UNIONE EUROPEA NEXT GENERATION EU -<br>TRASPORTO RAPIDO DI MASSA - MISURA M2C2 - INV 4.2 DEL PNRR - CUP:<br>J91B21002850001<br>REGOLAMENTAZIONE TEMPORANEA DELLA CIRCOLAZIONE STRADALE SU<br>VIA PICCINNI, VIA ABATE GIMMA, VIA CALEFATI, VIA PUTIGNANI, VIA DANTE,<br>VIA PRINCIPE AMEDEO, VIA NICOLAI, VIA GARRUBA, VIA CRISANZIO, NEL<br>TRATTO COMPRESO TRA VIA SAGARRIGA VISCONTI E VIA DE ROSSI - DAL<br>GIORNO 19.05.2026 AL GIORNO 31.05.2026 DALLE ORE 23:30 ALLE ORE 5:30<br>DEL GIORNO SUCCESSIVO<br>IMPRESA ESECUTRICE: R.T.I. COBAR S.P.A. - MER MEC STE S.R.L.<br><br>Durata e Tempistiche: 19/05/2026 - 31/05/2026]]></description>
      <styleUrl>#line-E65100-4488</styleUrl>
      <LineString>
        <tessellate>1</tessellate>
        <coordinates>
          16.863351,41.1216455,0
          16.8655289,41.1217769,0
        </coordinates>
      </LineString>
    </Placemark>
    <Placemark>
      <name>ORDINANZA 2026/03742
DIVIETO DI TRANSITO
VIA NICCOLÒ PICCINNI, TRA VIA SAGARRIGA VISCONTI E VIA DE ROSSI
VIA ABATE GIMMA, TRA VIA SAGARRIGA VISCONTI E VIA DE ROSSI
VIA ALESSANDRO MARIA CALEFATI, TRA VIA SAGARRIGA VISCONTI E VIA DE ROSSI
VIA NICCOLÒ PUTIGNANI, TRA VIA SAGARRIGA VISCONTI E VIA DE ROSSI
VIA DANTE ALIGHIERI, TRA VIA SAGARRIGA VISCONTI E VIA DE ROSSI
VIA PRINCIPE AMEDEO, TRA VIA SAGARRIGA VISCONTI E VIA DE ROSSI
VIA DOMENICO NICOLAI, TRA VIA SAGARRIGA VISCONTI E VIA DE ROSSI
VIA MICHELE GARRUBA, TRA VIA SAGARRIGA VISCONTI E VIA DE ROSSI
VIA SCIPIONE CRISANZIO, TRA VIA SAGARRIGA VISCONTI E VIA BEATA ELIA DI SAN CLEMENTE
LAVORI DI REALIZZAZIONE DI UN SISTEMA BRT PER LA CITTÀ DI BARI
IMPRESA ESECUTRICE: R.T.I. COBAR S.P.A. - MER MEC STE S.R.L.
29/06/2026 - 31/08/2026 23:30-05:30</name>
      <description><![CDATA[PROROGATA FINO AL 31/08/206 DALLA Ordinanza 2026/03742<br>https://drive.google.com/file/d/1Tz9zg6W06XOLNfLPe-kasbwc7gc_dPhM/view<br><br>2026/03163<br><br>https://drive.google.com/file/d/1nsfAJlhqAnFpPLSiq13pNfVirgYclHN6/view<br><br>PROROGA DELL’ORDINANZA DIRIGENZIALE N. 2026/02925<br>LAVORI DI REALIZZAZIONE DI UN SISTEMA BRT PER LA CITTÀ DI BARI -<br>FINANZIATO DALLA UNIONE EUROPEA NEXT GENERATION EU -<br>TRASPORTO RAPIDO DI MASSA - MISURA M2C2 - INV 4.2 DEL PNRR - CUP:<br>J91B21002850001<br>REGOLAMENTAZIONE TEMPORANEA DELLA CIRCOLAZIONE STRADALE SU<br>VIA PICCINNI, VIA ABATE GIMMA, VIA CALEFATI, VIA PUTIGNANI, VIA DANTE,<br>VIA PRINCIPE AMEDEO, VIA NICOLAI, VIA GARRUBA, VIA CRISANZIO, NEL<br>TRATTO COMPRESO TRA VIA SAGARRIGA VISCONTI E VIA DE ROSSI –<br>DALLA DATA DI EMANAZIONE DELLA PRESENTE ORDINANZA AL GIORNO<br>31.07.2026 DALLE ORE 23:30 ALLE ORE 5:30 DEL GIORNO SUCCESSIVO<br>IMPRESA ESECUTRICE: R.T.I. COBAR S.P.A. - MER MEC STE S.R.L.<br><br>29/06/2026 - 31/07/2026	23:30-05:30<br><br>PROROGATA DALLA 2026/02925<br>https://drive.google.com/file/d/1NAf-0JlOoswzBZzsxuDutbdqH8GsKcO0/view<br>FINO AL 30/06/2026<br><br>ORDINANZA 2026/02682 <br>https://drive.google.com/file/d/1bFW1qgPT6CmY2YabPH3DmAO8w3jerFSB/view<br><br>LAVORI DI REALIZZAZIONE DI UN SISTEMA BRT PER LA CITTÀ DI BARI - FINANZIATO DALLA UNIONE EUROPEA NEXT GENERATION EU - TRASPORTO RAPIDO DI MASSA - MISURA M2C2 - INV 4.2 DEL PNRR - CUP: J91B21002850001 REGOLAMENTAZIONE TEMPORANEA DELLA CIRCOLAZIONE STRADALE SU VIA PICCINNI, VIA ABATE GIMMA, VIA CALEFATI, VIA PUTIGNANI, VIA DANTE, VIA PRINCIPE AMEDEO, VIA NICOLAI, VIA GARRUBA, VIA CRISANZIO, NEL TRATTO COMPRESO TRA VIA SAGARRIGA VISCONTI E VIA DE ROSSI - DAL GIORNO 01.06.2026 AL GIORNO 15.06.2026 DALLE ORE 23:30 ALLE ORE 5:30 DEL GIORNO SUCCESSIVO IMPRESA ESECUTRICE: R.T.I. COBAR S.P.A. - MER MEC STE S.R.L. <br><br>Durata e tempistiche: 01/06/2026 - 15/06/2026 23:30-05:30<br><br>Ordinanza 2026/02566<br>https://drive.google.com/file/d/1tsirbq0qU7cR60RdY0HRpQ18wiuq4uaC/view<br>LAVORI DI REALIZZAZIONE DI UN SISTEMA BRT PER LA CITTÀ DI BARI -<br>FINANZIATO DALLA UNIONE EUROPEA NEXT GENERATION EU -<br>TRASPORTO RAPIDO DI MASSA - MISURA M2C2 - INV 4.2 DEL PNRR - CUP:<br>J91B21002850001<br>REGOLAMENTAZIONE TEMPORANEA DELLA CIRCOLAZIONE STRADALE SU<br>VIA PICCINNI, VIA ABATE GIMMA, VIA CALEFATI, VIA PUTIGNANI, VIA DANTE,<br>VIA PRINCIPE AMEDEO, VIA NICOLAI, VIA GARRUBA, VIA CRISANZIO, NEL<br>TRATTO COMPRESO TRA VIA SAGARRIGA VISCONTI E VIA DE ROSSI - DAL<br>GIORNO 19.05.2026 AL GIORNO 31.05.2026 DALLE ORE 23:30 ALLE ORE 5:30<br>DEL GIORNO SUCCESSIVO<br>IMPRESA ESECUTRICE: R.T.I. COBAR S.P.A. - MER MEC STE S.R.L.<br><br>Durata e Tempistiche: 19/05/2026 - 31/05/2026]]></description>
      <styleUrl>#line-E65100-3906</styleUrl>
      <LineString>
        <tessellate>1</tessellate>
        <coordinates>
          16.8634153,41.1210131,0
          16.8655799,41.1211303,0
        </coordinates>
      </LineString>
    </Placemark>
    <Placemark>
      <name>ORDINANZA 2026/03910
RESTRINGIMENTO DELLA CARREGGIATA
VIALE OTTORINO RESPIGHI DA VIALE CASAVOLA A I TRAVERSA OTTORINO RESPIGHIO 
STAFFAGGIO DI CANALINA ELETTRICA
IMPRESA ESECUTRICE:DMF COSTRUZIONI S.R.L.
02/07/2026 - 31/10/2026
</name>
      <description><![CDATA[PROROGA:<br>02/07/2026 - 31/10/2026<br>ORDINANZA 2026/03910<br>https://drive.google.com/file/d/17a3RI5G2ggAtrhpDHaXQAutt3orNnQbr/view<br><br>RIPRESA LAVORI IL 02/07/2026 FINOAL 31/08/2026<br>Ordinanza 2026/03288<br>https://drive.google.com/file/d/1BjH59Bc1aCcOV0EBKicXu40wNBWpB6dY/view<br><br>Ordinanza: 2026/02635<br><br>https://drive.google.com/file/d/1hPd7JJgH8ULGCvZO6jiK-E3BeSbm4_fL/view<br><br>ORDINANZA PER ISTITUIRE TEMPORANEAMENTE UN RESTRINGIMENTO<br>CARREGGIATA SU VIALE OTTORINO RESPIGHI DA VIALE CASAVOLA A I°<br>TRAVERSA OTTORINO RESPIGHI PER LAVORI DI STAFFAGGIO DI CANALINA<br>ELETTRICA SUL BORDO DELLA CAMPATA DEL PONTE DI VIA RESPIGHI AL<br>FINE DI GARANTIRE LE MASSIME CONDIZIONI DI SICUREZZA<br>IMPRESA: DMF COSTRUZIONI S.R.L.<br>ISTANTE: LOSACCO LUIGI (LEGALE RAPPRESENTANTE DELLA DMF<br>COSTRUZIONI S.R.L.)<br><br>Durata e tempistiche: 25/05/2026 - 05/06/2026]]></description>
      <styleUrl>#icon-1541-E65100</styleUrl>
      <Point>
        <coordinates>
          16.8269675,41.1336972,0
        </coordinates>
      </Point>
    </Placemark>
    <Placemark>
      <name><![CDATA[ORDINANZA 2026/02697
RESTRINGIMENTO DI CARREGGIATA E
DEROGA AL DIVIETO DI FERMATA IN LOCO ISTITUITO PER I MEZZI AL
SERVIZIO DEL RICHIEDENTE
VIALE UNITÀ D'ITALIA 34 TRATTO TRA VIA P. IOLANDA E VIA PISANELLI
POSIZIONAMENTO PIATTAFORMA AEREO
RICHIEDENTE: SIG. TRAVERSA GIUSEPPE 
08/06/2026 - 09/06/2027
9.00 - 12.00/15.00 - 17.00]]></name>
      <description><![CDATA[ORDINANZA 2026/02697<br><br>https://drive.google.com/file/d/1fw9oWV2mYlHBVFlOZ9lbSwIj5aIQ8FQn/view<br><br>RESTRINGIMENTO DI CARREGGIATA E<br>DEROGA AL DIVIETO DI FERMATA IN LOCO ISTITUITO PER I MEZZI AL<br>SERVIZIO DEL RICHIEDENTE<br>VIALE UNITÀ D'ITALIA 34 TRATTO TRA VIA P. IOLANDA E VIA PISANELLI<br>POSIZIONAMENTO PIATTAFORMA AEREO<br>RICHIEDENTE: SIG. TRAVERSA GIUSEPPE <br>Durata e Tempistiche: 08/06/2026 - 09/06/2027<br>9.00 - 12.00/15.00 - 17.00]]></description>
      <styleUrl>#line-E65100-3131</styleUrl>
      <LineString>
        <tessellate>1</tessellate>
        <coordinates>
          16.87321,41.1164119,0
          16.8733307,41.1153187,0
        </coordinates>
      </LineString>
    </Placemark>
    <Placemark>
      <name><![CDATA[ORDINANZA 2026/02697
RESTRINGIMENTO DI CARREGGIATA E
DEROGA AL DIVIETO DI FERMATA IN LOCO ISTITUITO PER I MEZZI AL
SERVIZIO DEL RICHIEDENTE
VIALE UNITÀ D'ITALIA 34 TRATTO TRA VIA P. IOLANDA E VIA PISANELLI
POSIZIONAMENTO PIATTAFORMA AEREO
RICHIEDENTE: SIG. TRAVERSA GIUSEPPE 
08/06/2026 - 09/06/2027
9.00 - 12.00/15.00 - 17.00]]></name>
      <description><![CDATA[RETTIFICA 2026/02715:<br> https://drive.google.com/file/d/115xtijeFKzrwkPjXTBo4IXGcJXkbnpIq/view <br>(ERRORE NELL'OGGETTO)<br><br>ORDINANZA 2026/02697<br><br>https://drive.google.com/file/d/1fw9oWV2mYlHBVFlOZ9lbSwIj5aIQ8FQn/view<br><br>RESTRINGIMENTO DI CARREGGIATA E<br>DEROGA AL DIVIETO DI FERMATA IN LOCO ISTITUITO PER I MEZZI AL<br>SERVIZIO DEL RICHIEDENTE<br>VIALE UNITÀ D'ITALIA 34 TRATTO TRA VIA P. IOLANDA E VIA PISANELLI<br>POSIZIONAMENTO PIATTAFORMA AEREO<br>RICHIEDENTE: SIG. TRAVERSA GIUSEPPE<br>Durata e Tempistiche: 08/06/2026 - 09/06/2027<br>9.00 - 12.00/15.00 - 17.00]]></description>
      <styleUrl>#icon-1541-E65100</styleUrl>
      <Point>
        <coordinates>
          16.8732957,41.1163866,0
        </coordinates>
      </Point>
    </Placemark>
    <Placemark>
      <name>ORDINANZA 2026/02854 
DIVIETO DI SOSTA CON RIMOZIONE FORZATA E RESTRINGIMENTO DI CARREGGIATA
VIA CURZIO DEI MILLE 47/45 E 52/50 TRATTO COMPRESO TRA VIA PETRU E VIA DAVIDE LOPEZ
POSIZIONAMENTO DI RECINZIONE DI CARTIERE
19/06//2026 - 30/12/2026   
</name>
      <description><![CDATA[ORDINANZA 2026/02854 <br><br>https://drive.google.com/file/d/1_N2OiEqSPWaFlU0sytE1SSN4Y3WXPIRT/view<br><br>DIVIETO DI SOSTA CON RIMOZIONE FORZATA E RESTRINGIMENTO DI CARREGGIATA SU VIA CURZIO DEI MILLE 47/45 E 52/50 TRATTO COMPRESO TRA VIA PETRU E VIA DAVIDE LOPEZ PER POSIZIONAMENTO DI RECINZIONE DI CARTIERE DAL 19/06/2026 AL 30/12/2026 RICHIEDENTE: SIG.RA LACALENDOLA CAROLA <br><br><br>Durata e tempistiche: 19/06//2026 - 30/12/2026]]></description>
      <styleUrl>#icon-1541-E65100</styleUrl>
      <Point>
        <coordinates>
          16.8490615,41.1261083,0
        </coordinates>
      </Point>
    </Placemark>
    <Placemark>
      <name>ORDINANZA 2026/03984
RESTRINGIMENTO CARREGGIATA, DIVIETO DI FERMATA
VIA DELLA RESISTENZA TRA VIA JACINI E VIALE GIUSEPPE DI VITTORIO
LAVORI DI REALIZZAZIONE DI UN SISTEMA BRT PER LA CITTÀ DI BARI -
IMPRESA ESECUTRICE:R.T.I. COBAR S.P.A. - MER MEC STE S.R.L. 
01/09/2026 - 31/10/2026 
</name>
      <description><![CDATA[ORDINANZA 2026/03984<br>https://drive.google.com/file/d/1vacln7__3W7gFNHP4qyB54RxfD44iy0t/view<br>LAVORI DI REALIZZAZIONE DI UN SISTEMA BRT PER LA CITTÀ DI BARI -<br>FINANZIATO DALLA UNIONE EUROPEA NEXT GENERATION EU -<br>TRASPORTO RAPIDO DI MASSA - MISURA M2C2 - INV 4.2 DEL PNRR - CUP:<br>J91B21002850001<br>REGOLAMENTAZIONE TEMPORANEA DELLA CIRCOLAZIONE STRADALE SU<br>VIA DELLA RESISTENZA NEL TRATTO STRADALE COMPRESO TRA VIA<br>JACINI E VIALE GIUSEPPE DI VITTORIO<br>TERMINE E DURATA: DAL GIORNO 01/09/2026 AL 31/10/2026<br><br>PROROGATA DALLA 2026/03743<br>FINO AL 31/08/2026 <br>https://drive.google.com/file/d/1VgGlN7JXnUK4081LEUjpTPqD9S32Sv9A/view<br><br>2026/03164<br><br>https://drive.google.com/file/d/1ygp7Zyzr4d5U9LaluSpj7YBzBsTyGVlm/view<br><br> PROROGA DELL’ORDINANZA DIRIGENZIALE N. 2026/02875<br>LAVORI DI REALIZZAZIONE DI UN SISTEMA BRT PER LA CITTÀ DI BARI -<br>FINANZIATO DALLA UNIONE EUROPEA NEXT GENERATION EU -<br>TRASPORTO RAPIDO DI MASSA - MISURA M2C2 - INV 4.2 DEL PNRR - CUP:<br>J91B21002850001<br>REGOLAMENTAZIONE TEMPORANEA DELLA CIRCOLAZIONE STRADALE SU<br>VIA DELLA RESISTENZA NEL TRATTO STRADALE COMPRESO TRA VIA<br>JACINI E VIALE GIUSEPPE DI VITTORIO FINO AL 31.07.2026<br>IMPRESA ESECUTRICE: R.T.I. COBAR S.P.A. - MER MEC STE S.R.L.<br><br>29/06/2026 - 31/07/2026 <br><br>Ordinanza 2026/02875<br><br>https://drive.google.com/file/d/1ksOh6C9knWOC_peFxuQeOMPtmadnujpV/view<br><br>LAVORI DI REALIZZAZIONE DI UN SISTEMA BRT PER LA CITTÀ DI BARI -<br>FINANZIATO DALLA UNIONE EUROPEA NEXT GENERATION EU -<br>TRASPORTO RAPIDO DI MASSA - MISURA M2C2 - INV 4.2 DEL PNRR - CUP:<br>J91B21002850001<br>REGOLAMENTAZIONE TEMPORANEA DELLA CIRCOLAZIONE STRADALE SU<br>VIA DELLA RESISTENZA NEL TRATTO STRADALE COMPRESO TRA VIA<br>JACINI E VIALE GIUSEPPE DI VITTORIO FINO AL 30.06.2026<br>IMPRESA ESECUTRICE: R.T.I. COBAR S.P.A. - MER MEC STE S.R.L.<br><br>Durata e tempistiche: 12/06/2026 - 30/06/2026]]></description>
      <styleUrl>#icon-1541-E65100</styleUrl>
      <Point>
        <coordinates>
          16.8750772,41.1068876,0
        </coordinates>
      </Point>
    </Placemark>
    <Placemark>
      <name>ORDINANZA 2026/03984
RESTRINGIMENTO CARREGGIATA, DIVIETO DI FERMATA
VIA DELLA RESISTENZA TRA VIA JACINI E VIALE GIUSEPPE DI VITTORIO
LAVORI DI REALIZZAZIONE DI UN SISTEMA BRT PER LA CITTÀ DI BARI -
IMPRESA ESECUTRICE:R.T.I. COBAR S.P.A. - MER MEC STE S.R.L. 
01/09/2026 - 31/10/2026 
</name>
      <description><![CDATA[ORDINANZA 2026/03984<br>https://drive.google.com/file/d/1vacln7__3W7gFNHP4qyB54RxfD44iy0t/view<br>LAVORI DI REALIZZAZIONE DI UN SISTEMA BRT PER LA CITTÀ DI BARI -<br>FINANZIATO DALLA UNIONE EUROPEA NEXT GENERATION EU -<br>TRASPORTO RAPIDO DI MASSA - MISURA M2C2 - INV 4.2 DEL PNRR - CUP:<br>J91B21002850001<br>REGOLAMENTAZIONE TEMPORANEA DELLA CIRCOLAZIONE STRADALE SU<br>VIA DELLA RESISTENZA NEL TRATTO STRADALE COMPRESO TRA VIA<br>JACINI E VIALE GIUSEPPE DI VITTORIO<br>TERMINE E DURATA: DAL GIORNO 01/09/2026 AL 31/10/2026<br><br>PROROGATA DALLA 2026/03743<br>FINO AL 31/08/2026 <br>https://drive.google.com/file/d/1VgGlN7JXnUK4081LEUjpTPqD9S32Sv9A/view<br><br>2026/03164<br><br>https://drive.google.com/file/d/1ygp7Zyzr4d5U9LaluSpj7YBzBsTyGVlm/view<br><br> PROROGA DELL’ORDINANZA DIRIGENZIALE N. 2026/02875<br>LAVORI DI REALIZZAZIONE DI UN SISTEMA BRT PER LA CITTÀ DI BARI -<br>FINANZIATO DALLA UNIONE EUROPEA NEXT GENERATION EU -<br>TRASPORTO RAPIDO DI MASSA - MISURA M2C2 - INV 4.2 DEL PNRR - CUP:<br>J91B21002850001<br>REGOLAMENTAZIONE TEMPORANEA DELLA CIRCOLAZIONE STRADALE SU<br>VIA DELLA RESISTENZA NEL TRATTO STRADALE COMPRESO TRA VIA<br>JACINI E VIALE GIUSEPPE DI VITTORIO FINO AL 31.07.2026<br>IMPRESA ESECUTRICE: R.T.I. COBAR S.P.A. - MER MEC STE S.R.L.<br><br>29/06/2026 - 31/07/2026 <br><br>Ordinanza 2026/02875<br><br>https://drive.google.com/file/d/1ksOh6C9knWOC_peFxuQeOMPtmadnujpV/view<br><br>LAVORI DI REALIZZAZIONE DI UN SISTEMA BRT PER LA CITTÀ DI BARI -<br>FINANZIATO DALLA UNIONE EUROPEA NEXT GENERATION EU -<br>TRASPORTO RAPIDO DI MASSA - MISURA M2C2 - INV 4.2 DEL PNRR - CUP:<br>J91B21002850001<br>REGOLAMENTAZIONE TEMPORANEA DELLA CIRCOLAZIONE STRADALE SU<br>VIA DELLA RESISTENZA NEL TRATTO STRADALE COMPRESO TRA VIA<br>JACINI E VIALE GIUSEPPE DI VITTORIO FINO AL 30.06.2026<br>IMPRESA ESECUTRICE: R.T.I. COBAR S.P.A. - MER MEC STE S.R.L.<br><br>Durata e tempistiche: 12/06/2026 - 30/06/2026]]></description>
      <styleUrl>#line-E65100-4100</styleUrl>
      <LineString>
        <tessellate>1</tessellate>
        <coordinates>
          16.8749055,41.1068755,0
          16.8753937,41.1040865,0
        </coordinates>
      </LineString>
    </Placemark>
    <Placemark>
      <name>ORDINANZA 2026/02914 
DIVIETO DI SOSTA 
VIA ITALO BALBO TRA VIA G. PRIOLO E LA VIA GEN. G. VACCA, LATO PIAZZA G. BELLINI
TRANSITO DEI MEZZI DI CANTIERE
IMPRESA ESECUTRICE: DI GROUP BUILDINGS 
24/06//2026 - 21/10/2026  
</name>
      <description><![CDATA[ORDINANZA 2026/02914 <br><br>https://drive.google.com/file/d/1q4DE7vfG8veLk16dPYr1wg_6rtNiAKis/view<br><br>ORDINANZA PER TEMPORANEA ISTITUZIONE DEL DIVIETO DI SOSTA ZONA RIMOZIONE SU VIA ITALO BALBO NEL TRATTO COMPRESO TRA VIA G. PRIOLO E LA VIA GEN. G. VACCA, LATO PIAZZA G. BELLINI, DEROGA TEMPORANEA AL SENSO UNICO DI CIRCOLAZIONE PRESENTE SULLA VIA BALBO TRATTO COMPRESO TRA LA GEN. G. VACCA E LA VIA G. PRIOLO E DEROGA SU VIA PRIOLO TRATTO COMPRESO TRA LA VIA CAPUTO E LA VIA BALBO IN VARIE DATE COMPRESE TRA IL 24/06/2026 E IL 21/10/2026 PER CONSENTIRE IL TRANSITO DEI MEZZI DI CANTIERE NECESSARI PER L’ESECUZIONE DEL GETTO DI CLS PER LA REALIZZAZIONE DI UN NUOVO FABBRICATO. SOCIETÀ: DI GROUP BUILDINGS S.R.L. ISTANTE: DILERMA PIETRO <br><br>24/06/2026 – 01/07/2026 – 08/07/2026 – 15/07/2026 – 22/07/2026 – 29/07/2026 – 05/08/2026 – 12/08/2026 – 19/08/2026 – 26/08/2026 – 02/09/2026 – 09/09/2026 – 16/09/2026 – 23/09/2026 – 30/09/2026 – 07/10/2026 – 14/10/2026 – 21/10/2026 1. Istituzione temporanea del divieto di sosta-rimozione coatta su via Italo Balbo nel tratto stradale compreso tra la via Priolo e la via Vacca, lato Piazza G. Bellini; 2. Deroga temporanea del senso unico di circolazione presente sulla via Balbo tatto compreso tra la via Vacca e la via Priolo per il tempo strettamente necessario al solo transito dei veicoli di cantiere, con l’ausilio di movieri dotati di idoneo equipaggiamento che dovranno posizionarsi alle intersezioni via Priolo/via Balbo e via Balbo/via Vacca; 3. Deroga temporanea al senso unico di circolazione presente sulla via Priolo tratto compreso tra la via Caputo e la via Balbo per il tempo strettamente necessario al solo transito dei mezzi di cantiere con l’ausilio di movieri dotati di idoneo equipaggiamento che dovranno posizionarsi alle intersezioni via Priolo/via Balbo e via Priolo/via Caputo; 4. Deroga temporanea al divieto di transito per mezzi superiori ai 35 t. vigente sulla via Vittorio Veneto a partire dall’intersezione con via Nazionale; 5. Il passaggio dei veicoli dovrà essere effettuato a velocità particolarmente ridotta e accompagnato da movieri di idoneo equipaggiamento; 6. Durante l’esecuzione dei lavori dovrà essere garantito l’accesso/uscita in zona ai residenti e mezzi di soccorso e/o polizia, con particolare attenzione al transito pedonale e alle persone con ridotte capacità motorie; 7. Dovranno essere lasciati liberi e fruibili gli accessi privati; 8. Tutti i provvedimenti in contrasto con la presente sono momentaneamente e provvisoriamente sospesi e divengono nuovamente efficaci all’esaurimento dei termini previsti dal presente disposto; <br><br>Durata e tempistiche: 24/06//2026 - 21/10/2026  ]]></description>
      <styleUrl>#line-E65100-3519</styleUrl>
      <LineString>
        <tessellate>1</tessellate>
        <coordinates>
          16.7631695,41.1513848,0
          16.7635746,41.1512778,0
        </coordinates>
      </LineString>
    </Placemark>
    <Placemark>
      <name>ORDINANZA 2026/02914 
DIVIETO DI SOSTA 
VIA ITALO BALBO TRA VIA G. PRIOLO E LA VIA GEN. G. VACCA, LATO PIAZZA G. BELLINI
TRANSITO DEI MEZZI DI CANTIERE
IMPRESA ESECUTRICE: DI GROUP BUILDINGS 
24/06//2026 - 21/10/2026   
</name>
      <description><![CDATA[ORDINANZA 2026/02914 <br><br>https://drive.google.com/file/d/1q4DE7vfG8veLk16dPYr1wg_6rtNiAKis/view<br><br>ORDINANZA PER TEMPORANEA ISTITUZIONE DEL DIVIETO DI SOSTA ZONA RIMOZIONE SU VIA ITALO BALBO NEL TRATTO COMPRESO TRA VIA G. PRIOLO E LA VIA GEN. G. VACCA, LATO PIAZZA G. BELLINI, DEROGA TEMPORANEA AL SENSO UNICO DI CIRCOLAZIONE PRESENTE SULLA VIA BALBO TRATTO COMPRESO TRA LA GEN. G. VACCA E LA VIA G. PRIOLO E DEROGA SU VIA PRIOLO TRATTO COMPRESO TRA LA VIA CAPUTO E LA VIA BALBO IN VARIE DATE COMPRESE TRA IL 24/06/2026 E IL 21/10/2026 PER CONSENTIRE IL TRANSITO DEI MEZZI DI CANTIERE NECESSARI PER L’ESECUZIONE DEL GETTO DI CLS PER LA REALIZZAZIONE DI UN NUOVO FABBRICATO. SOCIETÀ: DI GROUP BUILDINGS S.R.L. ISTANTE: DILERMA PIETRO <br><br>24/06/2026 – 01/07/2026 – 08/07/2026 – 15/07/2026 – 22/07/2026 – 29/07/2026 – 05/08/2026 – 12/08/2026 – 19/08/2026 – 26/08/2026 – 02/09/2026 – 09/09/2026 – 16/09/2026 – 23/09/2026 – 30/09/2026 – 07/10/2026 – 14/10/2026 – 21/10/2026 1. Istituzione temporanea del divieto di sosta-rimozione coatta su via Italo Balbo nel tratto stradale compreso tra la via Priolo e la via Vacca, lato Piazza G. Bellini; 2. Deroga temporanea del senso unico di circolazione presente sulla via Balbo tatto compreso tra la via Vacca e la via Priolo per il tempo strettamente necessario al solo transito dei veicoli di cantiere, con l’ausilio di movieri dotati di idoneo equipaggiamento che dovranno posizionarsi alle intersezioni via Priolo/via Balbo e via Balbo/via Vacca; 3. Deroga temporanea al senso unico di circolazione presente sulla via Priolo tratto compreso tra la via Caputo e la via Balbo per il tempo strettamente necessario al solo transito dei mezzi di cantiere con l’ausilio di movieri dotati di idoneo equipaggiamento che dovranno posizionarsi alle intersezioni via Priolo/via Balbo e via Priolo/via Caputo; 4. Deroga temporanea al divieto di transito per mezzi superiori ai 35 t. vigente sulla via Vittorio Veneto a partire dall’intersezione con via Nazionale; 5. Il passaggio dei veicoli dovrà essere effettuato a velocità particolarmente ridotta e accompagnato da movieri di idoneo equipaggiamento; 6. Durante l’esecuzione dei lavori dovrà essere garantito l’accesso/uscita in zona ai residenti e mezzi di soccorso e/o polizia, con particolare attenzione al transito pedonale e alle persone con ridotte capacità motorie; 7. Dovranno essere lasciati liberi e fruibili gli accessi privati; 8. Tutti i provvedimenti in contrasto con la presente sono momentaneamente e provvisoriamente sospesi e divengono nuovamente efficaci all’esaurimento dei termini previsti dal presente disposto; <br><br>Durata e tempistiche: 24/06//2026 - 21/10/2026  ]]></description>
      <styleUrl>#icon-1541-E65100</styleUrl>
      <Point>
        <coordinates>
          16.7632768,41.1513333,0
        </coordinates>
      </Point>
    </Placemark>
    <Placemark>
      <name>ORDINANZA 2026/03768
DIVIETO DI SOSTA AMBO I LATI DELLA DEL CARREGGIATA CON RESTRINGIMENTO CARREGGIATA
VIA ARISTOSSENO DA VIA PEUCETIA A VIA MADRE CLELIA MERLONI
VIA APULIA DA VIA OBERDAN AL CIVICO 3 DI VIA APULIA
LAVORI DI SCAVO PER LA POSA CAVI MT
IMPRESA ESECUTRICE: DMF COSTRUZIONI S.R.L.
22/06/2026 - 30/09/2026</name>
      <description><![CDATA[PROROGATA FINO AL 30/09/2026 DALLA <br>2026/03768<br>https://drive.google.com/file/d/1KghMVZELeAy1MDmvySi2JP_HOA-3BFpL/view<br>---------------<br>Ordinanza 2026/02933<br><br>https://drive.google.com/file/d/1ffXolT7LBFZmGoOkFX4Pvqv_y-e-Gp6c/view<br><br>ORDINANZA PER ISTITUIRE TEMPORANEAMENTE UN DIVIETO DI SOSTA<br>AMBO I LATI DELLA DEL CARREGGIATA CON RESTRINGIMENTO<br>CARREGGIATA SU VIA ARISTOSSENO: DA VIA PEUCETIA A VIA MADRE<br>CLELIA MERLONI E VIA APULIA: DA VIA OBERDAN AL CIVICO 3 DI VIA<br>APULIA, PER LAVORI DI SCAVO PER LA POSA CAVI MT <br>IMPRESA: DMF COSTRUZIONI S.R.L.<br>ISTANTE: LOSACCO LUIGI (LEGALE RAPPRESENTANTE DELLA DMF<br>COSTRUZIONI S.R.L.)<br><br>Durata e Tempistiche: 22/06/2026 - 31/07/2026.]]></description>
      <styleUrl>#line-E65100-3713</styleUrl>
      <LineString>
        <tessellate>1</tessellate>
        <coordinates>
          16.8883949,41.1168497,0
          16.8878551,41.1160369,0
          16.8877693,41.1158753,0
          16.8875708,41.1155156,0
          16.8874313,41.1153378,0
          16.887367,41.1152004,0
          16.8874152,41.115067,0
          16.8874152,41.1149457,0
          16.8872436,41.1146911,0
          16.8872168,41.1144486,0
          16.8871953,41.1143436,0
        </coordinates>
      </LineString>
    </Placemark>
    <Placemark>
      <name>ORDINANZA 2026/03768
DIVIETO DI SOSTA AMBO I LATI DELLA DEL CARREGGIATA CON RESTRINGIMENTO CARREGGIATA
VIA ARISTOSSENO DA VIA PEUCETIA A VIA MADRE CLELIA MERLONI
VIA APULIA DA VIA OBERDAN AL CIVICO 3 DI VIA APULIA
LAVORI DI SCAVO PER LA POSA CAVI MT
IMPRESA ESECUTRICE: DMF COSTRUZIONI S.R.L.
22/06/2026 - 30/09/2026</name>
      <description><![CDATA[PROROGATA FINO AL 30/09/2026 DALLA <br>2026/03768<br>https://drive.google.com/file/d/1KghMVZELeAy1MDmvySi2JP_HOA-3BFpL/view<br><br>Ordinanza 2026/02933<br><br>https://drive.google.com/file/d/1ffXolT7LBFZmGoOkFX4Pvqv_y-e-Gp6c/view<br><br>ORDINANZA PER ISTITUIRE TEMPORANEAMENTE UN DIVIETO DI SOSTA<br>AMBO I LATI DELLA DEL CARREGGIATA CON RESTRINGIMENTO<br>CARREGGIATA SU VIA ARISTOSSENO: DA VIA PEUCETIA A VIA MADRE<br>CLELIA MERLONI E VIA APULIA: DA VIA OBERDAN AL CIVICO 3 DI VIA<br>APULIA, PER LAVORI DI SCAVO PER LA POSA CAVI MT <br>IMPRESA: DMF COSTRUZIONI S.R.L.<br>ISTANTE: LOSACCO LUIGI (LEGALE RAPPRESENTANTE DELLA DMF<br>COSTRUZIONI S.R.L.)<br><br>Durata e Tempistiche: 22/06/2026 - 31/07/2026]]></description>
      <styleUrl>#icon-1541-E65100</styleUrl>
      <Point>
        <coordinates>
          16.8873632,41.1144002,0
        </coordinates>
      </Point>
    </Placemark>
    <Placemark>
      <name>ORDINANZA 2026/03769
DIVIETO DI SOSTA AMBO I LATI DELLA DEL CARREGGIATA CON RESTRINGIMENTO CARREGGIATA
VIA OBERDAN DA VIA APULIA E A VIA MASANIELLO
LAVORI DI SCAVO PER LA POSA CAVI MT
IMPRESA ESECUTRICE: DMF COSTRUZIONI S.R.L.
23/06/2026 - 30/09/2026</name>
      <description><![CDATA[PROROGATA DALLA 2026/03769<br>FINO AL 30/09/2026<br>https://drive.google.com/file/d/179taE0TRtnVbKFgVc5EhgdBUxjG_dZFj/view<br>---------<br>Ordinanza: 2026/02934<br><br>https://drive.google.com/file/d/1-V7ydasg5qgU7FCAingSwQP1T3pMr7Pw/view<br><br>ORDINANZA PER ISTITUIRE TEMPORANEAMENTE UN DIVIETO DI SOSTA<br>AMBO I LATI DELLA DEL CARREGGIATA CON RESTRINGIMENTO<br>CARREGGIATA SU VIA OBERDAN: DA VIA APULIA E A VIA MASANIELLO, PER<br>LAVORI DI SCAVO PER LA POSA CAVI MT <br>IMPRESA: DMF COSTRUZIONI S.R.L.<br>ISTANTE: LOSACCO LUIGI (LEGALE RAPPRESENTANTE DELLA DMF<br>COSTRUZIONI S.R.L.)<br><br>Durata e tempistiche: 23/06/2026 - 30/07/2026]]></description>
      <styleUrl>#line-E65100-4488</styleUrl>
      <LineString>
        <tessellate>1</tessellate>
        <coordinates>
          16.8866776,41.1172178,0
          16.8883433,41.1168804,0
        </coordinates>
      </LineString>
    </Placemark>
    <Placemark>
      <name>ORDINANZA 2026/03769
DIVIETO DI SOSTA AMBO I LATI DELLA DEL CARREGGIATA CON RESTRINGIMENTO CARREGGIATA
VIA OBERDAN DA VIA APULIA E A VIA MASANIELLO
LAVORI DI SCAVO PER LA POSA CAVI MT
IMPRESA ESECUTRICE: DMF COSTRUZIONI S.R.L.
23/06/2026 - 30/09/2026
</name>
      <description><![CDATA[PROROGATA DALLA 2026/03769<br>FINO AL 30/09/2026<br>https://drive.google.com/file/d/179taE0TRtnVbKFgVc5EhgdBUxjG_dZFj/view<br>--------------------------<br>Ordinanza: 2026/02934<br><br>https://drive.google.com/file/d/1-V7ydasg5qgU7FCAingSwQP1T3pMr7Pw/view<br><br>ORDINANZA PER ISTITUIRE TEMPORANEAMENTE UN DIVIETO DI SOSTA<br>AMBO I LATI DELLA DEL CARREGGIATA CON RESTRINGIMENTO<br>CARREGGIATA SU VIA OBERDAN: DA VIA APULIA E A VIA MASANIELLO, PER<br>LAVORI DI SCAVO PER LA POSA CAVI MT <br>IMPRESA: DMF COSTRUZIONI S.R.L.<br>ISTANTE: LOSACCO LUIGI (LEGALE RAPPRESENTANTE DELLA DMF<br>COSTRUZIONI S.R.L.)<br><br>Durata e tempistiche: 23/06/2026 - 30/07/2026]]></description>
      <styleUrl>#icon-1541-E65100</styleUrl>
      <Point>
        <coordinates>
          16.8881287,41.116845,0
        </coordinates>
      </Point>
    </Placemark>
    <Placemark>
      <name>ORDINANZA 2026/02935
DIVIETO DI SOSTA AMBO I LATI DELLA DEL CARREGGIATA CON RESTRINGIMENTO CARREGGIATA
CORSO SONNINO DAL CIVICO 162 AL CIVICO 4
LAVORI DI SCAVO PER LA POSA CAVI MT
IMPRESA ESECUTRICE: DMF COSTRUZIONI S.R.L.
22/06/2026 - 30/09/2026</name>
      <description><![CDATA[PROROGATA DALLA 2026/03770<br>FINO AL 30/09/2026<br>https://drive.google.com/file/d/1EI5Fxbkn_YHUtudw3-0hh4yCWZGDCm4X/view<br><br>Ordinanza: 2026/02935<br><br>https://drive.google.com/file/d/1JDFSPARjbdPwpUPXd40alAd-_Z-J9iyH/view<br><br>ORDINANZA PER ISTITUIRE TEMPORANEAMENTE UN DIVIETO DI SOSTA<br>AMBO I LATI DELLA DEL CARREGGIATA CON RESTRINGIMENTO<br>CARREGGIATA SU CORSO SONNINO: DAL CIVICO 162 AL CIVICO 4, PER<br>LAVORI DI SCAVO PER LA POSA CAVI MT <br>IMPRESA: DMF COSTRUZIONI S.R.L.<br>ISTANTE: LOSACCO LUIGI (LEGALE RAPPRESENTANTE DELLA DMF<br>COSTRUZIONI S.R.L.)<br><br>Durata e Tempistiche: 22/06/2026 - 30/07/2026]]></description>
      <styleUrl>#line-E65100-3325</styleUrl>
      <LineString>
        <tessellate>1</tessellate>
        <coordinates>
          16.8866097,41.1176239,0
          16.8850218,41.1182342,0
          16.8826776,41.1191758,0
          16.8803011,41.1200649,0
          16.8760823,41.1217396,0
        </coordinates>
      </LineString>
    </Placemark>
    <Placemark>
      <name>ORDINANZA 2026/03770
DIVIETO DI SOSTA AMBO I LATI DELLA DEL CARREGGIATA CON RESTRINGIMENTO CARREGGIATA
CORSO SONNINO DAL CIVICO 162 AL CIVICO 4
LAVORI DI SCAVO PER LA POSA CAVI MT
IMPRESA ESECUTRICE: DMF COSTRUZIONI S.R.L.
22/06/2026 - 30/09/2026</name>
      <description><![CDATA[PROROGATA DALLA 2026/03770<br>FINO AL 30/09/2026<br>https://drive.google.com/file/d/1EI5Fxbkn_YHUtudw3-0hh4yCWZGDCm4X/view<br><br>Ordinanza: 2026/02935<br><br>https://drive.google.com/file/d/1JDFSPARjbdPwpUPXd40alAd-_Z-J9iyH/view<br><br>ORDINANZA PER ISTITUIRE TEMPORANEAMENTE UN DIVIETO DI SOSTA<br>AMBO I LATI DELLA DEL CARREGGIATA CON RESTRINGIMENTO<br>CARREGGIATA SU CORSO SONNINO: DAL CIVICO 162 AL CIVICO 4, PER<br>LAVORI DI SCAVO PER LA POSA CAVI MT <br>IMPRESA: DMF COSTRUZIONI S.R.L.<br>ISTANTE: LOSACCO LUIGI (LEGALE RAPPRESENTANTE DELLA DMF<br>COSTRUZIONI S.R.L.)<br><br>Durata e Tempistiche: 22/06/2026 - 30/07/2026]]></description>
      <styleUrl>#icon-1541-E65100</styleUrl>
      <Point>
        <coordinates>
          16.8865991,41.1177219,0
        </coordinates>
      </Point>
    </Placemark>
    <Placemark>
      <name>ORDINANZA 2026/03007 
ISTITUZIONE DELL’AREA PEDONALE
LUNGOMARE CRISTOFORO COLOMBO TRA VIA GIUSEPPE VACCA E CORSO UMBERTO I IN SANTO SPIRITO
Giugno: 27, 28 Luglio: 4, 5, 11, 12, 18, 19, 25, 26 Agosto: 1, 2, 8, 9, 14, 15, 16, 22, 23, 29, 30 Settembre: 5, 6, 12, 13, 19, 20, 26, 27. 19:00-24:00
</name>
      <description><![CDATA[ORDINANZA 2026/03007 <br><br>https://drive.google.com/file/d/1ifFFEDlMFyxZE7C9IK6SsFB3OqNgKXAm/view<br><br>ISTITUZIONE DELL’AREA PEDONALE SU LUNGOMARE CRISTOFORO COLOMBO IN SANTO SPIRITO IN VIA PROVVISORIA E SPERIMENTALE. <br><br>È istituita, temporaneamente e in via sperimentale, a decorrere dalla concreta attuazione dell’area pedonale mediante la segnaletica stradale, per i motivi di cui in premessa, l’area pedonale su Lungomare Cristoforo Colombo nel tratto compreso tra Via Giuseppe Vacca e Corso Umberto I in Santo Spirito dalle ore 19.00 alle ore 24.00 durante i seguenti giorni: Giugno: 27, 28 Luglio: 4, 5, 11, 12, 18, 19, 25, 26 Agosto: 1, 2, 8, 9, 14, 15, 16, 22, 23, 29, 30 Settembre: 5, 6, 12, 13, 19, 20, 26, 27. <br> 2. 	è istituita la direzione obbligatoria a destra a tutti i veicoli che percorrono Corso Umberto I in corrispondenza dell’intersezione con Lungomare Cristoforo Colombo, per la corrente di traffico proveniente da via Napoli; 3. è istituita la direzione obbligatoria a sinistra a tutti i veicoli che percorrono Lungomare Cristoforo Colombo in corrispondenza dell’intersezione con Corso Umberto I, per la corrente di traffico proveniente dalla otrre di Santo Spirito; Dai divieti e dalle limitazioni istituiti con la presente Ordinanza sono esclusi i veicoli delle seguenti categorie: Forza Pubblica e Vigili del Fuoco, Enti pubblici e privati di soccorso durante l'espletamento di servizi d'emergenza. <br>Durata e tempistiche: Giugno: 27, 28 Luglio: 4, 5, 11, 12, 18, 19, 25, 26 Agosto: 1, 2, 8, 9, 14, 15, 16, 22, 23, 29, 30 Settembre: 5, 6, 12, 13, 19, 20, 26, 27. 19:00-24:00]]></description>
      <styleUrl>#icon-1541-E65100</styleUrl>
      <Point>
        <coordinates>
          16.7488878,41.1643987,0
        </coordinates>
      </Point>
    </Placemark>
    <Placemark>
      <name>ORDINANZA 2026/03007 
ISTITUZIONE DELL’AREA PEDONALE
LUNGOMARE CRISTOFORO COLOMBO TRA VIA GIUSEPPE VACCA E CORSO UMBERTO I IN SANTO SPIRITO
Giugno: 27, 28 Luglio: 4, 5, 11, 12, 18, 19, 25, 26 Agosto: 1, 2, 8, 9, 14, 15, 16, 22, 23, 29, 30 Settembre: 5, 6, 12, 13, 19, 20, 26, 27. 19:00-24:00
</name>
      <description><![CDATA[ORDINANZA 2026/03007 <br><br>https://drive.google.com/file/d/1ifFFEDlMFyxZE7C9IK6SsFB3OqNgKXAm/view<br><br>ISTITUZIONE DELL’AREA PEDONALE SU LUNGOMARE CRISTOFORO COLOMBO IN SANTO SPIRITO IN VIA PROVVISORIA E SPERIMENTALE. <br><br>È istituita, temporaneamente e in via sperimentale, a decorrere dalla concreta attuazione dell’area pedonale mediante la segnaletica stradale, per i motivi di cui in premessa, l’area pedonale su Lungomare Cristoforo Colombo nel tratto compreso tra Via Giuseppe Vacca e Corso Umberto I in Santo Spirito dalle ore 19.00 alle ore 24.00 durante i seguenti giorni: Giugno: 27, 28 Luglio: 4, 5, 11, 12, 18, 19, 25, 26 Agosto: 1, 2, 8, 9, 14, 15, 16, 22, 23, 29, 30 Settembre: 5, 6, 12, 13, 19, 20, 26, 27. <br> 2. 	è istituita la direzione obbligatoria a destra a tutti i veicoli che percorrono Corso Umberto I in corrispondenza dell’intersezione con Lungomare Cristoforo Colombo, per la corrente di traffico proveniente da via Napoli; 3. è istituita la direzione obbligatoria a sinistra a tutti i veicoli che percorrono Lungomare Cristoforo Colombo in corrispondenza dell’intersezione con Corso Umberto I, per la corrente di traffico proveniente dalla otrre di Santo Spirito; Dai divieti e dalle limitazioni istituiti con la presente Ordinanza sono esclusi i veicoli delle seguenti categorie: Forza Pubblica e Vigili del Fuoco, Enti pubblici e privati di soccorso durante l'espletamento di servizi d'emergenza. <br>Durata e tempistiche: Giugno: 27, 28 Luglio: 4, 5, 11, 12, 18, 19, 25, 26 Agosto: 1, 2, 8, 9, 14, 15, 16, 22, 23, 29, 30 Settembre: 5, 6, 12, 13, 19, 20, 26, 27. 19:00-24:00]]></description>
      <styleUrl>#line-E65100-3906</styleUrl>
      <LineString>
        <tessellate>1</tessellate>
        <coordinates>
          16.7516129,41.1635141,0
          16.7498029,41.1634415,0
          16.748853,41.163801,0
          16.748523,41.1648468,0
          16.7484479,41.1655818,0
        </coordinates>
      </LineString>
    </Placemark>
    <Placemark>
      <name>ORDINANZA 2026/03996
DIVIETO DI SOSTA
AMBO I ALTI, SENSO UNICO ALTERNATO NONCHÉ RESTRINGIMENTO
CARREGGIATA E ALL’OCCORRENZA DIVIETO DI TRANSITO
VIA BITRITTO
MONITORAGGIO DELLE GRANDEZZE IDRAULICHE
RICHIEDENTE: ACCIONA AGUA S.A.
05/09/2026 - 30/10/2026</name>
      <description><![CDATA[ORDINANZA 2026/03996<br><br>https://drive.google.com/file/d/1o1HgeSDmhX8OJfrQtG3tgIiImjmleujD/view<br>30.10.2026Istituzione temporanea del divieto di sosta ambo i alti, senso<br>unico alternato nonché restringimento carreggiata e all’occorrenza divieto di transito su .<br>VIA BITRITTO<br>TERMINE E DURATA: DAL GIORNO 05.09.2026 AL GIORNO 30.10.2026 <br><br>PROROGATA DALLA 2026/03286<br>https://drive.google.com/file/d/10L-iQ06GUCF9Fbp1WvbE5CvjYmWfgHtp/view<br>FINO AL 04/09/2026<br>------<br>ORDINANZA 2026/03014 <br><br>https://drive.google.com/file/d/1xX1laT9hkavjYaqsolXgqtWDwhEk-58i/view<br><br>P1557 LOTTO 1. PROGRAMMA DEGLI INTERVENTI AQP 2020-2023 “INTERVENTI MIRATI PER CONSEGUIRE LA DISTRETTUALIZZAZIONE, IL CONTROLLO DELLE PRESSIONI ED IL MONITORAGGIO DELLE GRANDEZZE IDRAULICHE NELLE RETI DEL TERRITORIO SERVITO DALL’ACQUEDOTTO PUGLIESE E SOSTITUZIONE DEI TRONCHI VETUSTI ED AMMALORATI - ORDINANZA PER ISTITUIRE TEMPORANEAMENTE UN DIVIETO DI SOSTA AMBO I ALTI, SENSO UNICO ALTERNATO NONCHÉ RESTRINGIMENTO CARREGGIATA E ALL’OCCORRENZA DIVIETO DI TRANSITO SU VIA BITRITTO, DAL GIORNO 08/06/2026 SINO AL 17/07/2026 SOCIETÀ: ACCIONA AGUA S.A. <br><br>Durata e tempistiche: 08/06/2026 - 17/07/2026]]></description>
      <styleUrl>#line-E65100-3906</styleUrl>
      <LineString>
        <tessellate>1</tessellate>
        <coordinates>
          16.8487549,41.1018494,0
          16.8443561,41.0985023,0
          16.8425751,41.096675,0
          16.8406654,41.0939421,0
        </coordinates>
      </LineString>
    </Placemark>
    <Placemark>
      <name>ORDINANZA 2026/03996
DIVIETO DI SOSTA
AMBO I ALTI, SENSO UNICO ALTERNATO, RESTRINGIMENTO
CARREGGIATA E ALL’OCCORRENZA DIVIETO DI TRANSITO
VIA BITRITTO
MONITORAGGIO DELLE GRANDEZZE IDRAULICHE
RICHIEDENTE: ACCIONA AGUA S.A.
05/09/2026 - 30/10/2026</name>
      <description><![CDATA[ORDINANZA 2026/03996<br><br>https://drive.google.com/file/d/1o1HgeSDmhX8OJfrQtG3tgIiImjmleujD/view<br>30.10.2026Istituzione temporanea del divieto di sosta ambo i alti, senso<br>unico alternato nonché restringimento carreggiata e all’occorrenza divieto di transito su .<br>VIA BITRITTO<br>TERMINE E DURATA: DAL GIORNO 05.09.2026 AL GIORNO 30.10.2026 <br><br>PROROGATA DALLA 2026/03286<br>https://drive.google.com/file/d/10L-iQ06GUCF9Fbp1WvbE5CvjYmWfgHtp/view<br>FINO AL 04/09/2026<br>-----<br>ORDINANZA 2026/03014 <br><br>https://drive.google.com/file/d/1xX1laT9hkavjYaqsolXgqtWDwhEk-58i/view<br><br>P1557 LOTTO 1. PROGRAMMA DEGLI INTERVENTI AQP 2020-2023 “INTERVENTI MIRATI PER CONSEGUIRE LA DISTRETTUALIZZAZIONE, IL CONTROLLO DELLE PRESSIONI ED IL MONITORAGGIO DELLE GRANDEZZE IDRAULICHE NELLE RETI DEL TERRITORIO SERVITO DALL’ACQUEDOTTO PUGLIESE E SOSTITUZIONE DEI TRONCHI VETUSTI ED AMMALORATI - ORDINANZA PER ISTITUIRE TEMPORANEAMENTE UN DIVIETO DI SOSTA AMBO I ALTI, SENSO UNICO ALTERNATO NONCHÉ RESTRINGIMENTO CARREGGIATA E ALL’OCCORRENZA DIVIETO DI TRANSITO SU VIA BITRITTO, DAL GIORNO 08/06/2026 SINO AL 17/07/2026 SOCIETÀ: ACCIONA AGUA S.A. <br><br>Durata e tempistiche: 08/06/2026 - 17/07/2026]]></description>
      <styleUrl>#icon-1541-E65100</styleUrl>
      <Point>
        <coordinates>
          16.843648,41.0983648,0
        </coordinates>
      </Point>
    </Placemark>
    <Placemark>
      <name>ORDINANZA 2026/04211
DIVIETO DI SOSTA CON RIMOZIONE FORZATA AMBO I LATI E RESTRINGIMENTO DI CARREGGIATA
VIA G. DE NITTIS CIV. 14 TRA VIA ANGIULI E VIA RE DAVID
PONTEGGIO PER MANUTENZIONE STRAORDINARIA
IMPRESA ESECUTRICE:SIG. LADISA COSIMO
24/06/2026 - 31/10/2026</name>
      <description><![CDATA[PROROGATA DALLA 2026/04211<br>https://drive.google.com/file/d/1jWQ_3cXEcCi9IytkmtOYs0-0w33GxsHF/view<br>FINO 31/10/2026<br><br>Ordinanza: 2026/03060<br><br>https://drive.google.com/file/d/19p-T3nde1Cyz-FXedH8JdNP_HhS2EqHQ/view<br><br>ISTITUZIONE TEMPORANEA DEL DIVIETO DI SOSTA CON RIMOZIONE<br>FORZATA AMBO I LATI E RESTRINGIMENTO DI CARREGGIATA IN G. DE<br>NITTIS CIV 14 TRATTO COMPRESO TRA VIA ANGIULI E VIA RE DAVID PER<br>PONTEGGIO PER MANUTENZIONE STRAORDINARIA <br>RICHIEDENTE: SIG. LADISA COSIMO<br><br>Durata e Tempistiche: 24/06/2026 - 25/09/2026]]></description>
      <styleUrl>#icon-1541-E65100</styleUrl>
      <Point>
        <coordinates>
          16.8745649,41.1157391,0
        </coordinates>
      </Point>
    </Placemark>
    <Placemark>
      <name>ORDINANZA 2026/04211
DIVIETO DI SOSTA CON RIMOZIONE FORZATA AMBO I LATI E RESTRINGIMENTO DI CARREGGIATA
VIA G. DE NITTIS CIV. 14 TRA VIA ANGIULI E VIA RE DAVID
PONTEGGIO PER MANUTENZIONE STRAORDINARIA
IMPRESA ESECUTRICE:SIG. LADISA COSIMO
24/06/2026 - 31/10/2026</name>
      <description><![CDATA[PROROGATA DALLA 2026/04211<br>https://drive.google.com/file/d/1jWQ_3cXEcCi9IytkmtOYs0-0w33GxsHF/view<br>FINO 31/10/2026<br><br>Ordinanza: 2026/03060<br><br>https://drive.google.com/file/d/19p-T3nde1Cyz-FXedH8JdNP_HhS2EqHQ/view<br><br>ISTITUZIONE TEMPORANEA DEL DIVIETO DI SOSTA CON RIMOZIONE<br>FORZATA AMBO I LATI E RESTRINGIMENTO DI CARREGGIATA IN G. DE<br>NITTIS CIV 14 TRATTO COMPRESO TRA VIA ANGIULI E VIA RE DAVID PER<br>PONTEGGIO PER MANUTENZIONE STRAORDINARIA <br>RICHIEDENTE: SIG. LADISA COSIMO<br><br>Durata e Tempistiche: 24/06/2026 - 25/09/2026]]></description>
      <styleUrl>#line-E65100-4681</styleUrl>
      <LineString>
        <tessellate>1</tessellate>
        <coordinates>
          16.8745617,41.1156765,0
          16.875471,41.116022,0
        </coordinates>
      </LineString>
    </Placemark>
    <Placemark>
      <name>ORDINANZA 2026/03059
DIVIETO DI SOSTA E DI FERMATA AMBO I LATI
VIA NICOLAI TRA VIA RAVANAS E VIA BRIGATA BARI
MANUTENZIONE STRAORDINARIA DELLE OPERE A RETE IDRICHE E FOGNARIE AQP
IMPRESA ESECUTRICE:INGALLINA S.R.L.
23/06/2026 - 30/09/2026</name>
      <description><![CDATA[ORDINANZA 2026/03059<br><br>https://drive.google.com/file/d/1uataRXIZQKDJe_l7H9p-zx-DS959RExd/view<br><br>ISTITUZIONE TEMPORANEAMENTE DI DIVIETO DI SOSTA E DI FERMATA<br>AMBO I LATI PER SOTTO-CANTIERI DI LUNGHEZZA MEDIA PARI A CIRCA 50<br>METRI DI VIA NICOLAI NEL TRATTO COMPRESO TRA VIA RAVANAS E VIA<br>BRIGATA BARI PER LAVORI DI MANUTENZIONE STRAORDINARIA DELLE<br>OPERE A RETE IDRICHE E FOGNARIE DELLA STO BA-BAT – AET BARI –<br>SOSTITUZIONE DELLA CONDOTTA IDRICA IN VIA NICOLAI DALLA DATA DI<br>EMANAZIONE DELLA PRESENTE ORDINANZA FINO AL 30/09/2026<br>ISTANTE: AQP<br>SOCIETÀ: INGALLINA S.R.L.<br><br>Durata e Tempistiche: 23/06/2026 - 30/09/2026]]></description>
      <styleUrl>#icon-1541-E65100</styleUrl>
      <Point>
        <coordinates>
          16.8526238,41.120593,0
        </coordinates>
      </Point>
    </Placemark>
    <Placemark>
      <name>ORDINANZA 2026/03059
DIVIETO DI SOSTA E DI FERMATA AMBO I LATI
VIA NICOLAI TRA VIA RAVANAS E VIA BRIGATA BARI
MANUTENZIONE STRAORDINARIA DELLE OPERE A RETE IDRICHE E FOGNARIE AQP
IMPRESA ESECUTRICE:INGALLINA S.R.L.
23/06/2026 - 30/09/2026</name>
      <description><![CDATA[ORDINANZA 2026/03059<br><br>https://drive.google.com/file/d/1uataRXIZQKDJe_l7H9p-zx-DS959RExd/view<br><br>ISTITUZIONE TEMPORANEAMENTE DI DIVIETO DI SOSTA E DI FERMATA<br>AMBO I LATI PER SOTTO-CANTIERI DI LUNGHEZZA MEDIA PARI A CIRCA 50<br>METRI DI VIA NICOLAI NEL TRATTO COMPRESO TRA VIA RAVANAS E VIA<br>BRIGATA BARI PER LAVORI DI MANUTENZIONE STRAORDINARIA DELLE<br>OPERE A RETE IDRICHE E FOGNARIE DELLA STO BA-BAT – AET BARI –<br>SOSTITUZIONE DELLA CONDOTTA IDRICA IN VIA NICOLAI DALLA DATA DI<br>EMANAZIONE DELLA PRESENTE ORDINANZA FINO AL 30/09/2026<br>ISTANTE: AQP<br>SOCIETÀ: INGALLINA S.R.L.<br><br>Durata e Tempistiche: 23/06/2026 - 30/09/2026]]></description>
      <styleUrl>#line-E65100-4294</styleUrl>
      <LineString>
        <tessellate>1</tessellate>
        <coordinates>
          16.8521142,41.120393,0
          16.858775,41.120712,0
        </coordinates>
      </LineString>
    </Placemark>
    <Placemark>
      <name>ORDINANZA 2026/04305
DIVIETO DI SOSTA AMBO I ALTI, SENSO UNICO ALTERNATO NONCHÉ
RESTRINGIMENTO CARREGGIATA E ALL’OCCORRENZA DIVIETO DI
TRANSITO 
VIA GENTILE 
P1557 - PROGRAMMA DEGLI INTERVENTI AQP 2020-2023 “INTERVENTI
IMPRESA ESECUTRICE: ACCIONA AGUA S.A.
29/06/2026 - 31/10/2026  

</name>
      <description><![CDATA[PROROGATA FINO AL 31/10/2026 DALLA ORDINANZA 2026/04305<br>https://drive.google.com/file/d/1Mh4EkZXekELtNqQVvm1MINYJ8KKf9Tin/view<br>Proroga: ORDINANZA 2026/03417<br><br>Proroga ORDINANZA 2026/03417 <br><br>https://drive.google.com/file/d/1-JBDzMDNSag7R5WJHqCipehgjxoN-LT0/view<br>01/08/2026 AL 31/09/2026. <br><br>P1557 - PROGRAMMA DEGLI INTERVENTI AQP 2020-2023 “INTERVENTI MIRATI PER CONSEGUIRE LA DISTRETTUALIZZAZIONE, IL CONTROLLO DELLE PRESSIONI ED IL MONITORAGGIO DELLE GRANDEZZE IDRAULICHE NELLE RETI DEL TERRITORIO SERVITO DALL’ACQUEDOTTO PUGLIESE E SOSTITUZIONE DEI TRONCHI VETUSTI ED AMMALORATI - LOTTO1 - BA1”. ORDINANZA PER ISTITUIRE TEMPORANEAMENTE UN DIVIETO DI SOSTA AMBO I ALTI, SENSO UNICO ALTERNATO NONCHÉ RESTRINGIMENTO CARREGGIATA E ALL’OCCORRENZA DIVIETO DI TRANSITO SU VIA GENTILE DAL GIORNO 01/08/2026 AL 31/09/2026. SOCIETÀ: ACCIONA AGUA S.A. <br><br>Durata e tempistiche: 20/07/2026 - 30/08/2026 <br><br>ORDINANZA 2026/03056<br><br>https://drive.google.com/file/d/1OtoNR_PgXxNVwkEiMbSfTBpHCUaG_xVJ/view<br><br>P1557 - PROGRAMMA DEGLI INTERVENTI AQP 2020-2023 “INTERVENTI<br><br>MIRATI PER CONSEGUIRE LA DISTRETTUALIZZAZIONE, IL CONTROLLO DELLE PRESSIONI ED IL MONITORAGGIO DELLE GRANDEZZE IDRAULICHE NELLE RETI DEL TERRITORIO SERVITO DALL’ACQUEDOTTO PUGLIESE E SOSTITUZIONE DEI<br>TRONCHI VETUSTI ED AMMALORATI - LOTTO1 - BA1”.<br>ORDINANZA PER ISTITUIRE TEMPORANEAMENTE UN DIVIETO DI<br>SOSTA AMBO I ALTI, SENSO UNICO ALTERNATO NONCHÉ<br>RESTRINGIMENTO CARREGGIATA E ALL’OCCORRENZA DIVIETO DI<br>TRANSITO SU VIA GENTILE DAL GIORNO 29/06/2026 AL 31/07/2026.<br>SOCIETÀ: ACCIONA AGUA S.A.<br><br><br>Durata e tempistiche: 23/06/2026 - 22/07/2026  ]]></description>
      <styleUrl>#icon-1541-E65100</styleUrl>
      <Point>
        <coordinates>
          16.9356598,41.0990886,0
        </coordinates>
      </Point>
    </Placemark>
    <Placemark>
      <name>ORDINANZA  2026/04305
DIVIETO DI SOSTA AMBO I ALTI, SENSO UNICO ALTERNATO NONCHÉ
RESTRINGIMENTO CARREGGIATA E ALL’OCCORRENZA DIVIETO DI
TRANSITO 
VIA GENTILE 
P1557 - PROGRAMMA DEGLI INTERVENTI AQP 2020-2023 “INTERVENTI
IMPRESA ESECUTRICE: ACCIONA AGUA S.A.
29/06/2026 - 31/07/2026  
01/08/2026 - 31/09/2026 
01/09/2026 - 31/10/2026 </name>
      <description><![CDATA[PROROGATA FINO AL 31/10/2026 DALLA ORDINANZA 2026/04305<br>https://drive.google.com/file/d/1Mh4EkZXekELtNqQVvm1MINYJ8KKf9Tin/view<br>Proroga: ORDINANZA 2026/03417 <br><br>https://drive.google.com/file/d/1-JBDzMDNSag7R5WJHqCipehgjxoN-LT0/view<br><br>P1557 - PROGRAMMA DEGLI INTERVENTI AQP 2020-2023 “INTERVENTI MIRATI PER CONSEGUIRE LA DISTRETTUALIZZAZIONE, IL CONTROLLO DELLE PRESSIONI ED IL MONITORAGGIO DELLE GRANDEZZE IDRAULICHE NELLE RETI DEL TERRITORIO SERVITO DALL’ACQUEDOTTO PUGLIESE E SOSTITUZIONE DEI TRONCHI VETUSTI ED AMMALORATI - LOTTO1 - BA1”. ORDINANZA PER ISTITUIRE TEMPORANEAMENTE UN DIVIETO DI SOSTA AMBO I ALTI, SENSO UNICO ALTERNATO NONCHÉ RESTRINGIMENTO CARREGGIATA E ALL’OCCORRENZA DIVIETO DI TRANSITO SU VIA GENTILE DAL GIORNO 01/08/2026 AL 31/09/2026. SOCIETÀ: ACCIONA AGUA S.A. <br><br>Durata e tempistiche: 20/07/2026 - 30/08/2026 <br><br>ORDINANZA 2026/03056<br><br>https://drive.google.com/file/d/1OtoNR_PgXxNVwkEiMbSfTBpHCUaG_xVJ/view<br><br>P1557 - PROGRAMMA DEGLI INTERVENTI AQP 2020-2023 “INTERVENTI<br><br>MIRATI PER CONSEGUIRE LA DISTRETTUALIZZAZIONE, IL CONTROLLO DELLE PRESSIONI ED IL MONITORAGGIO DELLE GRANDEZZE IDRAULICHE NELLE RETI DEL TERRITORIO SERVITO DALL’ACQUEDOTTO PUGLIESE E SOSTITUZIONE DEI<br>TRONCHI VETUSTI ED AMMALORATI - LOTTO1 - BA1”.<br>ORDINANZA PER ISTITUIRE TEMPORANEAMENTE UN DIVIETO DI<br>SOSTA AMBO I ALTI, SENSO UNICO ALTERNATO NONCHÉ<br>RESTRINGIMENTO CARREGGIATA E ALL’OCCORRENZA DIVIETO DI<br>TRANSITO SU VIA GENTILE DAL GIORNO 29/06/2026 AL 31/07/2026.<br>SOCIETÀ: ACCIONA AGUA S.A.<br><br><br>Durata e tempistiche: 23/06/2026 - 22/07/2026  ]]></description>
      <styleUrl>#line-E65100-4294</styleUrl>
      <LineString>
        <tessellate>1</tessellate>
        <coordinates>
          16.9724237,41.0903967,0
          16.9661259,41.0916581,0
          16.9630574,41.0921594,0
          16.9576072,41.0925394,0
          16.9514381,41.0930731,0
          16.949582,41.0933965,0
          16.9444322,41.0953209,0
          16.9034119,41.1112228,0
        </coordinates>
      </LineString>
    </Placemark>
    <Placemark>
      <name>ORDINANZA 2026/03919
DIVIETO DI FERMAT, RESTRINGIMENTO CARREGGIATA
CORSO VITTORIO EMANUELE II TRA PIAZZA IV NOVEMBRE E VIA SPARANO
LAVORI DI REALIZZAZIONE DI UN SISTEMA BRT PER LA CITTÀ DI BARI
IMPRESA ESECUTRICE: R.T.I. COBAR S.P.A. - MER MEC STE S.R.L. 
29/06/2026 - 30/09/2026  
</name>
      <description><![CDATA[PROROGATA FINO AL 30/09/2026<br>Ordinanza 2026/03919<br>https://drive.google.com/file/d/1iYMk3iOeh2yMPAcAGA2S4bnVWt7KYaJO/view<br><br>PROROGATA FINO 29/08/2026<br>DALLA 2026/03718<br>https://drive.google.com/file/d/1UUC8rYVwBImwYGEnX7x-e4O_zb-AGpBE/view<br>-----<br>ORDINANZA 2026/03068 <br><br>https://drive.google.com/file/d/1ku9jMHG26el9jJHBN6tU-Q52AsQMl3Ys/view<br><br>LAVORI DI REALIZZAZIONE DI UN SISTEMA BRT PER LA CITTÀ DI BARI - FINANZIATO DALLA UNIONE EUROPEA NEXT GENERATION EU - TRASPORTO RAPIDO DI MASSA - MISURA M2C2 - INV 4.2 DEL PNRR - CUP: J91B21002850001 REGOLAMENTAZIONE TEMPORANEA DELLA CIRCOLAZIONE STRADALE SU CORSO VITTORIO EMANUELE II, NEL TRATTO STRADALE COMPRESO TRA PIAZZA IV NOVEMBRE E VIA SPARANO DAL GIORNO 29.06.2026 AL GIORNO 29.07.2026 IMPRESA ESECUTRICE: R.T.I. COBAR S.P.A. - MER MEC STE S.R.L. <br><br>a) L’istituzione del restringimento di carreggiata a tutti i veicoli su: i) Corso Vittorio Emanuele II, nel tratto stradale compreso tra Piazza IV Novembre e via Sparano. b) L’istituzione del divieto di fermata a tutti i veicoli su: i) Corso Vittorio Emanuele II, ambo i lati, nel tratto stradale compreso tra Piazza IV Novembre e via Sparano. c) L’istituzione del limite massimo di velocità pari a trenta chilometri orari a tutti i veicoli in avvicinamento alle aree interessate dai lavori. 2) Dagli obblighi e divieti di cui al punto 1) sono esclusi: i) i veicoli al servizio, ovvero di proprietà dell’impresa esecutrice dei lavori e sue subappaltatrici; ii) i veicoli delle forze dell’ordine, dei vigili del fuoco e delle ambulanze durante l’espletamento di servizi d’istituto e di soccorso pubblico e d’emergenza; <br><br>Durata e tempistiche: 29/06/2026 - 29/07/2026 ]]></description>
      <styleUrl>#icon-1541-E65100</styleUrl>
      <Point>
        <coordinates>
          16.8709753,41.1261627,0
        </coordinates>
      </Point>
    </Placemark>
    <Placemark>
      <name>ORDINANZA 2026/03919 
DIVIETO DI FERMATA, RESTRINGIMENTO CARREGGIATA
CORSO VITTORIO EMANUELE II TRA PIAZZA IV NOVEMBRE E VIA SPARANO
LAVORI DI REALIZZAZIONE DI UN SISTEMA BRT PER LA CITTÀ DI BARI
IMPRESA ESECUTRICE: R.T.I. COBAR S.P.A. - MER MEC STE S.R.L. 
29/06/2026 - 30/09/2026 
</name>
      <description><![CDATA[PROROGATA FINO AL 30/09/2026<br>Ordinanza 2026/03919<br>https://drive.google.com/file/d/1iYMk3iOeh2yMPAcAGA2S4bnVWt7KYaJO/view<br><br>PROROGATA FINO 29/08/2026 <br>DALLA 2026/03718<br>https://drive.google.com/file/d/1UUC8rYVwBImwYGEnX7x-e4O_zb-AGpBE/view<br>-----<br>ORDINANZA 2026/03068 <br><br>https://drive.google.com/file/d/1ku9jMHG26el9jJHBN6tU-Q52AsQMl3Ys/view<br><br>LAVORI DI REALIZZAZIONE DI UN SISTEMA BRT PER LA CITTÀ DI BARI - FINANZIATO DALLA UNIONE EUROPEA NEXT GENERATION EU - TRASPORTO RAPIDO DI MASSA - MISURA M2C2 - INV 4.2 DEL PNRR - CUP: J91B21002850001 REGOLAMENTAZIONE TEMPORANEA DELLA CIRCOLAZIONE STRADALE SU CORSO VITTORIO EMANUELE II, NEL TRATTO STRADALE COMPRESO TRA PIAZZA IV NOVEMBRE E VIA SPARANO DAL GIORNO 29.06.2026 AL GIORNO 29.07.2026 IMPRESA ESECUTRICE: R.T.I. COBAR S.P.A. - MER MEC STE S.R.L. <br><br>a) L’istituzione del restringimento di carreggiata a tutti i veicoli su: i) Corso Vittorio Emanuele II, nel tratto stradale compreso tra Piazza IV Novembre e via Sparano. b) L’istituzione del divieto di fermata a tutti i veicoli su: i) Corso Vittorio Emanuele II, ambo i lati, nel tratto stradale compreso tra Piazza IV Novembre e via Sparano. c) L’istituzione del limite massimo di velocità pari a trenta chilometri orari a tutti i veicoli in avvicinamento alle aree interessate dai lavori. 2) Dagli obblighi e divieti di cui al punto 1) sono esclusi: i) i veicoli al servizio, ovvero di proprietà dell’impresa esecutrice dei lavori e sue subappaltatrici; ii) i veicoli delle forze dell’ordine, dei vigili del fuoco e delle ambulanze durante l’espletamento di servizi d’istituto e di soccorso pubblico e d’emergenza; <br><br>Durata e tempistiche: 29/06/2026 - 29/07/2026 ]]></description>
      <styleUrl>#line-E65100-3131</styleUrl>
      <LineString>
        <tessellate>1</tessellate>
        <coordinates>
          16.8723862,41.1262203,0
          16.8693392,41.1260324,0
        </coordinates>
      </LineString>
    </Placemark>
    <Placemark>
      <name>ORDINANZA 2026/03090
RESTRINGIMENTO DI CARREGGIATA E DIVIETO DI SOSTA CON RIMOZIONE
FORZATA
CORSO DE TULLIO, LATO TERRA, TRATTO PROSPICIENTE IL CASTELLO SVEVO
POSIZIONAMENTO RECINZIONE DI CANTIERE,
RICHIEDENTE:SIG. CORDASCO SILVIO
01/07/2026 - 30/09/2026</name>
      <description><![CDATA[ORDINANZA 2026/03090<br><br>https://drive.google.com/file/d/1GK8s4c_Lh224nNr2T90BOtSDqYoB6j9C/view<br><br>AUTORIZZAZIONE TEMPORANEA AL TRANSITO DEI MEZZI SUPERIORI AI 35<br>Q.LI, IN DEROGA ALL’ORDINANZA SINDACALE N. 2322 DEL 20.3.1991 ,<br>RESTRINGIMENTO DI CARREGGIATA E DIVIETO DI SOSTA CON RIMOZIONE<br>FORZATA AD ESCLUSIONE DEI MEZZI AL SERVIZIO DEL SIG. CORDASCO<br>SILVIO SU CORSO DE TULLIO, LATO TERRA, TRATTO PROSPICIENTE IL<br>CASTELLO SVEVO PER POSIZIONAMENTO RECINZIONE DI CANTIERE, DAL<br>RICHIEDENTE : SIG. CORDASCO SILVIO<br><br>Durata e Tempistiche: 01/07/2026 - 30/09/2026]]></description>
      <styleUrl>#line-E65100-4100</styleUrl>
      <LineString>
        <tessellate>1</tessellate>
        <coordinates>
          16.8654776,41.1289103,0
          16.8665934,41.1291951,0
          16.8670551,41.1294107,0
        </coordinates>
      </LineString>
    </Placemark>
    <Placemark>
      <name>ORDINANZA 2026/03090
RESTRINGIMENTO DI CARREGGIATA E DIVIETO DI SOSTA CON RIMOZIONE
FORZATA
CORSO DE TULLIO, LATO TERRA, TRATTO PROSPICIENTE IL CASTELLO SVEVO
POSIZIONAMENTO RECINZIONE DI CANTIERE,
RICHIEDENTE:SIG. CORDASCO SILVIO
01/07/2026 - 30/09/2026</name>
      <description><![CDATA[ORDINANZA 2026/03090<br><br>https://drive.google.com/file/d/1GK8s4c_Lh224nNr2T90BOtSDqYoB6j9C/view<br><br>AUTORIZZAZIONE TEMPORANEA AL TRANSITO DEI MEZZI SUPERIORI AI 35<br>Q.LI, IN DEROGA ALL’ORDINANZA SINDACALE N. 2322 DEL 20.3.1991 ,<br>RESTRINGIMENTO DI CARREGGIATA E DIVIETO DI SOSTA CON RIMOZIONE<br>FORZATA AD ESCLUSIONE DEI MEZZI AL SERVIZIO DEL SIG. CORDASCO<br>SILVIO SU CORSO DE TULLIO, LATO TERRA, TRATTO PROSPICIENTE IL<br>CASTELLO SVEVO PER POSIZIONAMENTO RECINZIONE DI CANTIERE, DAL<br>RICHIEDENTE : SIG. CORDASCO SILVIO<br><br>Durata e Tempistiche: 01/07/2026 - 30/09/2026]]></description>
      <styleUrl>#icon-1541-E65100</styleUrl>
      <Point>
        <coordinates>
          16.8669879,41.1294294,0
        </coordinates>
      </Point>
    </Placemark>
    <Placemark>
      <name>ORDINANZA 2026/03950
RESTRINGIMENTO DI CARREGGIATA,
DIVIETO DI SOSTA AMBO I LATI CON RIMOZIONE FORZATA
VIA PUTIGNANI CIV 120/124
E IN VIA MARCHESE DI MONTRONE FRA I CIVICI 90 E 94
POSIZIONAMENTO RECINZIONE DI CANTIERE
RICHIEDENTE:SIG. D’ADDARIO FABRIZIO
01/09/2026 - 31/10/2026</name>
      <description><![CDATA[Ordinanza 2026/03950<br><br>https://drive.google.com/file/d/1yN1W_COeR6M4vlgoeBIoOoakxtySDdo9/view?usp=sharing<br><br>AUTORIZZAZIONE TEMPORANEA AL TRANSITO DEI MEZZI SUPERIORI AI 35 Q.LI, IN DEROGA ALL’ORDINANZA SINDACALE N. 2322 DEL 20.3.1991<br>ISTITUZIONE TEMPORANEA DEL RESTRINGIMENTO DI CARREGGIATA,<br>DIVIETO DI SOSTA AMBO I LATI CON RIMOZIONE FORZATA , PER I MEZZI<br>AL SERVIZIO DEL SIG. D’ADDARIO FABRIZIO SU VIA PUTIGNANI CIV 120/124<br>E IN VIA MARCHESE DI MONTRONE FRA I CIVICI 90 E 94 PER IL PERIODO<br> PER POSIZIONAMENTO DI RECINZIONE .<br>RICHIEDENTE: SIG. D’ADDARIO FABRIZIO<br><br>Durata e Tempistiche: 01/09/2026 - 31/10/2026<br>- - - - - - - - - - - - - -<br>(FUNGE DA PROROGA A Ordinanza 2026/03091<br>https://drive.google.com/file/d/1I3FeyangE3w4uv0YHmIpP2wn8H7gLb9M/view )]]></description>
      <styleUrl>#icon-1541-E65100</styleUrl>
      <Point>
        <coordinates>
          16.8666972,41.1231221,0
        </coordinates>
      </Point>
    </Placemark>
    <Placemark>
      <name>ORDINANZA 2026/03950
RESTRINGIMENTO DI CARREGGIATA,
DIVIETO DI SOSTA AMBO I LATI CON RIMOZIONE FORZATA
VIA PUTIGNANI CIV 120/124
E IN VIA MARCHESE DI MONTRONE FRA I CIVICI 90 E 94
POSIZIONAMENTO RECINZIONE DI CANTIERE
RICHIEDENTE:SIG. D’ADDARIO FABRIZIO
01/09/2026 - 31/10/2026
</name>
      <description><![CDATA[Ordinanza 2026/03950<br><br>https://drive.google.com/file/d/1yN1W_COeR6M4vlgoeBIoOoakxtySDdo9/view?usp=sharing<br><br>AUTORIZZAZIONE TEMPORANEA AL TRANSITO DEI MEZZI SUPERIORI AI 35 Q.LI, IN DEROGA ALL’ORDINANZA SINDACALE N. 2322 DEL 20.3.1991<br>ISTITUZIONE TEMPORANEA DEL RESTRINGIMENTO DI CARREGGIATA,<br>DIVIETO DI SOSTA AMBO I LATI CON RIMOZIONE FORZATA , PER I MEZZI<br>AL SERVIZIO DEL SIG. D’ADDARIO FABRIZIO SU VIA PUTIGNANI CIV 120/124<br>E IN VIA MARCHESE DI MONTRONE FRA I CIVICI 90 E 94 PER IL PERIODO<br> PER POSIZIONAMENTO DI RECINZIONE .<br>RICHIEDENTE: SIG. D’ADDARIO FABRIZIO<br><br>Durata e Tempistiche: 01/09/2026 - 31/10/2026<br>- - - - - - - - - - - - - -<br>(FUNGE DA PROROGA A Ordinanza 2026/03091<br>https://drive.google.com/file/d/1I3FeyangE3w4uv0YHmIpP2wn8H7gLb9M/view )]]></description>
      <styleUrl>#line-E65100-3906</styleUrl>
      <LineString>
        <tessellate>1</tessellate>
        <coordinates>
          16.8665921,41.1230348,0
          16.866584,41.1231641,0
          16.8667704,41.1231812,0
        </coordinates>
      </LineString>
    </Placemark>
    <Placemark>
      <name>ORDINANZA 2026/04296
DIVIETO DI SOSTA AMBO I ALTI, SENSO UNICO ALTERNATO NONCHÉ
RESTRINGIMENTO CARREGGIATA E ALL’OCCORRENZA DIVIETO DI
TRANSITO 
STRADA VICINALE VASSALLO,STRADA VICINALE CARDUCCI,VIA AVVOCATO ONOFRIO LATTANZIO 
LAVORI DI SCAVI PER SOSTITUZIONE E POSA DELLE NUOVE CONDOTTE IN GHISA
IMPRESA ESECUTRICE:ACCIONA AGUA S.A. 
12/09/2026 - 13/11/2026
</name>
      <description><![CDATA[ORDINANZA 2026/04296 <br>https://drive.google.com/file/d/1TbxlGSkn-S6c4_M5BHZqE_QNkPBArdvK/view<br><br>P1557 LOTTO 1. ORDINANZA PER ISTITUIRE TEMPORANEAMENTE UN DIVIETO DI SOSTA AMBO I ALTI, SENSO UNICO ALTERNATO NONCHÉ RESTRINGIMENTO CARREGGIATA E ALL’OCCORRENZA DIVIETO DI TRANSITO SU STRADA VICINALE VASSALLO,STRADA VICINALE CARDUCCI,VIA AVVOCATO ONOFRIO LATTANZIO PER LAVORI DI SCAVI PER SOSTITUZIONE E POSA DELLE NUOVE CONDOTTE IN GHISA, REALIZZAZIONE DI TUTTE LE DERIVAZIONI DI UTENZA, RINTERRI E SUCCESSIVI RIPRISTINI PROVVISORI PER TERMINARE CON QUELLI DEFINITIVI, DAL GIORNO 01/10/2026 SINO AL 13/11/2026. SOCIETÀ: ACCIONA AGUA S.A <br><br>Durata e tempistiche: 01/10/2026 - 13/11/2026<br><br>ORDINANZA 2026/03994<br><br>https://drive.google.com/file/d/1HyLDWTdq_Q0uaqFrP2Gsts40GZe2iGRE/view<br>Istituzione temporanea del divieto di sosta ambo<br>i alti, senso unico alternato nonché restringimento carreggiata e all’occorrenza divieto di transito su<br>STRADA VICINALE VASSALLO,STRADA VICINALE CARDUCCI,VIA AVVOCATO ONOFRIO LATTANZIO;<br>2. Sarà consentito il transito ai residenti, ai mezzi pubblici ed ai mezzi di soccorso;<br>3. Tutti i provvedimenti in contrasto con la presente sono momentaneamente e provvisoriamente sospesi e<br>divengono nuovamente efficaci all’esaurimento dei termini previsti dal presente disposto;<br>TERMINE E DURATA: DAL GIORNO 12.09.2026 AL GIORNO 30.09.2026 <br><br>Ordinanza 2026/03719<br><br>(proroga Ordinanza 2026/03092)<br>https://drive.google.com/file/d/17HIUAUIpDb7Gtf9o6YWJsqi_clMBjuRS/view?usp=sharing<br><br>P1557 lotto 1. Ordinanza per istituire temporaneamente un divieto di sosta ambo i<br>alti, senso unico alternato nonché restringimento carreggiata e all’occorrenza divieto di transito su STRADA VICINALE VASSALLO,STRADA VICINALE CARDUCCI,VIA<br>AVVOCATO ONOFRIO LATTANZIO per lavori di scavi per sostituzione e posa delle<br>nuove condotte in ghisa, realizzazione di tutte le derivazioni di utenza, rinterri e successivi ripristini provvisori per terminare con quelli definitivi<br>SOCIETÀ: ACCIONA AGUA S.A.<br><br>Sarà consentito il transito ai residenti, ai mezzi pubblici ed ai mezzi di soccorso;<br><br>Durata e tempistiche: 01/08/2026 - 11/09/2026<br>- - - - - - - - - - - - - - - -<br>Ordinanza 2026/03092<br>https://drive.google.com/file/d/19d853G0g9vprhpfW78dyI8uYVGy8-GOf/view]]></description>
      <styleUrl>#line-E65100-3519</styleUrl>
      <LineString>
        <tessellate>1</tessellate>
        <coordinates>
          16.8834079,41.0920941,0
          16.8825657,41.0918555,0
          16.8815143,41.0915564,0
          16.8809779,41.091427,0
          16.8805326,41.091431,0
          16.8797816,41.0915483,0
          16.8789179,41.0916938,0
          16.877727,41.0920253,0
          16.8773086,41.0921102,0
          16.8768794,41.0921871,0
          16.8765898,41.0921628,0
          16.8760855,41.0920941,0
          16.8757905,41.0919809,0
          16.8755115,41.0918475,0
          16.8752031,41.0917848,0
          16.8747605,41.091712,0
          16.8745754,41.0916777,0
          16.8743528,41.0916979,0
          16.8741597,41.0917221,0
          16.8739049,41.0917525,0
          16.8731887,41.0918252,0
          16.8726281,41.0920476,0
          16.8725369,41.0920739,0
          16.8723277,41.092084,0
          16.871456,41.0921406,0
          16.8709625,41.0921588,0
          16.8702705,41.0921628,0
          16.8693478,41.0922073,0
          16.869101,41.0922214,0
          16.8689562,41.0922396,0
          16.8683634,41.0923225,0
          16.8680416,41.0923973,0
          16.8675561,41.092557,0
          16.8662284,41.0929572,0
        </coordinates>
      </LineString>
    </Placemark>
    <Placemark>
      <name>ORDINANZA 2026/04296
DIVIETO DI SOSTA AMBO I ALTI, SENSO UNICO ALTERNATO NONCHÉ
RESTRINGIMENTO CARREGGIATA E ALL’OCCORRENZA DIVIETO DI
TRANSITO 
STRADA VICINALE VASSALLO,STRADA VICINALE CARDUCCI,VIA AVVOCATO ONOFRIO LATTANZIO 
LAVORI DI SCAVI PER SOSTITUZIONE E POSA DELLE NUOVE CONDOTTE IN GHISA
IMPRESA ESECUTRICE:ACCIONA AGUA S.A. 
12/09/2026 - 13/11/2026
</name>
      <description><![CDATA[ORDINANZA 2026/04296 <br>https://drive.google.com/file/d/1TbxlGSkn-S6c4_M5BHZqE_QNkPBArdvK/view<br><br>P1557 LOTTO 1. ORDINANZA PER ISTITUIRE TEMPORANEAMENTE UN DIVIETO DI SOSTA AMBO I ALTI, SENSO UNICO ALTERNATO NONCHÉ RESTRINGIMENTO CARREGGIATA E ALL’OCCORRENZA DIVIETO DI TRANSITO SU STRADA VICINALE VASSALLO,STRADA VICINALE CARDUCCI,VIA AVVOCATO ONOFRIO LATTANZIO PER LAVORI DI SCAVI PER SOSTITUZIONE E POSA DELLE NUOVE CONDOTTE IN GHISA, REALIZZAZIONE DI TUTTE LE DERIVAZIONI DI UTENZA, RINTERRI E SUCCESSIVI RIPRISTINI PROVVISORI PER TERMINARE CON QUELLI DEFINITIVI, DAL GIORNO 01/10/2026 SINO AL 13/11/2026. SOCIETÀ: ACCIONA AGUA S.A <br><br>Durata e tempistiche: 01/10/2026 - 13/11/2026<br><br>ORDINANZA 2026/03994<br><br>https://drive.google.com/file/d/1HyLDWTdq_Q0uaqFrP2Gsts40GZe2iGRE/view<br>Istituzione temporanea del divieto di sosta ambo<br>i alti, senso unico alternato nonché restringimento carreggiata e all’occorrenza divieto di transito su<br>STRADA VICINALE VASSALLO,STRADA VICINALE CARDUCCI,VIA AVVOCATO ONOFRIO LATTANZIO;<br>2. Sarà consentito il transito ai residenti, ai mezzi pubblici ed ai mezzi di soccorso;<br>3. Tutti i provvedimenti in contrasto con la presente sono momentaneamente e provvisoriamente sospesi e<br>divengono nuovamente efficaci all’esaurimento dei termini previsti dal presente disposto;<br>TERMINE E DURATA: DAL GIORNO 12.09.2026 AL GIORNO 30.09.2026 <br><br>Ordinanza 2026/03719<br>(proroga Ordinanza 2026/03092)<br>https://drive.google.com/file/d/17HIUAUIpDb7Gtf9o6YWJsqi_clMBjuRS/view?usp=sharing<br><br>P1557 lotto 1. Ordinanza per istituire temporaneamente un divieto di sosta ambo i<br>alti, senso unico alternato nonché restringimento carreggiata e all’occorrenza divieto di transito su STRADA VICINALE VASSALLO,STRADA VICINALE CARDUCCI,VIA<br>AVVOCATO ONOFRIO LATTANZIO per lavori di scavi per sostituzione e posa delle<br>nuove condotte in ghisa, realizzazione di tutte le derivazioni di utenza, rinterri e successivi ripristini provvisori per terminare con quelli definitivi<br>SOCIETÀ: ACCIONA AGUA S.A.<br><br>Sarà consentito il transito ai residenti, ai mezzi pubblici ed ai mezzi di soccorso;<br><br>Durata e tempistiche: 01/08/2026 - 11/09/2026<br>- - - - - - - - - - - - - - - -<br>Ordinanza 2026/03092<br>https://drive.google.com/file/d/19d853G0g9vprhpfW78dyI8uYVGy8-GOf/view]]></description>
      <styleUrl>#icon-1541-E65100</styleUrl>
      <Point>
        <coordinates>
          16.8833296,41.0921532,0
        </coordinates>
      </Point>
    </Placemark>
    <Placemark>
      <name>ORDINANZA 2026/03915
RESTRINGIMENTO CARREGGIATA E DIVIETO DI FERMATA SU ENTRAMBE LE CARREGGIATE
VIALE LOUIS PASTEUR
BRT
IMPRESA ESECUTRICE: R.T.I. COBAR S.P.A. - MER MEC STE S.R.L.
29/06/2026 - 30/09/2026</name>
      <description><![CDATA[PROROGATA FINO AL 30/09/2026<br>Ordinanza 2026/03915<br>https://drive.google.com/file/d/1R7zfnPDtkR3q_g9xTgzAGFx_IrToQjXE/view<br><br>PROROGATA FINO AL 29/08/2026 <br>DALLA 2026/03716<br>https://drive.google.com/file/d/1zgOY_HTVzCKDkCXMY9wlob_utXPW_2DF/view<br><br>Ordinanza: 2026/03108<br><br>https://drive.google.com/file/d/1b5wdW2Us7uqxPJJrjxzpKqnGFDIMgsFH/view<br><br>LAVORI DI REALIZZAZIONE DI UN SISTEMA BRT PER LA CITTÀ DI BARI -<br>FINANZIATO DALLA UNIONE EUROPEA NEXT GENERATION EU -<br>TRASPORTO RAPIDO DI MASSA - MISURA M2C2 - INV 4.2 DEL PNRR - CUP:<br>J91B21002850001<br>REGOLAMENTAZIONE TEMPORANEA DELLA CIRCOLAZIONE STRADALE SU<br>VIALE LOUIS PASTEUR <br>IMPRESA ESECUTRICE: R.T.I. COBAR S.P.A. - MER MEC STE S.R.L.<br><br>DURATA E TEMPISTICHE: 29/06/2026 - 29/07/2026]]></description>
      <styleUrl>#icon-1541-E65100</styleUrl>
      <Point>
        <coordinates>
          16.8527811,41.1157464,0
        </coordinates>
      </Point>
    </Placemark>
    <Placemark>
      <name>ORDINANZA 2026/03915
RESTRINGIMENTO CARREGGIATA E DIVIETO DI FERMATA SU ENTRAMBE LE CARREGGIATE
VIALE LOUIS PASTEUR
BRT
IMPRESA ESECUTRICE: R.T.I. COBAR S.P.A. - MER MEC STE S.R.L.
29/06/2026 - 30/09/2026</name>
      <description><![CDATA[PROROGATA FINO AL 30/09/2026<br>Ordinanza 2026/03915<br>https://drive.google.com/file/d/1R7zfnPDtkR3q_g9xTgzAGFx_IrToQjXE/view<br>-----<br>PROROGATA FINO AL 29/08/2026 <br>DALLA 2026/03716<br>https://drive.google.com/file/d/1zgOY_HTVzCKDkCXMY9wlob_utXPW_2DF/view<br>----<br>Ordinanza: 2026/03108<br><br>https://drive.google.com/file/d/1b5wdW2Us7uqxPJJrjxzpKqnGFDIMgsFH/view<br><br>LAVORI DI REALIZZAZIONE DI UN SISTEMA BRT PER LA CITTÀ DI BARI -<br>FINANZIATO DALLA UNIONE EUROPEA NEXT GENERATION EU -<br>TRASPORTO RAPIDO DI MASSA - MISURA M2C2 - INV 4.2 DEL PNRR - CUP:<br>J91B21002850001<br>REGOLAMENTAZIONE TEMPORANEA DELLA CIRCOLAZIONE STRADALE SU<br>VIALE LOUIS PASTEUR <br>IMPRESA ESECUTRICE: R.T.I. COBAR S.P.A. - MER MEC STE S.R.L.<br><br>DURATA E TEMPISTICHE: 29/06/2026 - 29/07/2026]]></description>
      <styleUrl>#line-E65100-3906</styleUrl>
      <LineString>
        <tessellate>1</tessellate>
        <coordinates>
          16.8526312,41.115715,0
          16.8527546,41.1156826,0
          16.8528297,41.1155331,0
          16.8528512,41.115129,0
          16.8529083,41.1146948,0
          16.852903,41.1145594,0
          16.8528936,41.1144806,0
          16.8529284,41.1144079,0
          16.8529137,41.1143523,0
          16.8529037,41.1142818,0
          16.8529305,41.1141626,0
          16.852952,41.1137503,0
          16.8529748,41.1135786,0
          16.8530539,41.1127925,0
          16.8530566,41.1125378,0
          16.8530325,41.1124267,0
          16.8530432,41.1122226,0
          16.8532014,41.1112041,0
          16.8532068,41.111002,0
          16.8532765,41.1107332,0
          16.8534026,41.1103654,0
          16.853379,41.110346,0
          16.8532256,41.1103452,0
          16.8531746,41.1103189,0
          16.8530673,41.1109879,0
          16.8528903,41.1125944,0
          16.8528206,41.1127601,0
          16.8527937,41.1131502,0
          16.8526677,41.1142858,0
          16.8526543,41.1143444,0
          16.852606,41.1144475,0
          16.8526328,41.1145223,0
          16.8525711,41.1149325,0
          16.8525014,41.1156115,0
          16.8525148,41.1156862,0
          16.8525631,41.1157064,0
        </coordinates>
      </LineString>
    </Placemark>
    <Placemark>
      <name>ORDINANZA 2026/03916 
DIVIETO DI FERMATA, RESTRINGIMENTO CARREGGIATA
VIALE DON LUIGI STURZO E VIALE PAPA GIOVANNI XXIII TRA CORSO ALCIDE DE GASPERI E VIA GIULIO PETRONI 
LAVORI DI REALIZZAZIONE DI UN SISTEMA BRT PER LA CITTÀ DI BARI
IMPRESA ESECUTRICE: R.T.I. COBAR S.P.A. - MER MEC STE S.R.L. 
29/06/2026 - 30/09/2026  
</name>
      <description><![CDATA[PROROGATA FINO AL 30/09/2026<br>Ordinanza 2026/03916<br>https://drive.google.com/file/d/1DbXvMXwVRrzK1zrx3DtZnKv7IQe79GzM/view<br>-----<br><br>PROROGATA FINO AL 29/08/2029<br>Ordinanza 2026/03717<br>https://drive.google.com/file/d/18ykJdVDqHYE2didPTs_BxDnfjMwxhsFA/view<br>-----<br><br>ORDINANZA 2026/03105 <br><br>https://drive.google.com/file/d/1tG8N7T5U_L3WVTod42nh0IwUYjNIyp01/view<br><br>LAVORI DI REALIZZAZIONE DI UN SISTEMA BRT PER LA CITTÀ DI BARI - FINANZIATO DALLA UNIONE EUROPEA NEXT GENERATION EU - TRASPORTO RAPIDO DI MASSA - MISURA M2C2 - INV 4.2 DEL PNRR - CUP: J91B21002850001 REGOLAMENTAZIONE TEMPORANEA DELLA CIRCOLAZIONE STRADALE SU VIALE DON LUIGI STURZO E VIALE PAPA GIOVANNI XXIII NEL TRATTO STRADALE COMPRESO TRA CORSO ALCIDE DE GASPERI E VIA GIULIO PETRONI DAL GIORNO 29.06.2026 AL GIORNO 29.07.2026 IMPRESA ESECUTRICE: R.T.I. COBAR S.P.A. - MER MEC STE S.R.L <br><br>a) L’istituzione del restringimento di carreggiata a tutti i veicoli su: i) viale Don Luigi Sturzo, su entrambe le carreggiate; ii) viale Papa Giovanni XXIII, nel tratto stradale compreso tra Corso Alcide de Gasperi e via Giulio Petroni, su entrambe le carreggiate. b) L’istituzione del divieto di fermata a tutti i veicoli su: i) viale Don Luigi Sturzo, ambo i lati, su entrambe le carreggiate; ii) viale Papa Giovanni XXIII, ambo i lati, nel tratto stradale compreso tra Corso Alcide de Gasperi e via Giulio Petroni, su entrambe le carreggiate. c) L’istituzione del limite massimo di velocità pari a trenta chilometri orari a tutti i veicoli in avvicinamento alle aree interessate dai lavori. 2) Dagli obblighi e divieti di cui al punto 1) sono esclusi: i) i veicoli al servizio, ovvero di proprietà dell’impresa esecutrice dei lavori e sue subappaltatrici; ii) i veicoli delle forze dell’ordine, dei vigili del fuoco e delle ambulanze durante l’espletamento di servizi d’istituto e di soccorso pubblico e d’emergenza; <br><br>Durata e tempistiche: 29/06/2026 - 29/07/2026  ]]></description>
      <styleUrl>#icon-1541-E65100</styleUrl>
      <Point>
        <coordinates>
          16.8705619,41.1071283,0
        </coordinates>
      </Point>
    </Placemark>
    <Placemark>
      <name>ORDINANZA 2026/03916 
DIVIETO DI FERMATA, RESTRINGIMENTO CARREGGIATA
VIALE DON LUIGI STURZO E VIALE PAPA GIOVANNI XXIII TRA CORSO ALCIDE DE GASPERI E VIA GIULIO PETRONI 
LAVORI DI REALIZZAZIONE DI UN SISTEMA BRT PER LA CITTÀ DI BARI
IMPRESA ESECUTRICE: R.T.I. COBAR S.P.A. - MER MEC STE S.R.L. 
29/06/2026 - 29/07/2026ORDINANZA 2026/03105 
DIVIETO DI FERMATA, RESTRINGIMENTO CARREGGIATA
U VIALE DON LUIGI STURZO E VIALE PAPA GIOVANNI XXIII TRA CORSO ALCIDE DE GASPERI E VIA GIULIO PETRONI 
LAVORI DI REALIZZAZIONE DI UN SISTEMA BRT PER LA CITTÀ DI BARI
IMPRESA ESECUTRICE: R.T.I. COBAR S.P.A. - MER MEC STE S.R.L. 
29/06/2026 - 30/09/2026 

</name>
      <description><![CDATA[PROROGATA FINO AL 30/09/2026<br>Ordinanza 2026/03916<br>https://drive.google.com/file/d/1DbXvMXwVRrzK1zrx3DtZnKv7IQe79GzM/view<br><br>PROROGATA FINO AL 29/08/2029<br>Ordinanza 2026/03717<br>https://drive.google.com/file/d/18ykJdVDqHYE2didPTs_BxDnfjMwxhsFA/view<br><br>ORDINANZA 2026/03105 <br><br>https://drive.google.com/file/d/1tG8N7T5U_L3WVTod42nh0IwUYjNIyp01/view<br><br>LAVORI DI REALIZZAZIONE DI UN SISTEMA BRT PER LA CITTÀ DI BARI - FINANZIATO DALLA UNIONE EUROPEA NEXT GENERATION EU - TRASPORTO RAPIDO DI MASSA - MISURA M2C2 - INV 4.2 DEL PNRR - CUP: J91B21002850001 REGOLAMENTAZIONE TEMPORANEA DELLA CIRCOLAZIONE STRADALE SU VIALE DON LUIGI STURZO E VIALE PAPA GIOVANNI XXIII NEL TRATTO STRADALE COMPRESO TRA CORSO ALCIDE DE GASPERI E VIA GIULIO PETRONI DAL GIORNO 29.06.2026 AL GIORNO 29.07.2026 IMPRESA ESECUTRICE: R.T.I. COBAR S.P.A. - MER MEC STE S.R.L <br><br>a) L’istituzione del restringimento di carreggiata a tutti i veicoli su: i) viale Don Luigi Sturzo, su entrambe le carreggiate; ii) viale Papa Giovanni XXIII, nel tratto stradale compreso tra Corso Alcide de Gasperi e via Giulio Petroni, su entrambe le carreggiate. b) L’istituzione del divieto di fermata a tutti i veicoli su: i) viale Don Luigi Sturzo, ambo i lati, su entrambe le carreggiate; ii) viale Papa Giovanni XXIII, ambo i lati, nel tratto stradale compreso tra Corso Alcide de Gasperi e via Giulio Petroni, su entrambe le carreggiate. c) L’istituzione del limite massimo di velocità pari a trenta chilometri orari a tutti i veicoli in avvicinamento alle aree interessate dai lavori. 2) Dagli obblighi e divieti di cui al punto 1) sono esclusi: i) i veicoli al servizio, ovvero di proprietà dell’impresa esecutrice dei lavori e sue subappaltatrici; ii) i veicoli delle forze dell’ordine, dei vigili del fuoco e delle ambulanze durante l’espletamento di servizi d’istituto e di soccorso pubblico e d’emergenza; <br><br>Durata e tempistiche: 29/06/2026 - 29/07/2026  ]]></description>
      <styleUrl>#line-E65100-5456</styleUrl>
      <LineString>
        <tessellate>1</tessellate>
        <coordinates>
          16.8733889,41.1069868,0
          16.8677348,41.1071566,0
        </coordinates>
      </LineString>
    </Placemark>
    <Placemark>
      <name>ORDINANZA 2026/03917 
DIVIETO DI FERMATA, RESTRINGIMENTO CARREGGIATA
VIA GIUSEPPE FANELLI TRA VIA ADOLFO OMODEO E VIALE GIUSEPPE DI VITTORIO 
LAVORI DI REALIZZAZIONE DI UN SISTEMA BRT PER LA CITTÀ DI BARI
IMPRESA ESECUTRICE: R.T.I. COBAR S.P.A. - MER MEC STE S.R.L. 
29/06/2026 - 30/09/2026 
</name>
      <description><![CDATA[PROROGATA FINO AL 30/09/2026<br>Ordinanza 2026/03917<br>https://drive.google.com/file/d/1uSmNEkr-u8lFGndX-Q_PbtU9Y8ZDwklh/view<br><br>PROROGATA FINO AL 29/08/2026 DALLA <br>2026/03715<br>https://drive.google.com/file/d/1TYy44z9_WMdo-V-LHZRu6tOppKhgt2e-/view<br><br>ORDINANZA 2026/03106 <br><br>https://drive.google.com/file/d/1HkKHs2q8v7apO5W-sYjeUS2VkSarEzHn/view<br><br>LAVORI DI REALIZZAZIONE DI UN SISTEMA BRT PER LA CITTÀ DI BARI - FINANZIATO DALLA UNIONE EUROPEA NEXT GENERATION EU - TRASPORTO RAPIDO DI MASSA - MISURA M2C2 - INV 4.2 DEL PNRR - CUP: J91B21002850001 REGOLAMENTAZIONE TEMPORANEA DELLA CIRCOLAZIONE STRADALE SU VIA GIUSEPPE FANELLI, NEL TRATTO COMPRESO TRA VIA ADOLFO OMODEO E VIALE GIUSEPPE DI VITTORIO DAL GIORNO 29.06.2026 AL GIORNO 29.07.2026 IMPRESA ESECUTRICE: R.T.I. COBAR S.P.A. - MER MEC STE S.R.L. <br><br>dal giorno 29.06.2026 al giorno 29.07.2026 sono istituiti i seguenti provvedimenti temporanei di circolazione: a) L’istituzione del restringimento di carreggiata a tutti i veicoli su: i) via Giuseppe Fanelli, nel tratto compreso tra via Adolfo Omodeo e viale Giuseppe di Vittorio. ii) Largo Don Franco Ricci b) L’istituzione del divieto di fermata a tutti i veicoli su: i) via Giuseppe Fanelli, nel tratto compreso tra via Adolfo Omodeo e viale Giuseppe di Vittorio. ii) Largo Don Franco Ricci c) L’istituzione del limite massimo di velocità pari a trenta chilometri orari a tutti i veicoli in avvicinamento alle aree interessate dai lavori. 2) Dagli obblighi e divieti di cui al punto 1) sono esclusi: i) i veicoli al servizio, ovvero di proprietà dell’impresa esecutrice dei lavori e sue subappaltatrici; ii) i veicoli delle forze dell’ordine, dei vigili del fuoco e delle ambulanze durante l’espletamento di servizi d’istituto e di soccorso pubblico e d’emergenza; <br><br>Durata e tempistiche: 29/06/2026 - 29/07/2026]]></description>
      <styleUrl>#icon-1541-E65100</styleUrl>
      <Point>
        <coordinates>
          16.8780616,41.106354,0
        </coordinates>
      </Point>
    </Placemark>
    <Placemark>
      <name>ORDINANZA 2026/03917 
DIVIETO DI FERMATA, RESTRINGIMENTO CARREGGIATA
VIA GIUSEPPE FANELLI TRA VIA ADOLFO OMODEO E VIALE GIUSEPPE DI VITTORIO 
LAVORI DI REALIZZAZIONE DI UN SISTEMA BRT PER LA CITTÀ DI BARI
IMPRESA ESECUTRICE: R.T.I. COBAR S.P.A. - MER MEC STE S.R.L. 
29/06/2026 - 30/09/2026
</name>
      <description><![CDATA[PROROGATA FINO AL 30/09/2026<br>Ordinanza 2026/03917<br>https://drive.google.com/file/d/1uSmNEkr-u8lFGndX-Q_PbtU9Y8ZDwklh/view<br><br>PROROGATA FINO AL 29/08/2026 DALLA <br>2026/03715<br>https://drive.google.com/file/d/1TYy44z9_WMdo-V-LHZRu6tOppKhgt2e-/view<br>-----<br>ORDINANZA 2026/03106 <br><br>https://drive.google.com/file/d/1HkKHs2q8v7apO5W-sYjeUS2VkSarEzHn/view<br><br>LAVORI DI REALIZZAZIONE DI UN SISTEMA BRT PER LA CITTÀ DI BARI - FINANZIATO DALLA UNIONE EUROPEA NEXT GENERATION EU - TRASPORTO RAPIDO DI MASSA - MISURA M2C2 - INV 4.2 DEL PNRR - CUP: J91B21002850001 REGOLAMENTAZIONE TEMPORANEA DELLA CIRCOLAZIONE STRADALE SU VIA GIUSEPPE FANELLI, NEL TRATTO COMPRESO TRA VIA ADOLFO OMODEO E VIALE GIUSEPPE DI VITTORIO DAL GIORNO 29.06.2026 AL GIORNO 29.07.2026 IMPRESA ESECUTRICE: R.T.I. COBAR S.P.A. - MER MEC STE S.R.L. <br><br>dal giorno 29.06.2026 al giorno 29.07.2026 sono istituiti i seguenti provvedimenti temporanei di circolazione: a) L’istituzione del restringimento di carreggiata a tutti i veicoli su: i) via Giuseppe Fanelli, nel tratto compreso tra via Adolfo Omodeo e viale Giuseppe di Vittorio. ii) Largo Don Franco Ricci b) L’istituzione del divieto di fermata a tutti i veicoli su: i) via Giuseppe Fanelli, nel tratto compreso tra via Adolfo Omodeo e viale Giuseppe di Vittorio. ii) Largo Don Franco Ricci c) L’istituzione del limite massimo di velocità pari a trenta chilometri orari a tutti i veicoli in avvicinamento alle aree interessate dai lavori. 2) Dagli obblighi e divieti di cui al punto 1) sono esclusi: i) i veicoli al servizio, ovvero di proprietà dell’impresa esecutrice dei lavori e sue subappaltatrici; ii) i veicoli delle forze dell’ordine, dei vigili del fuoco e delle ambulanze durante l’espletamento di servizi d’istituto e di soccorso pubblico e d’emergenza; <br><br>Durata e tempistiche: 29/06/2026 - 29/07/2026]]></description>
      <styleUrl>#line-E65100-3519</styleUrl>
      <LineString>
        <tessellate>1</tessellate>
        <coordinates>
          16.8777666,41.1071078,0
          16.8787483,41.1049453,0
        </coordinates>
      </LineString>
    </Placemark>
    <Placemark>
      <name>ORDINANZA 2026/03202
DIVIETO DI SOSTA CON RIMOZIONE FORZATA
VIA GARRUBA TRA VIA DE ROSSI E PIAZZA
CESARE BATTISTI
POSIZIONAMENTO RECINZIONE DI CANTIERE
RICHIEDENTE : SIG. DE MARINO
06/07/2026 - 06/11/2026</name>
      <description><![CDATA[Ordinanza 2026/03202<br><br>https://drive.google.com/file/d/1OSVq5YMqQGHoXg4tpuFmn_lmnWj6dRSr/view<br><br>DIVIETO DI SOSTA CON RIMOZIONE FORZATA E DEROGA AL DIVIETO DI<br>SOSTA PER I MEZZI AL SERVIZIO DEL SIG. DE MARINO SU VIA GARRUBA,<br>CIV. 1 E LATO FRONTE, TRATTO COMPRESO TRA VIA DE ROSSI E PIAZZA<br>CESARE BATTISTI PER POSIZIONAMENTO RECINZIONE DI CANTIERE <br>RICHIEDENTE : SIG. DE MARINO<br><br>Durata e Tempistiche: 06/07/2026 - 06/11/2026]]></description>
      <styleUrl>#line-E65100-3713</styleUrl>
      <LineString>
        <tessellate>1</tessellate>
        <coordinates>
          16.8657158,41.1203974,0
          16.8672822,41.1205025,0
        </coordinates>
      </LineString>
    </Placemark>
    <Placemark>
      <name>ORDINANZA 2026/03202
DIVIETO DI SOSTA CON RIMOZIONE FORZATA
VIA GARRUBA TRA VIA DE ROSSI E PIAZZA
CESARE BATTISTI
POSIZIONAMENTO RECINZIONE DI CANTIERE
RICHIEDENTE : SIG. DE MARINO
06/07/2026 - 06/11/2026
</name>
      <description><![CDATA[Ordinanza 2026/03202<br><br>https://drive.google.com/file/d/1OSVq5YMqQGHoXg4tpuFmn_lmnWj6dRSr/view<br><br>DIVIETO DI SOSTA CON RIMOZIONE FORZATA E DEROGA AL DIVIETO DI<br>SOSTA PER I MEZZI AL SERVIZIO DEL SIG. DE MARINO SU VIA GARRUBA,<br>CIV. 1 E LATO FRONTE, TRATTO COMPRESO TRA VIA DE ROSSI E PIAZZA<br>CESARE BATTISTI PER POSIZIONAMENTO RECINZIONE DI CANTIERE <br>RICHIEDENTE : SIG. DE MARINO<br><br>Durata e Tempistiche: 06/07/2026 - 06/11/2026]]></description>
      <styleUrl>#icon-1541-E65100</styleUrl>
      <Point>
        <coordinates>
          16.8657909,41.1205025,0
        </coordinates>
      </Point>
    </Placemark>
    <Placemark>
      <name>ORDINANZA 2026/03980 
RESTRINGIMENTO DI CARREGGIATA, DIVIETO DI FERMATA
VIA FRANCESCO PORTOGHESE
REALIZZAZIONE DI UN SISTEMA BRT PER LA CITTÀ DI BARI
IMPRESA ESECUTRICE: R.T.I. COBAR S.P.A. - MER MEC STE S.R.L.
01/09/2026 - 31/10/2026
</name>
      <description><![CDATA[ORDINANZA 2026/03980 <br><br>https://drive.google.com/file/d/1uosBOtsNXjQjpaXUFvALQgf03cGR4ARR/view<br><br>PROROGA DELL’ORDINANZA DIRIGENZIALE N. 2026/03747 LAVORI DI REALIZZAZIONE DI UN SISTEMA BRT PER LA CITTÀ DI BARI - FINANZIATO DALLA UNIONE EUROPEA NEXT GENERATION EU - TRASPORTO RAPIDO DI MASSA - MISURA M2C2 - INV 4.2 DEL PNRR - CUP: J91B21002850001 REGOLAMENTAZIONE TEMPORANEA DELLA CIRCOLAZIONE STRADALE SU VIA FRANCESCO PORTOGHESE FINO AL 31.10.2026 IMPRESA ESECUTRICE: R.T.I. COBAR S.P.A. - MER MEC STE S.R.L <br><br>Durata e tempistiche: 01/09/2026 - 31/10/2026 <br><br>PRORGATA FINO AL 31/08/2026<br>DALLA  Ordinanza 2026/03747<br>http://drive.google.com/file/d/1sOHb_yJkzPsw-s_dqToORRb1JJ2EBUZo/view<br><br>Ordinanza: 2026/03237<br><br>https://drive.google.com/file/d/13R5z0ejvYTtccUWboniIknaGFtwIa1FA/view<br><br>LAVORI DI REALIZZAZIONE DI UN SISTEMA BRT PER LA CITTÀ DI BARI -<br>FINANZIATO DALLA UNIONE EUROPEA NEXT GENERATION EU -<br>TRASPORTO RAPIDO DI MASSA - MISURA M2C2 - INV 4.2 DEL PNRR - CUP:<br>J91B21002850001<br>REGOLAMENTAZIONE TEMPORANEA DELLA CIRCOLAZIONE STRADALE SU<br>VIA FRANCESCO PORTOGHESE <br>IMPRESA ESECUTRICE: R.T.I. COBAR S.P.A. - MER MEC STE S.R.L.<br><br>Durata e Tempistiche: 30/06/2026 - 30/07/2026]]></description>
      <styleUrl>#icon-1541-E65100</styleUrl>
      <Point>
        <coordinates>
          16.8381337,41.1307734,0
        </coordinates>
      </Point>
    </Placemark>
    <Placemark>
      <name>ORDINANZA 2026/03980 
RESTRINGIMENTO DI CARREGGIATA, DIVIETO DI FERMATA
VIA FRANCESCO PORTOGHESE
REALIZZAZIONE DI UN SISTEMA BRT PER LA CITTÀ DI BARI
IMPRESA ESECUTRICE: R.T.I. COBAR S.P.A. - MER MEC STE S.R.L.
01/09/2026 - 31/10/2026
</name>
      <description><![CDATA[ORDINANZA 2026/03980 <br><br>https://drive.google.com/file/d/1uosBOtsNXjQjpaXUFvALQgf03cGR4ARR/view<br><br>PROROGA DELL’ORDINANZA DIRIGENZIALE N. 2026/03747 LAVORI DI REALIZZAZIONE DI UN SISTEMA BRT PER LA CITTÀ DI BARI - FINANZIATO DALLA UNIONE EUROPEA NEXT GENERATION EU - TRASPORTO RAPIDO DI MASSA - MISURA M2C2 - INV 4.2 DEL PNRR - CUP: J91B21002850001 REGOLAMENTAZIONE TEMPORANEA DELLA CIRCOLAZIONE STRADALE SU VIA FRANCESCO PORTOGHESE FINO AL 31.10.2026 IMPRESA ESECUTRICE: R.T.I. COBAR S.P.A. - MER MEC STE S.R.L <br><br>Durata e tempistiche: 01/09/2026 - 31/10/2026 <br><br>PRORGATA FINO AL 31/08/2026<br>DALLA Ordinanza 2026/03747<br>http://drive.google.com/file/d/1sOHb_yJkzPsw-s_dqToORRb1JJ2EBUZo/view<br><br>Ordinanza: 2026/03237<br><br>https://drive.google.com/file/d/13R5z0ejvYTtccUWboniIknaGFtwIa1FA/view<br><br>LAVORI DI REALIZZAZIONE DI UN SISTEMA BRT PER LA CITTÀ DI BARI -<br>FINANZIATO DALLA UNIONE EUROPEA NEXT GENERATION EU -<br>TRASPORTO RAPIDO DI MASSA - MISURA M2C2 - INV 4.2 DEL PNRR - CUP:<br>J91B21002850001<br>REGOLAMENTAZIONE TEMPORANEA DELLA CIRCOLAZIONE STRADALE SU<br>VIA FRANCESCO PORTOGHESE <br>IMPRESA ESECUTRICE: R.T.I. COBAR S.P.A. - MER MEC STE S.R.L.<br><br>Durata e Tempistiche: 30/06/2026 - 30/07/2026]]></description>
      <styleUrl>#line-E65100-4100</styleUrl>
      <LineString>
        <tessellate>1</tessellate>
        <coordinates>
          16.8380862,41.1307008,0
          16.8393763,41.1304745,0
        </coordinates>
      </LineString>
    </Placemark>
    <Placemark>
      <name>ORDINANZA 2026/03993
DIVIETO DI SOSTA AMBO I LATI, SENSO UNICO ALTERNATO NONCHÉ
RESTRINGIMENTO CARREGGIATA E ALL’OCCORRENZA DIVIETO DI
TRANSITO 
VIA PETRAGLIONE E VIA AURELIO CARRANTE INCROCI
COMPRESI 
LAVORI DI SCAVI PER SOSTITUZIONE E POSA DELLE
NUOVE CONDOTTE IN GHISA
IMPRESA ESECUTRICE:ACCIONA AGUA S.A. 
12/09/2026 - 30/11/2026 00:00-24:00 
IMPRESA ESECUTRICE:ACCIONA AGUA S.A.
</name>
      <description><![CDATA[ORDINANZA 2026/03993<br>https://drive.google.com/file/d/1cJyNmCE_4-e1sCZ6qMXjk7x5oC7aKz4L/view<br>Istituzione temporanea del divieto di<br>sosta ambo i alti, senso unico alternato nonché restringimento carreggiata e all’occorrenza divieto di<br>transito su .<br>VIA PETRAGLIONE e VIA AURELIO CARRANTE<br>3. Tutti i provvedimenti in contrasto con la presente sono momentaneamente e provvisoriamente sospesi e<br>divengono nuovamente efficaci all’esaurimento dei termini previsti dal presente disposto;<br>TERMINE E DURATA: DAL GIORNO 12/09/2026 AL 30/11<br>/2026 DALLE ORE 00 ALLE ORE 24.<br><br>PRORGATA FINO AL 11/09/2026 DALLA 2026/03785<br>https://drive.google.com/file/d/1HYgruAxa7uAv2xSyffzl1_BYmHHu35sV/view<br><br>ORDINANZA 2026/03228<br><br>https://drive.google.com/file/d/1XTxBuFESeS20J-fPpdIKj88rMByazcIu/view<br><br>P1557 LOTTO 1. ORDINANZA PER ISTITUIRE TEMPORANEAMENTE UN<br>DIVIETO DI SOSTA AMBO I ALTI, SENSO UNICO ALTERNATO NONCHÉ<br>RESTRINGIMENTO CARREGGIATA E ALL’OCCORRENZA DIVIETO DI<br>TRANSITO SU VIA PETRAGLIONE E VIA AURELIO CARRANTE INCROCI<br>COMPRESI PER LAVORI DI SCAVI PER SOSTITUZIONE E POSA DELLE<br>NUOVE CONDOTTE IN GHISA, REALIZZAZIONE DI TUTTE LE DERIVAZIONI DI<br>UTENZA, RINTERRI E SUCCESSIVI RIPRISTINI PROVVISORI PER<br>TERMINARE CON QUELLI DEFINITIVI, DAL GIORNO 01/07/2026 AL 03/08/2026<br>DALLE ORE 00 ALLE ORE 24.<br>SOCIETÀ: ACCIONA AGUA S.A.<br><br><br>Durata e tempistiche: DAL 01/07/2026 AL 03/08/2026]]></description>
      <styleUrl>#icon-1541-E65100</styleUrl>
      <Point>
        <coordinates>
          16.8693336,41.0973501,0
        </coordinates>
      </Point>
    </Placemark>
    <Placemark>
      <name>ORDINANZA 2026/03993
DIVIETO DI SOSTA AMBO I LATI, SENSO UNICO ALTERNATO NONCHÉ
RESTRINGIMENTO CARREGGIATA E ALL’OCCORRENZA DIVIETO DI
TRANSITO 
VIA PETRAGLIONE E VIA AURELIO CARRANTE INCROCI
COMPRESI 
LAVORI DI SCAVI PER SOSTITUZIONE E POSA DELLE
NUOVE CONDOTTE IN GHISA
IMPRESA ESECUTRICE:ACCIONA AGUA S.A. 
12/09/2026 - 30/11/2026 00:00-24:00 
IMPRESA ESECUTRICE:ACCIONA AGUA S.A.
</name>
      <description><![CDATA[ORDINANZA 2026/03993<br>https://drive.google.com/file/d/1cJyNmCE_4-e1sCZ6qMXjk7x5oC7aKz4L/view<br>Istituzione temporanea del divieto di<br>sosta ambo i alti, senso unico alternato nonché restringimento carreggiata e all’occorrenza divieto di<br>transito su .<br>VIA PETRAGLIONE e VIA AURELIO CARRANTE<br>3. Tutti i provvedimenti in contrasto con la presente sono momentaneamente e provvisoriamente sospesi e<br>divengono nuovamente efficaci all’esaurimento dei termini previsti dal presente disposto;<br>TERMINE E DURATA: DAL GIORNO 12/09/2026 AL 30/11<br>/2026 DALLE ORE 00 ALLE ORE 24.<br><br>PRORGATORDINANZA 2026/03993<br>https://drive.google.com/file/d/1cJyNmCE_4-e1sCZ6qMXjk7x5oC7aKz4L/view<br>Istituzione temporanea del divieto di<br>sosta ambo i alti, senso unico alternato nonché restringimento carreggiata e all’occorrenza divieto di<br>transito su .<br>VIA PETRAGLIONE e VIA AURELIO CARRANTE<br>3. Tutti i provvedimenti in contrasto con la presente sono momentaneamente e provvisoriamente sospesi e<br>divengono nuovamente efficaci all’esaurimento dei termini previsti dal presente disposto;<br>TERMINE E DURATA: DAL GIORNO 12/09/2026 AL 30/11<br>/2026 DALLE ORE 00 ALLE ORE 24.<br><br>A FINO AL  11/09/2026  DALLA 2026/03785<br>https://drive.google.com/file/d/1HYgruAxa7uAv2xSyffzl1_BYmHHu35sV/view<br><br>ORDINANZA 2026/03228<br><br>https://drive.google.com/file/d/1XTxBuFESeS20J-fPpdIKj88rMByazcIu/view<br><br>P1557 LOTTO 1. ORDINANZA PER ISTITUIRE TEMPORANEAMENTE UN<br>DIVIETO DI SOSTA AMBO I ALTI, SENSO UNICO ALTERNATO NONCHÉ<br>RESTRINGIMENTO CARREGGIATA E ALL’OCCORRENZA DIVIETO DI<br>TRANSITO SU VIA PETRAGLIONE E VIA AURELIO CARRANTE INCROCI<br>COMPRESI PER LAVORI DI SCAVI PER SOSTITUZIONE E POSA DELLE<br>NUOVE CONDOTTE IN GHISA, REALIZZAZIONE DI TUTTE LE DERIVAZIONI DI<br>UTENZA, RINTERRI E SUCCESSIVI RIPRISTINI PROVVISORI PER<br>TERMINARE CON QUELLI DEFINITIVI, DAL GIORNO 01/07/2026 AL 03/08/2026<br>DALLE ORE 00 ALLE ORE 24.<br>SOCIETÀ: ACCIONA AGUA S.A.<br><br><br>Durata e tempistiche: DAL 01/07/2026 AL 03/08/2026]]></description>
      <styleUrl>#line-E65100-3713</styleUrl>
      <LineString>
        <tessellate>1</tessellate>
        <coordinates>
          16.8675794,41.0974794,0
          16.8709858,41.097156,0
        </coordinates>
      </LineString>
    </Placemark>
    <Placemark>
      <name>ORDINANZA 2026/03993
DIVIETO DI SOSTA AMBO I LATI, SENSO UNICO ALTERNATO NONCHÉ
RESTRINGIMENTO CARREGGIATA E ALL’OCCORRENZA DIVIETO DI
TRANSITO 
VIA PETRAGLIONE E VIA AURELIO CARRANTE INCROCI
COMPRESI 
LAVORI DI SCAVI PER SOSTITUZIONE E POSA DELLE
NUOVE CONDOTTE IN GHISA
IMPRESA ESECUTRICE:ACCIONA AGUA S.A. 
12/09/2026 - 30/11/2026 00:00-24:00 
IMPRESA ESECUTRICE:ACCIONA AGUA S.A.
</name>
      <description><![CDATA[ORDINANZA 2026/03993<br>https://drive.google.com/file/d/1cJyNmCE_4-e1sCZ6qMXjk7x5oC7aKz4L/view<br>Istituzione temporanea del divieto di<br>sosta ambo i alti, senso unico alternato nonché restringimento carreggiata e all’occorrenza divieto di<br>transito su .<br>VIA PETRAGLIONE e VIA AURELIO CARRANTE<br>3. Tutti i provvedimenti in contrasto con la presente sono momentaneamente e provvisoriamente sospesi e<br>divengono nuovamente efficaci all’esaurimento dei termini previsti dal presente disposto;<br>TERMINE E DURATA: DAL GIORNO 12/09/2026 AL 30/11<br>/2026 DALLE ORE 00 ALLE ORE 24.<br>PRORGATA FINO AL 11/09/2026 DALLA 2026/03785<br>https://drive.google.com/file/d/1HYgruAxa7uAv2xSyffzl1_BYmHHu35sV/view<br><br>ORDINANZA 2026/03228<br><br>https://drive.google.com/file/d/1XTxBuFESeS20J-fPpdIKj88rMByazcIu/view<br><br>P1557 LOTTO 1. ORDINANZA PER ISTITUIRE TEMPORANEAMENTE UN<br>DIVIETO DI SOSTA AMBO I ALTI, SENSO UNICO ALTERNATO NONCHÉ<br>RESTRINGIMENTO CARREGGIATA E ALL’OCCORRENZA DIVIETO DI<br>TRANSITO SU VIA PETRAGLIONE E VIA AURELIO CARRANTE INCROCI<br>COMPRESI PER LAVORI DI SCAVI PER SOSTITUZIONE E POSA DELLE<br>NUOVE CONDOTTE IN GHISA, REALIZZAZIONE DI TUTTE LE DERIVAZIONI DI<br>UTENZA, RINTERRI E SUCCESSIVI RIPRISTINI PROVVISORI PER<br>TERMINARE CON QUELLI DEFINITIVI, DAL GIORNO 01/07/2026 AL 03/08/2026<br>DALLE ORE 00 ALLE ORE 24.<br>SOCIETÀ: ACCIONA AGUA S.A.<br><br><br>Durata e tempistiche: DAL 01/07/2026 AL 03/08/2026]]></description>
      <styleUrl>#line-E65100-2550</styleUrl>
      <LineString>
        <tessellate>1</tessellate>
        <coordinates>
          16.8658582,41.0977676,0
          16.8657765,41.0963612,0
          16.8656317,41.0961914,0
          16.8657873,41.0960257,0
          16.8655968,41.093978,0
          16.8656853,41.0939679,0
          16.8658784,41.0960337,0
          16.866034,41.0961955,0
          16.8659267,41.0963572,0
          16.865916,41.0972789,0
        </coordinates>
      </LineString>
    </Placemark>
    <Placemark>
      <name>ORDINANZA 2026/03993
DIVIETO DI SOSTA AMBO I LATI, SENSO UNICO ALTERNATO NONCHÉ
RESTRINGIMENTO CARREGGIATA E ALL’OCCORRENZA DIVIETO DI
TRANSITO 
VIA PETRAGLIONE E VIA AURELIO CARRANTE INCROCI
COMPRESI 
LAVORI DI SCAVI PER SOSTITUZIONE E POSA DELLE
NUOVE CONDOTTE IN GHISA
IMPRESA ESECUTRICE:ACCIONA AGUA S.A. 
12/09/2026 - 30/11/2026 00:00-24:00 
IMPRESA ESECUTRICE:ACCIONA AGUA S.A.
</name>
      <description><![CDATA[ORDINANZA 2026/03993<br>https://drive.google.com/file/d/1cJyNmCE_4-e1sCZ6qMXjk7x5oC7aKz4L/view<br>Istituzione temporanea del divieto di<br>sosta ambo i alti, senso unico alternato nonché restringimento carreggiata e all’occorrenza divieto di<br>transito su .<br>VIA PETRAGLIONE e VIA AURELIO CARRANTE<br>3. Tutti i provvedimenti in contrasto con la presente sono momentaneamente e provvisoriamente sospesi e<br>divengono nuovamente efficaci all’esaurimento dei termini previsti dal presente disposto;<br>TERMINE E DURATA: DAL GIORNO 12/09/2026 AL 30/11<br>/2026 DALLE ORE 00 ALLE ORE 24.<br><br>PRORGATA FINO AL 11/09/2026 DALLA 2026/03785<br>https://drive.google.com/file/d/1HYgruAxa7uAv2xSyffzl1_BYmHHu35sV/view<br><br>ORDINANZA 2026/03228<br><br>https://drive.google.com/file/d/1XTxBuFESeS20J-fPpdIKj88rMByazcIu/view<br><br>P1557 LOTTO 1. ORDINANZA PER ISTITUIRE TEMPORANEAMENTE UN<br>DIVIETO DI SOSTA AMBO I ALTI, SENSO UNICO ALTERNATO NONCHÉ<br>RESTRINGIMENTO CARREGGIATA E ALL’OCCORRENZA DIVIETO DI<br>TRANSITO SU VIA PETRAGLIONE E VIA AURELIO CARRANTE INCROCI<br>COMPRESI PER LAVORI DI SCAVI PER SOSTITUZIONE E POSA DELLE<br>NUOVE CONDOTTE IN GHISA, REALIZZAZIONE DI TUTTE LE DERIVAZIONI DI<br>UTENZA, RINTERRI E SUCCESSIVI RIPRISTINI PROVVISORI PER<br>TERMINARE CON QUELLI DEFINITIVI, DAL GIORNO 01/07/2026 AL 03/08/2026<br>DALLE ORE 00 ALLE ORE 24.<br>SOCIETÀ: ACCIONA AGUA S.A.<br><br><br>Durata e tempistiche: DAL 01/07/2026 AL 03/08/2026]]></description>
      <styleUrl>#icon-1541-E65100</styleUrl>
      <Point>
        <coordinates>
          16.865853,41.0953157,0
        </coordinates>
      </Point>
    </Placemark>
    <Placemark>
      <name>ORDINANZA 2026/03982 
RESTRINGIMENTO DI CARREGGIATA, DIVIETO DI FERMATA
VIALE EINAUDI TRA VIA DELLA RESISTENZA E VIA DELLA COSTITUENTE, CARREGGIATA LATO PARCO DUE GIUGNO
BRT
IMPRESA ESECUTRICE: R.T.I. COBAR S.P.A. - MER MEC STE S.R.L.
01/09/2026 - 31/10/2026 
</name>
      <description><![CDATA[ORDINANZA 2026/03982 <br><br>https://drive.google.com/file/d/1CUYutm1K91-aekqWITPSP3syk9hHPHkh/view<br><br>PROROGA ORDINANZA 2026/03746 LAVORI DI REALIZZAZIONE DI UN SISTEMA BRT PER LA CITTÀ DI BARI - FINANZIATO DALLA UNIONE EUROPEA NEXT GENERATION EU - TRASPORTO RAPIDO DI MASSA - MISURA M2C2 - INV 4.2 DEL PNRR - CUP: J91B21002850001 REGOLAMENTAZIONE TEMPORANEA DELLA CIRCOLAZIONE STRADALE SU VIA CALDAROLA NEL TRATTO STRADALE COMPRESO TRA VIA LOIACONO E VIA TOSCANINI FINO AL 31.10.2026 IMPRESA ESECUTRICE: R.T.I. COBAR S.P.A. - MER MEC STE S.R.L. <br><br>Durata e tempistiche: 01/09/2026 - 31/10/2026 <br><br>PROROGATA FINO AL 31/08/2026 DALLA Ordinanza 2026/03745<br>https://drive.google.com/file/d/12NUWLxKSrdm56246Oiv-nK-j43gAkyQ2/view<br><br>ORDINANZA 2026/03235<br><br>https://drive.google.com/file/d/1QQElz-5MK9sZgLyEoF0QAl40hRyyOFZ8/view<br><br>LAVORI DI REALIZZAZIONE DI UN SISTEMA BRT PER LA CITTÀ DI BARI -<br>FINANZIATO DALLA UNIONE EUROPEA NEXT GENERATION EU -<br>TRASPORTO RAPIDO DI MASSA - MISURA M2C2 - INV 4.2 DEL PNRR - CUP:<br>J91B21002850001<br>REGOLAMENTAZIONE TEMPORANEA DELLA CIRCOLAZIONE STRADALE SU<br>VIALE EINAUDI FINO AL 31.07.2026<br>IMPRESA ESECUTRICE: R.T.I. COBAR S.P.A. - MER MEC STE S.R.L.<br><br>Durata e Tempistiche: 30/06/2026 - 30/07/2026]]></description>
      <styleUrl>#icon-1541-E65100</styleUrl>
      <Point>
        <coordinates>
          16.8737206,41.1006167,0
        </coordinates>
      </Point>
    </Placemark>
    <Placemark>
      <name>ORDINANZA 2026/03982 
RESTRINGIMENTO DI CARREGGIATA, DIVIETO DI FERMATA
VIALE EINAUDI TRA VIA DELLA RESISTENZA E VIA DELLA COSTITUENTE, CARREGGIATA LATO PARCO DUE GIUGNO
BRT
IMPRESA ESECUTRICE: R.T.I. COBAR S.P.A. - MER MEC STE S.R.L.
01/09/2026 - 31/10/2026
</name>
      <description><![CDATA[ORDINANZA 2026/03982 <br><br>https://drive.google.com/file/d/1CUYutm1K91-aekqWITPSP3syk9hHPHkh/view<br><br>PROROGA ORDINANZA 2026/03746 LAVORI DI REALIZZAZIONE DI UN SISTEMA BRT PER LA CITTÀ DI BARI - FINANZIATO DALLA UNIONE EUROPEA NEXT GENERATION EU - TRASPORTO RAPIDO DI MASSA - MISURA M2C2 - INV 4.2 DEL PNRR - CUP: J91B21002850001 REGOLAMENTAZIONE TEMPORANEA DELLA CIRCOLAZIONE STRADALE SU VIA CALDAROLA NEL TRATTO STRADALE COMPRESO TRA VIA LOIACONO E VIA TOSCANINI FINO AL 31.10.2026 IMPRESA ESECUTRICE: R.T.I. COBAR S.P.A. - MER MEC STE S.R.L. <br><br>Durata e tempistiche: 01/09/2026 - 31/10/2026 <br><br>PROROGATA FINO AL 31/08/2026 DALLA Ordinanza 2026/03745<br>https://drive.google.com/file/d/12NUWLxKSrdm56246Oiv-nK-j43gAkyQ2/view<br><br>ORDINANZA 2026/03235<br><br>https://drive.google.com/file/d/1QQElz-5MK9sZgLyEoF0QAl40hRyyOFZ8/view<br><br>LAVORI DI REALIZZAZIONE DI UN SISTEMA BRT PER LA CITTÀ DI BARI -<br>FINANZIATO DALLA UNIONE EUROPEA NEXT GENERATION EU -<br>TRASPORTO RAPIDO DI MASSA - MISURA M2C2 - INV 4.2 DEL PNRR - CUP:<br>J91B21002850001<br>REGOLAMENTAZIONE TEMPORANEA DELLA CIRCOLAZIONE STRADALE SU<br>VIALE EINAUDI FINO AL 31.07.2026<br>IMPRESA ESECUTRICE: R.T.I. COBAR S.P.A. - MER MEC STE S.R.L.<br><br>Durata e Tempistiche: 30/06/2026 - 30/07/2026]]></description>
      <styleUrl>#line-E65100-4294</styleUrl>
      <LineString>
        <tessellate>1</tessellate>
        <coordinates>
          16.8737541,41.1006152,0
          16.8762968,41.1007972,0
        </coordinates>
      </LineString>
    </Placemark>
    <Placemark>
      <name>ORDINANZA 2026/03983
RESTRINGIMENTO CARREGGIATA, DIVIETO DI FERMATA
VIA DELLA COSTITUENTE TRA VIA JACINI E VIA BORSANI 
LAVORI DI REALIZZAZIONE DI UN SISTEMA BRT PER LA CITTÀ DI BARI -
IMPRESA ESECUTRICE:R.T.I. COBAR S.P.A. - MER MEC STE S.R.L. 
01/09/2026 - 31/10/2026 
</name>
      <description><![CDATA[ORDINANZA 2026/03983<br>https://drive.google.com/file/d/1kvZBa9UpS9jPmAG9RaHvH9eLRVFomRgG/view<br>PROROGA DELL’ORDINANZA DIRIGENZIALE N. 2026/03744<br>LAVORI DI REALIZZAZIONE DI UN SISTEMA BRT PER LA CITTÀ DI BARI -<br>FINANZIATO DALLA UNIONE EUROPEA NEXT GENERATION EU -<br>TRASPORTO RAPIDO DI MASSA - MISURA M2C2 - INV 4.2 DEL PNRR - CUP:<br>J91B21002850001<br>REGOLAMENTAZIONE TEMPORANEA DELLA CIRCOLAZIONE STRADALE SU<br>VIA DELLA COSTITUENTE<br>TERMINE E DURATA: DAL GIORNO 01/09/2026 AL 31/10/2026<br>PROROGATA FINO ALE 31/08/2026<br>DALLA Ordinanza 2026/03744<br>https://drive.google.com/file/d/1BSqkZKiYfbRClhbGqw88Ll6BFpzLj7ng/view<br><br>ORDINANZA 2026/03234<br><br>https://drive.google.com/file/d/1yo6guZ98bGlfnUYf8WwYoFo_s1A9gdbl/view<br><br>LAVORI DI REALIZZAZIONE DI UN SISTEMA BRT PER LA CITTÀ DI BARI -<br>FINANZIATO DALLA UNIONE EUROPEA NEXT GENERATION EU -<br>TRASPORTO RAPIDO DI MASSA - MISURA M2C2 - INV 4.2 DEL PNRR - CUP:<br>J91B21002850001<br>REGOLAMENTAZIONE TEMPORANEA DELLA CIRCOLAZIONE STRADALE SU<br>VIA DELLA COSTITUENTE FINO AL 31.07.2026<br>IMPRESA ESECUTRICE: R.T.I. COBAR S.P.A. - MER MEC STE S.R.L.<br><br>Durata e tempistiche: 30/06/2026 - 30/07/2026]]></description>
      <styleUrl>#line-E65100-4100</styleUrl>
      <LineString>
        <tessellate>1</tessellate>
        <coordinates>
          16.8736036,41.1038562,0
          16.873625,41.1032478,0
        </coordinates>
      </LineString>
    </Placemark>
    <Placemark>
      <name>ORDINANZA 2026/03983
RESTRINGIMENTO CARREGGIATA, DIVIETO DI FERMATA
VIA DELLA COSTITUENTE TRA VIA JACINI E VIA BORSANI 
LAVORI DI REALIZZAZIONE DI UN SISTEMA BRT PER LA CITTÀ DI BARI -
IMPRESA ESECUTRICE:R.T.I. COBAR S.P.A. - MER MEC STE S.R.L. 
01/09/2026 - 31/10/2026 
</name>
      <description><![CDATA[ORDINANZA 2026/03983<br>https://drive.google.com/file/d/1kvZBa9UpS9jPmAG9RaHvH9eLRVFomRgG/view<br>PROROGA DELL’ORDINANZA DIRIGENZIALE N. 2026/03744<br>LAVORI DI REALIZZAZIONE DI UN SISTEMA BRT PER LA CITTÀ DI BARI -<br>FINANZIATO DALLA UNIONE EUROPEA NEXT GENERATION EU -<br>TRASPORTO RAPIDO DI MASSA - MISURA M2C2 - INV 4.2 DEL PNRR - CUP:<br>J91B21002850001<br>REGOLAMENTAZIONE TEMPORANEA DELLA CIRCOLAZIONE STRADALE SU<br>VIA DELLA COSTITUENTE<br>TERMINE E DURATA: DAL GIORNO 01/09/2026 AL 31/10/2026<br>PROROGATA FINO ALE 31/08/2026<br>DALLA Ordinanza 2026/03744<br>https://drive.google.com/file/d/1BSqkZKiYfbRClhbGqw88Ll6BFpzLj7ng/view<br><br>ORDINANZA 2026/03234<br><br>https://drive.google.com/file/d/1yo6guZ98bGlfnUYf8WwYoFo_s1A9gdbl/view<br><br>LAVORI DI REALIZZAZIONE DI UN SISTEMA BRT PER LA CITTÀ DI BARI -<br>FINANZIATO DALLA UNIONE EUROPEA NEXT GENERATION EU -<br>TRASPORTO RAPIDO DI MASSA - MISURA M2C2 - INV 4.2 DEL PNRR - CUP:<br>J91B21002850001<br>REGOLAMENTAZIONE TEMPORANEA DELLA CIRCOLAZIONE STRADALE SU<br>VIA DELLA COSTITUENTE FINO AL 31.07.2026<br>IMPRESA ESECUTRICE: R.T.I. COBAR S.P.A. - MER MEC STE S.R.L.<br><br>Durata e tempistiche: 30/06/2026 - 30/07/2026]]></description>
      <styleUrl>#icon-1541-E65100</styleUrl>
      <Point>
        <coordinates>
          16.8737189,41.1032791,0
        </coordinates>
      </Point>
    </Placemark>
    <Placemark>
      <name>ORDINANZA 2026/03970 
DIVIETO DI FERMATA, RESTRINGIMENTO CARREGGIATA
LUNGOMARE NAZARIO SAURO TRA VIA GORIZIA E VIA VACCARO
LAVORI DI REALIZZAZIONE DI UN SISTEMA BRT PER LA CITTÀ DI BARI
IMPRESA ESECUTRICE: R.T.I. COBAR S.P.A. - MER MEC STE S.R.L.
01/09/2026 - 31/10/2026
</name>
      <description><![CDATA[ORDINANZA 2026/03970 <br><br>https://drive.google.com/file/d/1m6spDGnI9OnxwGrRRkKfS3MWUoOdEugb/view<br><br>PROROGA DELL’ORDINANZA DIRIGENZIALE N. 2026/03757 LAVORI DI REALIZZAZIONE DI UN SISTEMA BRT PER LA CITTÀ DI BARI - FINANZIATO DALLA UNIONE EUROPEA NEXT GENERATION EU - TRASPORTO RAPIDO DI MASSA - MISURA M2C2 - INV 4.2 DEL PNRR - CUP: J91B21002850001 REGOLAMENTAZIONE TEMPORANEA DELLA CIRCOLAZIONE STRADALE SU LUNGOMARE NAZARIO SAURO NEL TRATTO STRADALE COMPRESO TRA VIA GORIZIA E VIA VACCARO FINO AL 31.10.2026 IMPRESA ESECUTRICE: R.T.I. COBAR S.P.A. - MER MEC STE S.R.L. <br><br>Durata e tempistiche: 01/09/2026 - 31/10/2026 <br><br>PROROGATA FINO AL 31/08/2026<br>DALLA Ordinanza 2026/03757<br>https://drive.google.com/file/d/14_t8wwQ9EhURX6QbKNMJJOUoTSwX41g2/view<br>------<br>ORDINANZA 2026/03247 <br><br>https://drive.google.com/file/d/1Xg78LSPuqjguvZM3gq_2Dh9xS7zqSm6K/view<br><br><br>LAVORI DI REALIZZAZIONE DI UN SISTEMA BRT PER LA CITTÀ DI BARI - FINANZIATO DALLA UNIONE EUROPEA NEXT GENERATION EU - TRASPORTO RAPIDO DI MASSA - MISURA M2C2 - INV 4.2 DEL PNRR - CUP: J91B21002850001 REGOLAMENTAZIONE TEMPORANEA DELLA CIRCOLAZIONE STRADALE SU LUNGOMARE NAZARIO SAURO NEL TRATTO STRADALE COMPRESO TRA VIA GORIZIA E VIA VACCARO FINO AL 31.07.2026 IMPRESA ESECUTRICE: R.T.I. COBAR S.P.A. - MER MEC STE S.R.L. <br><br>Durata e tempistiche: 01/07/2026 - 31/07/2026   ]]></description>
      <styleUrl>#icon-1541-E65100</styleUrl>
      <Point>
        <coordinates>
          16.8847075,41.1207324,0
        </coordinates>
      </Point>
    </Placemark>
    <Placemark>
      <name>ORDINANZA 2026/03970 
DIVIETO DI FERMATA, RESTRINGIMENTO CARREGGIATA
LUNGOMARE NAZARIO SAURO TRA VIA GORIZIA E VIA VACCARO
LAVORI DI REALIZZAZIONE DI UN SISTEMA BRT PER LA CITTÀ DI BARI
IMPRESA ESECUTRICE: R.T.I. COBAR S.P.A. - MER MEC STE S.R.L.
01/09/2026 - 31/10/2026
</name>
      <description><![CDATA[ORDINANZA 2026/03970 <br><br>https://drive.google.com/file/d/1m6spDGnI9OnxwGrRRkKfS3MWUoOdEugb/view<br><br>PROROGA DELL’ORDINANZA DIRIGENZIALE N. 2026/03757 LAVORI DI REALIZZAZIONE DI UN SISTEMA BRT PER LA CITTÀ DI BARI - FINANZIATO DALLA UNIONE EUROPEA NEXT GENERATION EU - TRASPORTO RAPIDO DI MASSA - MISURA M2C2 - INV 4.2 DEL PNRR - CUP: J91B21002850001 REGOLAMENTAZIONE TEMPORANEA DELLA CIRCOLAZIONE STRADALE SU LUNGOMARE NAZARIO SAURO NEL TRATTO STRADALE COMPRESO TRA VIA GORIZIA E VIA VACCARO FINO AL 31.10.2026 IMPRESA ESECUTRICE: R.T.I. COBAR S.P.A. - MER MEC STE S.R.L. <br><br>Durata e tempistiche: 01/09/2026 - 31/10/2026 <br><br>PROROGATA FINO AL 31/08/2026<br>DALLA Ordinanza 2026/03757<br>https://drive.google.com/file/d/14_t8wwQ9EhURX6QbKNMJJOUoTSwX41g2/view<br>--------------------<br>ORDINANZA 2026/03247 <br><br>https://drive.google.com/file/d/1Xg78LSPuqjguvZM3gq_2Dh9xS7zqSm6K/view<br><br><br>LAVORI DI REALIZZAZIONE DI UN SISTEMA BRT PER LA CITTÀ DI BARI - FINANZIATO DALLA UNIONE EUROPEA NEXT GENERATION EU - TRASPORTO RAPIDO DI MASSA - MISURA M2C2 - INV 4.2 DEL PNRR - CUP: J91B21002850001 REGOLAMENTAZIONE TEMPORANEA DELLA CIRCOLAZIONE STRADALE SU LUNGOMARE NAZARIO SAURO NEL TRATTO STRADALE COMPRESO TRA VIA GORIZIA E VIA VACCARO FINO AL 31.07.2026 IMPRESA ESECUTRICE: R.T.I. COBAR S.P.A. - MER MEC STE S.R.L. <br><br>Durata e tempistiche: 01/07/2026 - 31/07/2026   ]]></description>
      <styleUrl>#line-E65100-3131</styleUrl>
      <LineString>
        <tessellate>1</tessellate>
        <coordinates>
          16.884458,41.120791,0
          16.8854209,41.1204798,0
        </coordinates>
      </LineString>
    </Placemark>
    <Placemark>
      <name>ORDINANZA 2026/04048 
DIVIETO DI FERMATA E DIVIETO DI TRANSITO
VIA MANZONI TRA PIAZZA GARIBALDI E VIA CALEFATI
VIA MANZONI TRA CORSO ITALIA E VIA PRINCIPE AMEDEO 
LAVORI DI RIQUALIFICAZIONE DI VIA MANZONI
IMPRESA ESECUTRICE: SOCIETÀ DROMOS APPALTI S.P.A.
08/09/2026 - 31/12/2026 
</name>
      <description><![CDATA[ORDINANZA 2026/04048 <br>https://drive.google.com/file/d/1FvrYwcH0NY4JOqYR9ZJNyqZpEz-_2Tlq/view<br><br>LAVORI DI RIQUALIFICAZIONE DI VIA MANZONI REGOLAMENTAZIONE TEMPORANEA DELLA CIRCOLAZIONE STRADALE SU VIA MANZONI NEI TRATTI COMPRESI TRA PIAZZA GARIBALDI E VIA CALEFATI E TRA CORSO ITALIA E VIA PRINCIPE AMEDEO FINO AL GIORNO 31.12.2026 IMPRESA ESECUTRICE: SOCIETÀ DROMOS APPALTI S.P.A. <br><br>Durata e tempistiche: 08/09/2026 - 31/12/2026<br><br>ORDINANZA 2026/03274 <br><br>https://drive.google.com/file/d/1ZBgsCzR-O5UEjr6tgQbGTI72I3-k3m0k/view<br><br><br>PROCEDURA NEGOZIATA PN23023 PER LA CONCLUSIONE DI UN ACCORDO QUADRO QUADRIENNALE PER L'AFFIDAMENTO CONGIUNTO DI PROGETTAZIONE ESECUTIVA ED ESECUZIONE DEI "LAVORI DI RIQUALIFICAZIONE DI VIA MANZONI" – ACCORDO QUADRO CIG: 9934949346 1° CONTRATTO ATTUATIVO CUP: J91B21001180001 – CIG: A065861BA9 2° CONTRATTO ATTUATIVO CUP: J98E22000030003 – CIG: A06586D592 RICHIESTA ORDINANZA PER CHIUSURA AL TRAFFICO VEICOLARE H 24, DIVIETO DI SOSTA E FERMATA AMBO I LATI CON RIMOZIONE, SU VIA MANZONI NEI TRATTI COMPRESI TRA P.ZZA GARIBALDI E VIA CALEFATI E CORSO ITALIA E VIA PRINCIPE AMEDEO DAL GIORNO 01/07/2026 AL 01/09/2026 IMPRESA ESECUTRICE: SOCIETÀ DROMOS APPALTI S.P.A. CON SEDE LEGALE IN VIA PO N. 31 <br><br>Durata e tempistiche: 01/07/2026 - 01/09/2026     ]]></description>
      <styleUrl>#line-E65100-3131</styleUrl>
      <LineString>
        <tessellate>1</tessellate>
        <coordinates>
          16.861095,41.122192,0
          16.8615307,41.1182147,0
        </coordinates>
      </LineString>
    </Placemark>
    <Placemark>
      <name>ORDINANZA 2026/04048 
DIVIETO DI FERMATA E DIVIETO DI TRANSITO
VIA MANZONI TRA PIAZZA GARIBALDI E VIA CALEFATI
VIA MANZONI TRA CORSO ITALIA E VIA PRINCIPE AMEDEO 
LAVORI DI RIQUALIFICAZIONE DI VIA MANZONI
IMPRESA ESECUTRICE: SOCIETÀ DROMOS APPALTI S.P.A.
08/09/2026 - 31/12/2026 
</name>
      <description><![CDATA[ORDINANZA 2026/04048 <br>https://drive.google.com/file/d/1FvrYwcH0NY4JOqYR9ZJNyqZpEz-_2Tlq/view<br><br>LAVORI DI RIQUALIFICAZIONE DI VIA MANZONI REGOLAMENTAZIONE TEMPORANEA DELLA CIRCOLAZIONE STRADALE SU VIA MANZONI NEI TRATTI COMPRESI TRA PIAZZA GARIBALDI E VIA CALEFATI E TRA CORSO ITALIA E VIA PRINCIPE AMEDEO FINO AL GIORNO 31.12.2026 IMPRESA ESECUTRICE: SOCIETÀ DROMOS APPALTI S.P.A. <br><br>Durata e tempistiche: 08/09/2026 - 31/12/2026<br><br>ORDINANZA 2026/03274 <br><br>https://drive.google.com/file/d/1ZBgsCzR-O5UEjr6tgQbGTI72I3-k3m0k/view<br><br><br>PROCEDURA NEGOZIATA PN23023 PER LA CONCLUSIONE DI UN ACCORDO QUADRO QUADRIENNALE PER L'AFFIDAMENTO CONGIUNTO DI PROGETTAZIONE ESECUTIVA ED ESECUZIONE DEI "LAVORI DI RIQUALIFICAZIONE DI VIA MANZONI" – ACCORDO QUADRO CIG: 9934949346 1° CONTRATTO ATTUATIVO CUP: J91B21001180001 – CIG: A065861BA9 2° CONTRATTO ATTUATIVO CUP: J98E22000030003 – CIG: A06586D592 RICHIESTA ORDINANZA PER CHIUSURA AL TRAFFICO VEICOLARE H 24, DIVIETO DI SOSTA E FERMATA AMBO I LATI CON RIMOZIONE, SU VIA MANZONI NEI TRATTI COMPRESI TRA P.ZZA GARIBALDI E VIA CALEFATI E CORSO ITALIA E VIA PRINCIPE AMEDEO DAL GIORNO 01/07/2026 AL 01/09/2026 IMPRESA ESECUTRICE: SOCIETÀ DROMOS APPALTI S.P.A. CON SEDE LEGALE IN VIA PO N. 31 <br><br>Durata e tempistiche: 01/07/2026 - 01/09/2026     ]]></description>
      <styleUrl>#icon-1541-E65100</styleUrl>
      <Point>
        <coordinates>
          16.8613526,41.1211166,0
        </coordinates>
      </Point>
    </Placemark>
    <Placemark>
      <name>ORDINANZA 2026/03280 
DIVIETO DI SOSTA SU ENTRAMBI I LATI , RESTRINGIMENTO DI CARREGGIATA 
VIA ANITA GARIBALDI NELL’INTERSEZIONE TRA VIA NAPOLI E CORSO GIUSEPPE MAZZINI, 
VIA NAPOLI DA INTERSEZIONE CON VIA BRIGATA REGINA A INTERSEZIONE CON PIAZZA DISFIDA DI BARLETTA
INTERRAMENTO CAVI EDISTRIBUZIONE
IMPRESA ESECUTRICE: OMNIA WORK SRL - POTENZA 
02/07/2026 - 30/09/2026
</name>
      <description><![CDATA[ORDINANZA 2026/03280 <br><br>https://drive.google.com/file/d/1CJGpClNt2P-NAJVRdjX3R2hLzWs_hDMR/view<br><br>ORDINANZA PER DIVIETO DI SOSTA SU ENTRAMBI I LATI , RESTRINGIMENTO DI CARREGGIATA IN VIA ANITA GARIBALDI NELL’INTERSEZIONE TRA VIA NAPOLI E CORSO GIUSEPPE MAZZINI, VIA NAPOLI DA INTERSEZIONE CON VIA BRIGATA REGINA A INTERSEZIONE CON PIAZZA DISFIDA DI BARLETTA DALLA DATA DI EMANAZIONE DELLA PRESENTE ORDINANZA AL 30/09/2026, SABATO E DOMENICA COMPRESI,PER LAVORI DI INTERRAMENTO CAVI EDISTRIBUZIONE. SOCIETÀ: OMNIA WORK SRL - POTENZA <br><br>Durata e tempistiche: 02/07/2026 - 30/09/202]]></description>
      <styleUrl>#icon-1541-E65100</styleUrl>
      <Point>
        <coordinates>
          16.8536685,41.1269767,0
        </coordinates>
      </Point>
    </Placemark>
    <Placemark>
      <name>ORDINANZA 2026/03280 
DIVIETO DI SOSTA SU ENTRAMBI I LATI , RESTRINGIMENTO DI CARREGGIATA 
VIA ANITA GARIBALDI NELL’INTERSEZIONE TRA VIA NAPOLI E CORSO GIUSEPPE MAZZINI, 
VIA NAPOLI DA INTERSEZIONE CON VIA BRIGATA REGINA A INTERSEZIONE CON PIAZZA DISFIDA DI BARLETTA
INTERRAMENTO CAVI EDISTRIBUZIONE
IMPRESA ESECUTRICE: OMNIA WORK SRL - POTENZA 
02/07/2026 - 30/09/2026 
</name>
      <description><![CDATA[ORDINANZA 2026/03280 <br><br>https://drive.google.com/file/d/1CJGpClNt2P-NAJVRdjX3R2hLzWs_hDMR/view<br><br>ORDINANZA PER DIVIETO DI SOSTA SU ENTRAMBI I LATI , RESTRINGIMENTO DI CARREGGIATA IN VIA ANITA GARIBALDI NELL’INTERSEZIONE TRA VIA NAPOLI E CORSO GIUSEPPE MAZZINI, VIA NAPOLI DA INTERSEZIONE CON VIA BRIGATA REGINA A INTERSEZIONE CON PIAZZA DISFIDA DI BARLETTA DALLA DATA DI EMANAZIONE DELLA PRESENTE ORDINANZA AL 30/09/2026, SABATO E DOMENICA COMPRESI,PER LAVORI DI INTERRAMENTO CAVI EDISTRIBUZIONE. SOCIETÀ: OMNIA WORK SRL - POTENZA <br><br>Durata e tempistiche: 02/07/2026 - 30/09/202]]></description>
      <styleUrl>#line-E65100-2744</styleUrl>
      <LineString>
        <tessellate>1</tessellate>
        <coordinates>
          16.8532093,41.1254136,0
          16.8530516,41.1271464,0
          16.8516515,41.1271868,0
          16.8543015,41.1270939,0
          16.8569515,41.1269565,0
        </coordinates>
      </LineString>
    </Placemark>
    <Placemark>
      <name>ORDINANZA 2026/03953 
DIVIETO DI SOSTA, DI FERMATA AMBO I LATI
STRADA TOMASICCHIO, VIA CIMAROSA, VIA PAISIELLO E VIA NAPOLI
CONTROLLO DELLE PRESSIONI ED IL MONITORAGGIO DELLE GRANDEZZE IDRAULICHE NELLE RETI IDRICHE E SOSTITUZIONE DEI TRONCHI VETUSTI ED AMMALORATI
IMPRESA ESECUTRICE: ACCIONA AGUA S.A. 
01/09/2026 - 30/10/2026 
</name>
      <description><![CDATA[ORDINANZA 2026/03953 <br>https://drive.google.com/file/d/19DysoNHQrL8Xp6oe2fliY_O5B9DKleUj/view<br><br> PROROGA ORDINANZA DIRIGENZIALE N.2026/03299<br><br>P1557 ORDINANZA PER ISTITUIRE TEMPORANEAMENTE UN DIVIETO DI SOSTA, DI FERMATA AMBO I LATI SU STRADA TOMASICCHIO, VIA CIMAROSA, VIA PAISIELLO E VIA NAPOLI, PER IL CONTROLLO DELLE PRESSIONI ED IL MONITORAGGIO DELLE GRANDEZZE IDRAULICHE NELLE RETI IDRICHE E SOSTITUZIONE DEI TRONCHI VETUSTI ED AMMALORATI. PROROGA ORDINANZA DIRIGENZIALE N.2026/03299 DEL 03/07/2026, DAL GIORNO 01/09/2026 AL 30/10/2026. SOCIETÀ: ACCIONA AGUA S.A. <br><br>Durata e tempistiche: 01/09/2026 - 30/10/2026 <br><br>ORDINANZA 2026/03299<br><br>https://drive.google.com/file/d/1fsN5NXZkNZnC7HhGyrb1ud_p488DRhJR/view<br><br>P1557 ORDINANZA PER ISTITUIRE TEMPORANEAMENTE UN DIVIETO DI<br>SOSTA, DI FERMATA AMBO I LATI SU STRADA TOMASICCHIO, VIA<br>CIMAROSA, VIA PAISIELLO E VIA NAPOLI, PER IL CONTROLLO DELLE<br>PRESSIONI ED IL MONITORAGGIO DELLE GRANDEZZE IDRAULICHE NELLE<br>RETI IDRICHE E SOSTITUZIONE DEI TRONCHI VETUSTI ED AMMALORATI<br>DALL'ESECUTIVITA' DELL'ATTO SINO AL GIORNO 31/08/2026.<br>SOCIETÀ: ACCIONA AGUA S.A.<br><br><br>Durata e tempistiche: DAL 03/07/2026 AL 31/08/2026]]></description>
      <styleUrl>#line-E65100-5650</styleUrl>
      <LineString>
        <tessellate>1</tessellate>
        <coordinates>
          16.8164112,41.1393667,0
          16.8158578,41.1369758,0
        </coordinates>
      </LineString>
    </Placemark>
    <Placemark>
      <name>ORDINANZA 2026/03953 
DIVIETO DI SOSTA, DI FERMATA AMBO I LATI
STRADA TOMASICCHIO, VIA CIMAROSA, VIA PAISIELLO E VIA NAPOLI
CONTROLLO DELLE PRESSIONI ED IL MONITORAGGIO DELLE GRANDEZZE IDRAULICHE NELLE RETI IDRICHE E SOSTITUZIONE DEI TRONCHI VETUSTI ED AMMALORATI
IMPRESA ESECUTRICE: ACCIONA AGUA S.A. 
01/09/2026 - 30/10/2026  
</name>
      <description><![CDATA[ORDINANZA 2026/03953 <br>https://drive.google.com/file/d/19DysoNHQrL8Xp6oe2fliY_O5B9DKleUj/view<br><br> PROROGA ORDINANZA DIRIGENZIALE N.2026/03299<br><br>P1557 ORDINANZA PER ISTITUIRE TEMPORANEAMENTE UN DIVIETO DI SOSTA, DI FERMATA AMBO I LATI SU STRADA TOMASICCHIO, VIA CIMAROSA, VIA PAISIELLO E VIA NAPOLI, PER IL CONTROLLO DELLE PRESSIONI ED IL MONITORAGGIO DELLE GRANDEZZE IDRAULICHE NELLE RETI IDRICHE E SOSTITUZIONE DEI TRONCHI VETUSTI ED AMMALORATI. PROROGA ORDINANZA DIRIGENZIALE N.2026/03299 DEL 03/07/2026, DAL GIORNO 01/09/2026 AL 30/10/2026. SOCIETÀ: ACCIONA AGUA S.A. <br><br>Durata e tempistiche: 01/09/2026 - 30/10/2026 <br><br>ORDINANZA 2026/03299<br><br>https://drive.google.com/file/d/1fsN5NXZkNZnC7HhGyrb1ud_p488DRhJR/view<br><br>P1557 ORDINANZA PER ISTITUIRE TEMPORANEAMENTE UN DIVIETO DI<br>SOSTA, DI FERMATA AMBO I LATI SU STRADA TOMASICCHIO, VIA<br>CIMAROSA, VIA PAISIELLO E VIA NAPOLI, PER IL CONTROLLO DELLE<br>PRESSIONI ED IL MONITORAGGIO DELLE GRANDEZZE IDRAULICHE NELLE<br>RETI IDRICHE E SOSTITUZIONE DEI TRONCHI VETUSTI ED AMMALORATI<br>DALL'ESECUTIVITA' DELL'ATTO SINO AL GIORNO 31/08/2026.<br>SOCIETÀ: ACCIONA AGUA S.A.<br><br><br>Durata e tempistiche: DAL 03/07/2026 AL 31/08/2026]]></description>
      <styleUrl>#line-E65100-5069</styleUrl>
      <LineString>
        <tessellate>1</tessellate>
        <coordinates>
          16.8133675,41.1396795,0
          16.8132923,41.1386938,0
          16.8119995,41.1362576,0
        </coordinates>
      </LineString>
    </Placemark>
    <Placemark>
      <name>ORDINANZA 2026/03953 
DIVIETO DI SOSTA, DI FERMATA AMBO I LATI
STRADA TOMASICCHIO, VIA CIMAROSA, VIA PAISIELLO E VIA NAPOLI
CONTROLLO DELLE PRESSIONI ED IL MONITORAGGIO DELLE GRANDEZZE IDRAULICHE NELLE RETI IDRICHE E SOSTITUZIONE DEI TRONCHI VETUSTI ED AMMALORATI
IMPRESA ESECUTRICE: ACCIONA AGUA S.A. 
01/09/2026 - 30/10/2026 
</name>
      <description><![CDATA[ORDINANZA 2026/03953 <br>https://drive.google.com/file/d/19DysoNHQrL8Xp6oe2fliY_O5B9DKleUj/view<br><br> PROROGA ORDINANZA DIRIGENZIALE N.2026/03299<br><br>P1557 ORDINANZA PER ISTITUIRE TEMPORANEAMENTE UN DIVIETO DI SOSTA, DI FERMATA AMBO I LATI SU STRADA TOMASICCHIO, VIA CIMAROSA, VIA PAISIELLO E VIA NAPOLI, PER IL CONTROLLO DELLE PRESSIONI ED IL MONITORAGGIO DELLE GRANDEZZE IDRAULICHE NELLE RETI IDRICHE E SOSTITUZIONE DEI TRONCHI VETUSTI ED AMMALORATI. PROROGA ORDINANZA DIRIGENZIALE N.2026/03299 DEL 03/07/2026, DAL GIORNO 01/09/2026 AL 30/10/2026. SOCIETÀ: ACCIONA AGUA S.A. <br><br>Durata e tempistiche: 01/09/2026 - 30/10/2026 <br><br>ORDINANZA 2026/03299<br><br>https://drive.google.com/file/d/1fsN5NXZkNZnC7HhGyrb1ud_p488DRhJR/view<br><br>P1557 ORDINANZA PER ISTITUIRE TEMPORANEAMENTE UN DIVIETO DI<br>SOSTA, DI FERMATA AMBO I LATI SU STRADA TOMASICCHIO, VIA<br>CIMAROSA, VIA PAISIELLO E VIA NAPOLI, PER IL CONTROLLO DELLE<br>PRESSIONI ED IL MONITORAGGIO DELLE GRANDEZZE IDRAULICHE NELLE<br>RETI IDRICHE E SOSTITUZIONE DEI TRONCHI VETUSTI ED AMMALORATI<br>DALL'ESECUTIVITA' DELL'ATTO SINO AL GIORNO 31/08/2026.<br>SOCIETÀ: ACCIONA AGUA S.A.<br><br><br>Durata e tempistiche: DAL 03/07/2026 AL 31/08/2026]]></description>
      <styleUrl>#line-E65100-4100</styleUrl>
      <LineString>
        <tessellate>1</tessellate>
        <coordinates>
          16.8101106,41.1389297,0
          16.8107208,41.139666,0
        </coordinates>
      </LineString>
    </Placemark>
    <Placemark>
      <name>ORDINANZA 2026/03953 
DIVIETO DI SOSTA, DI FERMATA AMBO I LATI
STRADA TOMASICCHIO, VIA CIMAROSA, VIA PAISIELLO E VIA NAPOLI
CONTROLLO DELLE PRESSIONI ED IL MONITORAGGIO DELLE GRANDEZZE IDRAULICHE NELLE RETI IDRICHE E SOSTITUZIONE DEI TRONCHI VETUSTI ED AMMALORATI
IMPRESA ESECUTRICE: ACCIONA AGUA S.A. 
01/09/2026 - 30/10/2026
</name>
      <description><![CDATA[ORDINANZA 2026/03953 <br>https://drive.google.com/file/d/19DysoNHQrL8Xp6oe2fliY_O5B9DKleUj/view<br><br> PROROGA ORDINANZA DIRIGENZIALE N.2026/03299<br><br>P1557 ORDINANZA PER ISTITUIRE TEMPORANEAMENTE UN DIVIETO DI SOSTA, DI FERMATA AMBO I LATI SU STRADA TOMASICCHIO, VIA CIMAROSA, VIA PAISIELLO E VIA NAPOLI, PER IL CONTROLLO DELLE PRESSIONI ED IL MONITORAGGIO DELLE GRANDEZZE IDRAULICHE NELLE RETI IDRICHE E SOSTITUZIONE DEI TRONCHI VETUSTI ED AMMALORATI. PROROGA ORDINANZA DIRIGENZIALE N.2026/03299 DEL 03/07/2026, DAL GIORNO 01/09/2026 AL 30/10/2026. SOCIETÀ: ACCIONA AGUA S.A. <br><br>Durata e tempistiche: 01/09/2026 - 30/10/2026 <br><br>ORDINANZA 2026/03299<br><br>https://drive.google.com/file/d/1fsN5NXZkNZnC7HhGyrb1ud_p488DRhJR/view<br><br>P1557 ORDINANZA PER ISTITUIRE TEMPORANEAMENTE UN DIVIETO DI<br>SOSTA, DI FERMATA AMBO I LATI SU STRADA TOMASICCHIO, VIA<br>CIMAROSA, VIA PAISIELLO E VIA NAPOLI, PER IL CONTROLLO DELLE<br>PRESSIONI ED IL MONITORAGGIO DELLE GRANDEZZE IDRAULICHE NELLE<br>RETI IDRICHE E SOSTITUZIONE DEI TRONCHI VETUSTI ED AMMALORATI<br>DALL'ESECUTIVITA' DELL'ATTO SINO AL GIORNO 31/08/2026.<br>SOCIETÀ: ACCIONA AGUA S.A.<br><br><br>Durata e tempistiche: DAL 03/07/2026 AL 31/08/2026]]></description>
      <styleUrl>#icon-1541-E65100</styleUrl>
      <Point>
        <coordinates>
          16.8105546,41.1394837,0
        </coordinates>
      </Point>
    </Placemark>
    <Placemark>
      <name>ORDINANZA 2026/03953 
DIVIETO DI SOSTA, DI FERMATA AMBO I LATI
STRADA TOMASICCHIO, VIA CIMAROSA, VIA PAISIELLO E VIA NAPOLI
CONTROLLO DELLE PRESSIONI ED IL MONITORAGGIO DELLE GRANDEZZE IDRAULICHE NELLE RETI IDRICHE E SOSTITUZIONE DEI TRONCHI VETUSTI ED AMMALORATI
IMPRESA ESECUTRICE: ACCIONA AGUA S.A. 
01/09/2026 - 30/10/2026 
</name>
      <description><![CDATA[ORDINANZA 2026/03953 <br>https://drive.google.com/file/d/19DysoNHQrL8Xp6oe2fliY_O5B9DKleUj/view<br><br> PROROGA ORDINANZA DIRIGENZIALE N.2026/03299<br><br>P1557 ORDINANZA PER ISTITUIRE TEMPORANEAMENTE UN DIVIETO DI SOSTA, DI FERMATA AMBO I LATI SU STRADA TOMASICCHIO, VIA CIMAROSA, VIA PAISIELLO E VIA NAPOLI, PER IL CONTROLLO DELLE PRESSIONI ED IL MONITORAGGIO DELLE GRANDEZZE IDRAULICHE NELLE RETI IDRICHE E SOSTITUZIONE DEI TRONCHI VETUSTI ED AMMALORATI. PROROGA ORDINANZA DIRIGENZIALE N.2026/03299 DEL 03/07/2026, DAL GIORNO 01/09/2026 AL 30/10/2026. SOCIETÀ: ACCIONA AGUA S.A. <br><br>Durata e tempistiche: 01/09/2026 - 30/10/2026 <br><br>ORDINANZA 2026/03299<br><br>https://drive.google.com/file/d/1fsN5NXZkNZnC7HhGyrb1ud_p488DRhJR/view<br><br>P1557 ORDINANZA PER ISTITUIRE TEMPORANEAMENTE UN DIVIETO DI<br>SOSTA, DI FERMATA AMBO I LATI SU STRADA TOMASICCHIO, VIA<br>CIMAROSA, VIA PAISIELLO E VIA NAPOLI, PER IL CONTROLLO DELLE<br>PRESSIONI ED IL MONITORAGGIO DELLE GRANDEZZE IDRAULICHE NELLE<br>RETI IDRICHE E SOSTITUZIONE DEI TRONCHI VETUSTI ED AMMALORATI<br>DALL'ESECUTIVITA' DELL'ATTO SINO AL GIORNO 31/08/2026.<br>SOCIETÀ: ACCIONA AGUA S.A.<br><br><br>Durata e tempistiche: DAL 03/07/2026 AL 31/08/2026]]></description>
      <styleUrl>#icon-1541-E65100</styleUrl>
      <Point>
        <coordinates>
          16.8132654,41.1387031,0
        </coordinates>
      </Point>
    </Placemark>
    <Placemark>
      <name>ORDINANZA 2026/03953 
DIVIETO DI SOSTA, DI FERMATA AMBO I LATI
STRADA TOMASICCHIO, VIA CIMAROSA, VIA PAISIELLO E VIA NAPOLI
CONTROLLO DELLE PRESSIONI ED IL MONITORAGGIO DELLE GRANDEZZE IDRAULICHE NELLE RETI IDRICHE E SOSTITUZIONE DEI TRONCHI VETUSTI ED AMMALORATI
IMPRESA ESECUTRICE: ACCIONA AGUA S.A. 
01/09/2026 - 30/10/2026  
</name>
      <description><![CDATA[ORDINANZA 2026/03953 <br>https://drive.google.com/file/d/19DysoNHQrL8Xp6oe2fliY_O5B9DKleUj/view<br><br> PROROGA ORDINANZA DIRIGENZIALE N.2026/03299<br><br>P1557 ORDINANZA PER ISTITUIRE TEMPORANEAMENTE UN DIVIETO DI SOSTA, DI FERMATA AMBO I LATI SU STRADA TOMASICCHIO, VIA CIMAROSA, VIA PAISIELLO E VIA NAPOLI, PER IL CONTROLLO DELLE PRESSIONI ED IL MONITORAGGIO DELLE GRANDEZZE IDRAULICHE NELLE RETI IDRICHE E SOSTITUZIONE DEI TRONCHI VETUSTI ED AMMALORATI. PROROGA ORDINANZA DIRIGENZIALE N.2026/03299 DEL 03/07/2026, DAL GIORNO 01/09/2026 AL 30/10/2026. SOCIETÀ: ACCIONA AGUA S.A. <br><br>Durata e tempistiche: 01/09/2026 - 30/10/2026 <br><br>ORDINANZA 2026/03299<br><br>https://drive.google.com/file/d/1fsN5NXZkNZnC7HhGyrb1ud_p488DRhJR/view<br><br>P1557 ORDINANZA PER ISTITUIRE TEMPORANEAMENTE UN DIVIETO DI<br>SOSTA, DI FERMATA AMBO I LATI SU STRADA TOMASICCHIO, VIA<br>CIMAROSA, VIA PAISIELLO E VIA NAPOLI, PER IL CONTROLLO DELLE<br>PRESSIONI ED IL MONITORAGGIO DELLE GRANDEZZE IDRAULICHE NELLE<br>RETI IDRICHE E SOSTITUZIONE DEI TRONCHI VETUSTI ED AMMALORATI<br>DALL'ESECUTIVITA' DELL'ATTO SINO AL GIORNO 31/08/2026.<br>SOCIETÀ: ACCIONA AGUA S.A.<br><br><br>Durata e tempistiche: DAL 03/07/2026 AL 31/08/2026]]></description>
      <styleUrl>#icon-1541-E65100</styleUrl>
      <Point>
        <coordinates>
          16.8161386,41.1383234,0
        </coordinates>
      </Point>
    </Placemark>
    <Placemark>
      <name>ORDINANZA 2026/03953 
DIVIETO DI SOSTA, DI FERMATA AMBO I LATI
STRADA TOMASICCHIO, VIA CIMAROSA, VIA PAISIELLO E VIA NAPOLI
CONTROLLO DELLE PRESSIONI ED IL MONITORAGGIO DELLE GRANDEZZE IDRAULICHE NELLE RETI IDRICHE E SOSTITUZIONE DEI TRONCHI VETUSTI ED AMMALORATI
IMPRESA ESECUTRICE: ACCIONA AGUA S.A. 
01/09/2026 - 30/10/2026 
</name>
      <description><![CDATA[ORDINANZA 2026/03953 <br>https://drive.google.com/file/d/19DysoNHQrL8Xp6oe2fliY_O5B9DKleUj/view<br><br> PROROGA ORDINANZA DIRIGENZIALE N.2026/03299<br><br>P1557 ORDINANZA PER ISTITUIRE TEMPORANEAMENTE UN DIVIETO DI SOSTA, DI FERMATA AMBO I LATI SU STRADA TOMASICCHIO, VIA CIMAROSA, VIA PAISIELLO E VIA NAPOLI, PER IL CONTROLLO DELLE PRESSIONI ED IL MONITORAGGIO DELLE GRANDEZZE IDRAULICHE NELLE RETI IDRICHE E SOSTITUZIONE DEI TRONCHI VETUSTI ED AMMALORATI. PROROGA ORDINANZA DIRIGENZIALE N.2026/03299 DEL 03/07/2026, DAL GIORNO 01/09/2026 AL 30/10/2026. SOCIETÀ: ACCIONA AGUA S.A. <br><br>Durata e tempistiche: 01/09/2026 - 30/10/2026 <br><br>ORDINANZA 2026/03299<br><br>https://drive.google.com/file/d/1fsN5NXZkNZnC7HhGyrb1ud_p488DRhJR/view<br><br>P1557 ORDINANZA PER ISTITUIRE TEMPORANEAMENTE UN DIVIETO DI<br>SOSTA, DI FERMATA AMBO I LATI SU STRADA TOMASICCHIO, VIA<br>CIMAROSA, VIA PAISIELLO E VIA NAPOLI, PER IL CONTROLLO DELLE<br>PRESSIONI ED IL MONITORAGGIO DELLE GRANDEZZE IDRAULICHE NELLE<br>RETI IDRICHE E SOSTITUZIONE DEI TRONCHI VETUSTI ED AMMALORATI<br>DALL'ESECUTIVITA' DELL'ATTO SINO AL GIORNO 31/08/2026.<br>SOCIETÀ: ACCIONA AGUA S.A.<br><br><br>Durata e tempistiche: DAL 03/07/2026 AL 31/08/2026]]></description>
      <styleUrl>#line-E65100-3325</styleUrl>
      <LineString>
        <tessellate>1</tessellate>
        <coordinates>
          16.8516541,41.1272096,0
          16.8638811,41.1266525,0
        </coordinates>
      </LineString>
    </Placemark>
    <Placemark>
      <name>ORDINANZA 2026/03953 
DIVIETO DI SOSTA, DI FERMATA AMBO I LATI
STRADA TOMASICCHIO, VIA CIMAROSA, VIA PAISIELLO E VIA NAPOLI
CONTROLLO DELLE PRESSIONI ED IL MONITORAGGIO DELLE GRANDEZZE IDRAULICHE NELLE RETI IDRICHE E SOSTITUZIONE DEI TRONCHI VETUSTI ED AMMALORATI
IMPRESA ESECUTRICE: ACCIONA AGUA S.A. 
01/09/2026 - 30/10/2026 
</name>
      <description><![CDATA[ORDINANZA 2026/03953 <br>https://drive.google.com/file/d/19DysoNHQrL8Xp6oe2fliY_O5B9DKleUj/view<br><br> PROROGA ORDINANZA DIRIGENZIALE N.2026/03299<br><br>P1557 ORDINANZA PER ISTITUIRE TEMPORANEAMENTE UN DIVIETO DI SOSTA, DI FERMATA AMBO I LATI SU STRADA TOMASICCHIO, VIA CIMAROSA, VIA PAISIELLO E VIA NAPOLI, PER IL CONTROLLO DELLE PRESSIONI ED IL MONITORAGGIO DELLE GRANDEZZE IDRAULICHE NELLE RETI IDRICHE E SOSTITUZIONE DEI TRONCHI VETUSTI ED AMMALORATI. PROROGA ORDINANZA DIRIGENZIALE N.2026/03299 DEL 03/07/2026, DAL GIORNO 01/09/2026 AL 30/10/2026. SOCIETÀ: ACCIONA AGUA S.A. <br><br>Durata e tempistiche: 01/09/2026 - 30/10/2026 <br><br>ORDINANZA 2026/03299<br><br>https://drive.google.com/file/d/1fsN5NXZkNZnC7HhGyrb1ud_p488DRhJR/view<br><br>P1557 ORDINANZA PER ISTITUIRE TEMPORANEAMENTE UN DIVIETO DI<br>SOSTA, DI FERMATA AMBO I LATI SU STRADA TOMASICCHIO, VIA<br>CIMAROSA, VIA PAISIELLO E VIA NAPOLI, PER IL CONTROLLO DELLE<br>PRESSIONI ED IL MONITORAGGIO DELLE GRANDEZZE IDRAULICHE NELLE<br>RETI IDRICHE E SOSTITUZIONE DEI TRONCHI VETUSTI ED AMMALORATI<br>DALL'ESECUTIVITA' DELL'ATTO SINO AL GIORNO 31/08/2026.<br>SOCIETÀ: ACCIONA AGUA S.A.<br><br><br>Durata e tempistiche: DAL 03/07/2026 AL 31/08/2026]]></description>
      <styleUrl>#icon-1541-E65100</styleUrl>
      <Point>
        <coordinates>
          16.8587351,41.127011,0
        </coordinates>
      </Point>
    </Placemark>
    <Placemark>
      <name>ORDINANZA 2026/03967 
RESTRINGIMENTO CARREGGIATA E DIVIETO DI FERMATA 
VIALE PAPA GIOVANNI XXIII TRA VIALE ORAZIO FLACCO E VIA GIULIO PETRONI
LAVORI DI REALIZZAZIONE DI UN SISTEMA BRT PER LA CITTÀ DI BARI 
IMPRESA ESECUTRICE:R.T.I. COBAR S.P.A. - MER MEC STE S.R.L.
 01/09/2026 - 31/10/2026 
</name>
      <description><![CDATA[ORDINANZA 2026/03967 <br><br>https://drive.google.com/file/d/1wy4m-H0XSfjxb7WHrzrDozdJpZG_nhAe/view<br><br>PROROGA DELL’ORDINANZA DIRIGENZIALE N. 2026/03760 LAVORI DI REALIZZAZIONE DI UN SISTEMA BRT PER LA CITTÀ DI BARI - FINANZIATO DALLA UNIONE EUROPEA NEXT GENERATION EU - TRASPORTO RAPIDO DI MASSA - MISURA M2C2 - INV 4.2 DEL PNRR - CUP: J91B21002850001 REGOLAMENTAZIONE TEMPORANEA DELLA CIRCOLAZIONE STRADALE SU VIALE PAPA GIOVANNI XXIII, NEL TRATTO STRADALE COMPRESO TRA VIALE ORAZIO FLACCO E VIA GIULIO PETRONI FINO AL GIORNO 31.10.2026 IMPRESA ESECUTRICE: R.T.I. COBAR S.P.A. - MER MEC STE S.R.L. . <br><br>Durata e tempistiche: 01/09/2026 - 31/10/2026 <br><br>PROROGATA FINO AL 31/08/2026 DALLA ORDINANZA 2026/03760<br>https://drive.google.com/file/d/1ctO7a5bZ7-iWZwl9H0kJZIeJqtEvfhDR/view<br>----------------<br>ORDINANZA 2026/03760<br><br>https://drive.google.com/file/d/1ctO7a5bZ7-iWZwl9H0kJZIeJqtEvfhDR/view<br>a) L’istituzione del restringimento di carreggiata a tutti i veicoli su:<br>i) viale Papa Giovanni XXIII, nel tratto stradale compreso tra viale Orazio Flacco e via Giulio Petroni, su<br>entrambe le carreggiate.<br>b) L’istituzione del divieto di fermata a tutti i veicoli su:<br>i) viale Papa Giovanni XXIII, ambo i lati, nel tratto stradale compreso tra viale Orazio Flacco e via Giulio<br>Petroni, su entrambe le carreggiate;<br>c) L’istituzione del limite massimo di velocità pari a trenta chilometri orari a tutti i veicoli in avvicinamento alle aree<br>interessate dai lavori.<br><br>2) Dagli obblighi e divieti di cui al punto 1) sono esclusi:<br>i) i veicoli al servizio, ovvero di proprietà dell’impresa esecutrice dei lavori e sue subappaltatrici;<br>ii) i veicoli delle forze dell’ordine, dei vigili del fuoco e delle ambulanze durante l’espletamento di servizi<br>d’istituto e di soccorso pubblico e d’emergenza;<br>TERMINE E DURATA: dal 31.07.2026 AL GIORNO 31.08.2026<br><br><br>ORDINANZA 2026/03303 <br><br>https://drive.google.com/file/d/19E_RxudSFsd53E95K71ij8KST6ad6-2m/view<br><br>LAVORI DI REALIZZAZIONE DI UN SISTEMA BRT PER LA CITTÀ DI BARI - FINANZIATO DALLA UNIONE EUROPEA NEXT GENERATION EU - TRASPORTO RAPIDO DI MASSA - MISURA M2C2 - INV 4.2 DEL PNRR - CUP: J91B21002850001 REGOLAMENTAZIONE TEMPORANEA DELLA CIRCOLAZIONE STRADALE SU VIALE PAPA GIOVANNI XXIII, NEL TRATTO STRADALE COMPRESO TRA VIALE ORAZIO FLACCO E VIA GIULIO PETRONI DAL GIORNO 06.07.2026 AL GIORNO 31.07.2026 IMPRESA ESECUTRICE: R.T.I. COBAR S.P.A. - MER MEC STE S.R.L. <br><br>a) L’istituzione del restringimento di carreggiata a tutti i veicoli su: i) viale Papa Giovanni XXIII, nel tratto stradale compreso tra viale Orazio Flacco e via Giulio Petroni, su entrambe le carreggiate. b) L’istituzione del divieto di fermata a tutti i veicoli su: i) viale Papa Giovanni XXIII, ambo i lati, nel tratto stradale compreso tra viale Orazio Flacco e via Giulio Petroni, su entrambe le carreggiate; c) L’istituzione del limite massimo di velocità pari a trenta chilometri orari a tutti i veicoli in avvicinamento alle aree interessate dai lavori<br><br>Durata e tempistiche: 06/07/2026 - 31/07/2026 ]]></description>
      <styleUrl>#icon-1541-E65100</styleUrl>
      <Point>
        <coordinates>
          16.8647079,41.1073997,0
        </coordinates>
      </Point>
    </Placemark>
    <Placemark>
      <name>ORDINANZA 2026/03967 
RESTRINGIMENTO CARREGGIATA E DIVIETO DI FERMATA 
VIALE PAPA GIOVANNI XXIII TRA VIALE ORAZIO FLACCO E VIA GIULIO PETRONI
LAVORI DI REALIZZAZIONE DI UN SISTEMA BRT PER LA CITTÀ DI BARI 
IMPRESA ESECUTRICE:R.T.I. COBAR S.P.A. - MER MEC STE S.R.L.
 01/09/2026 - 31/10/2026 
</name>
      <description><![CDATA[ORDINANZA 2026/03967 <br><br>https://drive.google.com/file/d/1wy4m-H0XSfjxb7WHrzrDozdJpZG_nhAe/view<br><br>PROROGA DELL’ORDINANZA DIRIGENZIALE N. 2026/03760 LAVORI DI REALIZZAZIONE DI UN SISTEMA BRT PER LA CITTÀ DI BARI - FINANZIATO DALLA UNIONE EUROPEA NEXT GENERATION EU - TRASPORTO RAPIDO DI MASSA - MISURA M2C2 - INV 4.2 DEL PNRR - CUP: J91B21002850001 REGOLAMENTAZIONE TEMPORANEA DELLA CIRCOLAZIONE STRADALE SU VIALE PAPA GIOVANNI XXIII, NEL TRATTO STRADALE COMPRESO TRA VIALE ORAZIO FLACCO E VIA GIULIO PETRONI FINO AL GIORNO 31.10.2026 IMPRESA ESECUTRICE: R.T.I. COBAR S.P.A. - MER MEC STE S.R.L. . <br><br>Durata e tempistiche: 01/09/2026 - 31/10/2026 <br><br>PROROGATA FINO AL 31/08/2026 DALLA ORDINANZA 2026/03760<br>https://drive.google.com/file/d/1ctO7a5bZ7-iWZwl9H0kJZIeJqtEvfhDR/view<br>--------------------------<br>ORDINANZA 2026/03303 <br><br>https://drive.google.com/file/d/19E_RxudSFsd53E95K71ij8KST6ad6-2m/view<br><br>LAVORI DI REALIZZAZIONE DI UN SISTEMA BRT PER LA CITTÀ DI BARI - FINANZIATO DALLA UNIONE EUROPEA NEXT GENERATION EU - TRASPORTO RAPIDO DI MASSA - MISURA M2C2 - INV 4.2 DEL PNRR - CUP: J91B21002850001 REGOLAMENTAZIONE TEMPORANEA DELLA CIRCOLAZIONE STRADALE SU VIALE PAPA GIOVANNI XXIII, NEL TRATTO STRADALE COMPRESO TRA VIALE ORAZIO FLACCO E VIA GIULIO PETRONI DAL GIORNO 06.07.2026 AL GIORNO 31.07.2026 IMPRESA ESECUTRICE: R.T.I. COBAR S.P.A. - MER MEC STE S.R.L. <br><br>a) L’istituzione del restringimento di carreggiata a tutti i veicoli su: i) viale Papa Giovanni XXIII, nel tratto stradale compreso tra viale Orazio Flacco e via Giulio Petroni, su entrambe le carreggiate. b) L’istituzione del divieto di fermata a tutti i veicoli su: i) viale Papa Giovanni XXIII, ambo i lati, nel tratto stradale compreso tra viale Orazio Flacco e via Giulio Petroni, su entrambe le carreggiate; c) L’istituzione del limite massimo di velocità pari a trenta chilometri orari a tutti i veicoli in avvicinamento alle aree interessate dai lavori<br><br>Durata e tempistiche: 06/07/2026 - 31/07/2026 ]]></description>
      <styleUrl>#line-E65100-4875</styleUrl>
      <LineString>
        <tessellate>1</tessellate>
        <coordinates>
          16.8676476,41.1072298,0
          16.860114,41.10723,0
        </coordinates>
      </LineString>
    </Placemark>
    <Placemark>
      <name>ORDINANZA 2026/03966 
RESTRINGIMENTO CARREGGIATA E DIVIETO DI FERMATA
VIALE DELLA REPUBBLICA
REALIZZAZIONE DI UN SISTEMA BRT PER LA CITTÀ DI BARI
IMPRESA ESECUTRICE:R.T.I. COBAR S.P.A. - MER MEC STE S.R.L.
01/09/2026 - 31/10/2026 
</name>
      <description><![CDATA[ORDINANZA 2026/03966 <br><br>https://drive.google.com/file/d/1SRU3LRFvpqB4nytdoaulM16s4JyzEmL-/view<br><br>PROROGA DELL’ORDINANZA DIRIGENZIALE N. 2026/03761 LAVORI DI REALIZZAZIONE DI UN SISTEMA BRT PER LA CITTÀ DI BARI - FINANZIATO DALLA UNIONE EUROPEA NEXT GENERATION EU - TRASPORTO RAPIDO DI MASSA - MISURA M2C2 - INV 4.2 DEL PNRR - CUP: J91B21002850001 REGOLAMENTAZIONE TEMPORANEA DELLA CIRCOLAZIONE STRADALE SU VIALE DELLA REPUBBLICA FINO AL GIORNO 31.10.2026 IMPRESA ESECUTRICE: R.T.I. COBAR S.P.A. - MER MEC STE S.R.L. <br><br>a) L’istituzione del restringimento di carreggiata a tutti i veicoli su: i) viale della Repubblica nella carreggiata che segue la corrente di traffico che va da Largo 2 Giugno verso viale Antonio Meucci. b) L’istituzione del divieto di fermata a tutti i veicoli su: i) viale della Repubblica nella carreggiata che segue la corrente di traffico che va da Largo 2 Giugno verso viale Antonio Meucci. c) L’istituzione del limite massimo di velocità pari a trenta chilometri orari a tutti i veicoli in avvicinamento alle aree interessate dai lavori. <br><br>Durata e tempistiche: 01/09/2026 - 31/10/2026 <br><br>PROROGATA FINO AL 31/08/2026 DALLA ORDINANZA 2026/03761<br>https://drive.google.com/file/d/1l0kvCDlbpaTxohrKgBZmFPIXlVZ8K72w/view<br>-------------------------<br><br>ESTESA DALLA ORDINANZA 2026/03401<br>DIVIETO DI TRANSITO <br>DAL 14/07/2026 -AL 31/07/2026 dalle ore 23:30 alle ore 05:30<br><br>https://drive.google.com/file/d/1nwnOjoSdcA_VftIXJzaMMI_gIbeLcidw/view<br><br>ORDINANZA 2026/03304 <br><br>https://drive.google.com/file/d/1QoAM3OZhy0JbhZNvOBnVoCufr7gKhKbg/view<br><br>LAVORI DI REALIZZAZIONE DI UN SISTEMA BRT PER LA CITTÀ DI BARI - FINANZIATO DALLA UNIONE EUROPEA NEXT GENERATION EU - TRASPORTO RAPIDO DI MASSA - MISURA M2C2 - INV 4.2 DEL PNRR - CUP: J91B21002850001 REGOLAMENTAZIONE TEMPORANEA DELLA CIRCOLAZIONE STRADALE SU VIALE DELLA REPUBBLICA DAL GIORNO 06.07.2026 AL GIORNO 31.07.2026 IMPRESA ESECUTRICE: R.T.I. COBAR S.P.A. - MER MEC STE S.R.L. <br><br>a) L’istituzione del restringimento di carreggiata a tutti i veicoli su: i) viale della Repubblica nella carreggiata che segue la corrente di traffico che va da Largo 2 Giugno verso viale Antonio Meucci. b) L’istituzione del divieto di fermata a tutti i veicoli su: i) viale della Repubblica nella carreggiata che segue la corrente di traffico che va da Largo 2 Giugno verso viale Antonio Meucci. c) L’istituzione del limite massimo di velocità pari a trenta chilometri orari a tutti i veicoli in avvicinamento alle aree interessate dai lavori. <br><br>Durata e tempistiche: 06/07/2026 - 31/07/2026]]></description>
      <styleUrl>#icon-1541-E65100</styleUrl>
      <Point>
        <coordinates>
          16.8743505,41.1077982,0
        </coordinates>
      </Point>
    </Placemark>
    <Placemark>
      <name>ORDINANZA 2026/03966 
RESTRINGIMENTO CARREGGIATA E DIVIETO DI FERMATA
VIALE DELLA REPUBBLICA
REALIZZAZIONE DI UN SISTEMA BRT PER LA CITTÀ DI BARI
IMPRESA ESECUTRICE:R.T.I. COBAR S.P.A. - MER MEC STE S.R.L.
01/09/2026 - 31/10/2026 
</name>
      <description><![CDATA[ORDINANZA 2026/03966 <br><br>https://drive.google.com/file/d/1SRU3LRFvpqB4nytdoaulM16s4JyzEmL-/view<br><br>PROROGA DELL’ORDINANZA DIRIGENZIALE N. 2026/03761 LAVORI DI REALIZZAZIONE DI UN SISTEMA BRT PER LA CITTÀ DI BARI - FINANZIATO DALLA UNIONE EUROPEA NEXT GENERATION EU - TRASPORTO RAPIDO DI MASSA - MISURA M2C2 - INV 4.2 DEL PNRR - CUP: J91B21002850001 REGOLAMENTAZIONE TEMPORANEA DELLA CIRCOLAZIONE STRADALE SU VIALE DELLA REPUBBLICA FINO AL GIORNO 31.10.2026 IMPRESA ESECUTRICE: R.T.I. COBAR S.P.A. - MER MEC STE S.R.L. <br><br>a) L’istituzione del restringimento di carreggiata a tutti i veicoli su: i) viale della Repubblica nella carreggiata che segue la corrente di traffico che va da Largo 2 Giugno verso viale Antonio Meucci. b) L’istituzione del divieto di fermata a tutti i veicoli su: i) viale della Repubblica nella carreggiata che segue la corrente di traffico che va da Largo 2 Giugno verso viale Antonio Meucci. c) L’istituzione del limite massimo di velocità pari a trenta chilometri orari a tutti i veicoli in avvicinamento alle aree interessate dai lavori. <br><br>Durata e tempistiche: 01/09/2026 - 31/10/2026 <br><br>PROROGATA FINO AL 31/08/2026 DALLA ORDINANZA 2026/03761<br>https://drive.google.com/file/d/1l0kvCDlbpaTxohrKgBZmFPIXlVZ8K72w/view<br><br>https://drive.google.com/file/d/1l0kvCDlbpaTxohrKgBZmFPIXlVZ8K72w/view<br>-----------------------------------------------------<br>ORDINANZA 2026/03304 <br><br>https://drive.google.com/file/d/1QoAM3OZhy0JbhZNvOBnVoCufr7gKhKbg/view<br><br>LAVORI DI REALIZZAZIONE DI UN SISTEMA BRT PER LA CITTÀ DI BARI - FINANZIATO DALLA UNIONE EUROPEA NEXT GENERATION EU - TRASPORTO RAPIDO DI MASSA - MISURA M2C2 - INV 4.2 DEL PNRR - CUP: J91B21002850001 REGOLAMENTAZIONE TEMPORANEA DELLA CIRCOLAZIONE STRADALE SU VIALE DELLA REPUBBLICA DAL GIORNO 06.07.2026 AL GIORNO 31.07.2026 IMPRESA ESECUTRICE: R.T.I. COBAR S.P.A. - MER MEC STE S.R.L. <br><br>a) L’istituzione del restringimento di carreggiata a tutti i veicoli su: i) viale della Repubblica nella carreggiata che segue la corrente di traffico che va da Largo 2 Giugno verso viale Antonio Meucci. b) L’istituzione del divieto di fermata a tutti i veicoli su: i) viale della Repubblica nella carreggiata che segue la corrente di traffico che va da Largo 2 Giugno verso viale Antonio Meucci. c) L’istituzione del limite massimo di velocità pari a trenta chilometri orari a tutti i veicoli in avvicinamento alle aree interessate dai lavori. <br><br>Durata e tempistiche: 06/07/2026 - 31/07/2026 ]]></description>
      <styleUrl>#line-E65100-3325</styleUrl>
      <LineString>
        <tessellate>1</tessellate>
        <coordinates>
          16.87429,41.107198,0
          16.873647,41.112408,0
        </coordinates>
      </LineString>
    </Placemark>
    <Placemark>
      <name>ORDINANZA 2026/03965 
RESTRINGIMENTO DI CARREGGIATA, DIVIETO DI FERMATA
CORSO VITTORIO EMANUELE II TRA VIA SPARANO A VIA QUINTINO SELLA
REALIZZAZIONE DI UN SISTEMA BRT PER LA CITTÀ DI BARI 
IMPRESA ESECUTRICE:R.T.I. COBAR S.P.A. - MER MEC STE S.R.L. 
01/09/2026 - 31/10/2026
</name>
      <description><![CDATA[ORDINANZA 2026/03965 <br><br>https://drive.google.com/file/d/1AuicnJa6IG4O62UOx1HdhaJEo0SHNmYN/view<br><br>PROROGA DELL’ORDINANZA DIRIGENZIALE N. 2026/03762 LAVORI DI REALIZZAZIONE DI UN SISTEMA BRT PER LA CITTÀ DI BARI - FINANZIATO DALLA UNIONE EUROPEA NEXT GENERATION EU - TRASPORTO RAPIDO DI MASSA - MISURA M2C2 - INV 4.2 DEL PNRR - CUP: J91B21002850001 REGOLAMENTAZIONE TEMPORANEA DELLA CIRCOLAZIONE STRADALE SU CORSO VITTORIO EMANUELE II FINO AL GIORNO 31.10.2026 IMPRESA ESECUTRICE: R.T.I. COBAR S.P.A. - MER MEC STE S.R.L. <br><br>Durata e tempistiche: 01/09/2026 - 31/10/2026 <br><br>PROROGATA FINO AL 31/08/2026<br>DALLA Ordinanza 2026/03762<br><br>https://drive.google.com/file/d/1ILeWyFVPpG4b_7tphMM9zRL_S-gjqyna/view<br>-------------------------------------------------<br>ORDINANZA 2026/03305 <br><br>https://drive.google.com/file/d/1R8upZb-xLiIRdOOOFMZYAo8aU2ZpHEyS/view<br><br>LAVORI DI REALIZZAZIONE DI UN SISTEMA BRT PER LA CITTÀ DI BARI - FINANZIATO DALLA UNIONE EUROPEA NEXT GENERATION EU - TRASPORTO RAPIDO DI MASSA - MISURA M2C2 - INV 4.2 DEL PNRR - CUP: J91B21002850001 REGOLAMENTAZIONE TEMPORANEA DELLA CIRCOLAZIONE STRADALE SU CORSO VITTORIO EMANUELE II DAL GIORNO 06.07.2026 AL GIORNO 31.07.2026 IMPRESA ESECUTRICE: R.T.I. COBAR S.P.A. - MER MEC STE S.R.L. <br><br>a) L’istituzione del restringimento di carreggiata a tutti i veicoli su: i) Corso Vittorio Emanuele II, nel tratto stradale compreso tra via Sparano da Bari e via Quintino Sella. b) L’istituzione del divieto di fermata a tutti i veicoli su: i) Corso Vittorio Emanuele II, ambo i lati, nel tratto stradale compreso tra via Sparano da Bari e via Quintino Sella; c) L’istituzione del limite massimo di velocità pari a trenta chilometri orari a tutti i veicoli in avvicinamento alle aree interessate dai lavori. <br><br>Durata e tempistiche: 06/07/2026 - 31/07/2026 ]]></description>
      <styleUrl>#icon-1541-E65100</styleUrl>
      <Point>
        <coordinates>
          16.868556,41.126034,0
        </coordinates>
      </Point>
    </Placemark>
    <Placemark>
      <name>ORDINANZA 2026/03965 
RESTRINGIMENTO DI CARREGGIATA, DIVIETO DI FERMATA
CORSO VITTORIO EMANUELE II TRA VIA SPARANO A VIA QUINTINO SELLA
REALIZZAZIONE DI UN SISTEMA BRT PER LA CITTÀ DI BARI 
IMPRESA ESECUTRICE:R.T.I. COBAR S.P.A. - MER MEC STE S.R.L. 
01/09/2026 - 31/10/2026
</name>
      <description><![CDATA[ORDINANZA 2026/03965 <br><br>https://drive.google.com/file/d/1AuicnJa6IG4O62UOx1HdhaJEo0SHNmYN/view<br><br>PROROGA DELL’ORDINANZA DIRIGENZIALE N. 2026/03762 LAVORI DI REALIZZAZIONE DI UN SISTEMA BRT PER LA CITTÀ DI BARI - FINANZIATO DALLA UNIONE EUROPEA NEXT GENERATION EU - TRASPORTO RAPIDO DI MASSA - MISURA M2C2 - INV 4.2 DEL PNRR - CUP: J91B21002850001 REGOLAMENTAZIONE TEMPORANEA DELLA CIRCOLAZIONE STRADALE SU CORSO VITTORIO EMANUELE II FINO AL GIORNO 31.10.2026 IMPRESA ESECUTRICE: R.T.I. COBAR S.P.A. - MER MEC STE S.R.L. <br><br>Durata e tempistiche: 01/09/2026 - 31/10/2026 <br><br>PROROGATA FINO AL 31/08/2026<br>DALLA Ordinanza 2026/03762<br><br>https://drive.google.com/file/d/1ILeWyFVPpG4b_7tphMM9zRL_S-gjqyna/view<br>-------------------------------------------------<br>ORDINANZA 2026/03763<br><br>https://drive.google.com/file/d/1oMeF9ruS1m3tqVIlkWpuO-9jMbBBhGq5/view<br>Dall’esecutività del presente provvedimento fino al giorno 31.08.2026 sono istituiti i seguenti<br>provvedimenti temporanei di circolazione:<br>a) L’istituzione del divieto di fermata, a tutti i veicoli, su:<br>i) via Brigata Bari, ambo i lati, nel tratto stradale compreso tra via Francesco Crispi e via Don Bosco.<br>b) L’istituzione del restringimento di carreggiata su:<br>i) via Brigata Bari, nel tratto stradale compreso tra via Francesco Crispi e via Don Bosco.<br>c) L’istituzione del limite massimo di velocità pari a trenta chilometri orari a tutti i veicoli in avvicinamento alle aree<br>interessate dai lavori.<br>2) Dagli obblighi e divieti di cui al punto 1) sono esclusi:<br>i) i veicoli al servizio, ovvero di proprietà dell’impresa esecutrice dei lavori e sue subappaltatrici;<br>ii) i veicoli delle forze dell’ordine, dei vigili del fuoco e delle ambulanze durante l’espletamento di servizi<br>d’istituto e di soccorso pubblico e d’emergenza;<br>TERMINE E DURATA: dal 31.07.2026 AL GIORNO 31.08.2026<br><br><br>ORDINANZA 2026/03762<br><br>https://drive.google.com/file/d/1ILeWyFVPpG4b_7tphMM9zRL_S-gjqyna/view<br>Dall’esecutività del presente provvedimento fino al giorno 31.08.2026 sono istituiti i seguenti<br>provvedimenti temporanei di circolazione:<br>Dall’esecutività del presente provvedimento fino al giorno 31.08.2026 sono istituiti i seguenti<br>provvedimenti temporanei di circolazione:<br>a) L’istituzione del restringimento di carreggiata a tutti i veicoli su:<br>i) Corso Vittorio Emanuele II, nel tratto stradale compreso tra via Sparano da Bari e via Quintino Sella.<br>b) L’istituzione del divieto di fermata a tutti i veicoli su:<br>i) Corso Vittorio Emanuele II, ambo i lati, nel tratto stradale compreso tra via Sparano da Bari e via Quintino<br>Sella;<br>c) L’istituzione del limite massimo di velocità pari a trenta chilometri orari a tutti i veicoli in avvicinamento alle aree<br>interessate dai lavori.<br>2) Dagli obblighi e divieti di cui al punto 1) sono esclusi:<br>i) i veicoli al servizio, ovvero di proprietà dell’impresa esecutrice dei lavori e sue subappaltatrici;<br>ii) i veicoli delle forze dell’ordine, dei vigili del fuoco e delle ambulanze durante l’espletamento di servizi<br>d’istituto e di soccorso pubblico e d’emergenza;<br>TERMINE E DURATA: dal 31.07.2026 AL GIORNO 31.08.2026<br>ORDINANZA 2026/03305 <br><br>https://drive.google.com/file/d/1R8upZb-xLiIRdOOOFMZYAo8aU2ZpHEyS/view<br><br>LAVORI DI REALIZZAZIONE DI UN SISTEMA BRT PER LA CITTÀ DI BARI - FINANZIATO DALLA UNIONE EUROPEA NEXT GENERATION EU - TRASPORTO RAPIDO DI MASSA - MISURA M2C2 - INV 4.2 DEL PNRR - CUP: J91B21002850001 REGOLAMENTAZIONE TEMPORANEA DELLA CIRCOLAZIONE STRADALE SU CORSO VITTORIO EMANUELE II DAL GIORNO 06.07.2026 AL GIORNO 31.07.2026 IMPRESA ESECUTRICE: R.T.I. COBAR S.P.A. - MER MEC STE S.R.L. <br><br>a) L’istituzione del restringimento di carreggiata a tutti i veicoli su: i) Corso Vittorio Emanuele II, nel tratto stradale compreso tra via Sparano da Bari e via Quintino Sella. b) L’istituzione del divieto di fermata a tutti i veicoli su: i) Corso Vittorio Emanuele II, ambo i lati, nel tratto stradale compreso tra via Sparano da Bari e via Quintino Sella; c) L’istituzione del limite massimo di velocità pari a trenta chilometri]]></description>
      <styleUrl>#line-E65100-2550</styleUrl>
      <LineString>
        <tessellate>1</tessellate>
        <coordinates>
          16.869244,41.126019,0
          16.864032,41.125716,0
        </coordinates>
      </LineString>
    </Placemark>
    <Placemark>
      <name>ORDINANZA 2026/03369

DIVIETO DI SOSTA DI FERMATA E RESTRINGIMENTO CARREGGIATA SU VIA
ERACLIDE (DA INTERSEZIONE CON VIA CALDAROLA A INTERSEZIONE CON
VIA SCHIAVO DA BARI) INCROCI COMPRESI 2) VIA SCHIAVO DA BARI (DA
INTERSEZIONE CON VIA ERACLIDE A INTERSEZIONE CON VIA
DAUNIA)INCROCI COMPRESI –3) VIA SIPONTO (DA INTERSEZIONE CON VIA
DAUNIA A FINE STRADA) INCROCI COMPRESI –4)VIA SALAPIA (DA
INTERSEZIONE CON VIA SIPONTO A INTERSEZIONE CON VIA PADRE
MASSIMILIANO KOLBE) INCROCI COMPRESI5) VIA PADRE MASSIMILIANO
KOLBE (DA INTERSEZIONE CON VIA SALAPIA A FINE STRADA) INCROCI
COMPRESI – 6) VIA DAI CADUTI PARTIGIANI (DA INTERSEZIONE CON VIA
SALAPIA A INTERSEZIONE CON VIA LUPO PROTOSPATA) INCROCI
COMPRESI PER INTERVENTI MIRATI A CONSEGUIRE LA
DISTRETTUALIZZAZIONE, IL CONTROLLO DELLE PRESSIONI ED IL
MONITORAGGIO DELLE GRANDEZZE IDRAULICHE NELLE RETI IDRICHE E
SOSTITUZIONE DEI TRONCHI VETUSTI - P1557 LOTTO 1.
IMPRESA ESECUTRICE :ACCIONA AGUA S.A.
TERMINE E DURATA: dal 07/07/2029 al 30/09/2026
</name>
      <description><![CDATA[ORDINANZA 2026/03369<br>https://drive.google.com/file/d/1q8S3AdsigJXolWwkFAWMpZxTcYmhFG0B/view<br>Istituzione temporanea del divieto di sosta di fermata e restringimento carreggiata su:<br>1)VIA ERACLIDE (da intersezione con Via Caldarola a intersezione con Via Schiavo da Bari) incroci<br>compresi<br>2) VIA SCHIAVO DA BARI (da intersezione con Via Eraclide a intersezione con Via Daunia)incroci<br>compresi –<br>3) VIA SIPONTO (da intersezione con Via Daunia a fine strada) incroci compresi –<br>4)VIA SALAPIA (da intersezione con Via Siponto a intersezione con Via Padre Massimiliano Kolbe) incroci<br>compresi<br><br>5) VIA PADRE MASSIMILIANO KOLBE (da intersezione con Via Salapia a fine strada) incroci compresi –<br>6) VIA DAI CADUTI PARTIGIANI (da intersezione con Via Salapia a intersezione con Via Lupo<br>Protospata) incroci compresi<br>La ditta deve regolamentare la situazione viabilistica a mezzo di appositi movieri e delimiti<br>accuratamente con segnaletica di cantiere, recinzioni ed ogni strumento idoneo, l’area interessata dai<br>lavori;<br>Particolare attenzione dovrà essere posta ai pedoni e alle persone con ridotta capacità motoria , il cui<br>transito dovrà essere salvaguardato durante i lavori;<br>Dovranno essere altresì salvaguardati gli accessi privati e il transito dei mezzi di soccorso e/o polizia,<br>compatibilmente con l’esecuzione dei lavori;<br>I lavori saranno svolti nei giorni dal lunedì al venerdì, dalle ore 00:00 alle ore 24:00 e salvo urgenze e<br>necessità anche nei giorni di sabato e domenica;<br>TERMINE E DURATA: dal 07/07/2029 al 30/09/2026]]></description>
      <styleUrl>#line-E65100-4100</styleUrl>
      <LineString>
        <tessellate>1</tessellate>
        <coordinates>
          16.8912718,41.1097997,0
          16.8929776,41.1122814,0
          16.893557,41.1120389,0
          16.8934175,41.1118287,0
          16.8954131,41.1109718,0
          16.8944582,41.1095734,0
          16.8926772,41.1103252,0
          16.8944368,41.1095734,0
          16.894072,41.1091369,0
          16.8951663,41.1086518,0
          16.8956062,41.1092581,0
        </coordinates>
      </LineString>
    </Placemark>
    <Placemark>
      <name>ORDINANZA 2026/03369

DIVIETO DI SOSTA DI FERMATA E RESTRINGIMENTO CARREGGIATA SU VIA
ERACLIDE (DA INTERSEZIONE CON VIA CALDAROLA A INTERSEZIONE CON
VIA SCHIAVO DA BARI) INCROCI COMPRESI 2) VIA SCHIAVO DA BARI (DA
INTERSEZIONE CON VIA ERACLIDE A INTERSEZIONE CON VIA
DAUNIA)INCROCI COMPRESI –3) VIA SIPONTO (DA INTERSEZIONE CON VIA
DAUNIA A FINE STRADA) INCROCI COMPRESI –4)VIA SALAPIA (DA
INTERSEZIONE CON VIA SIPONTO A INTERSEZIONE CON VIA PADRE
MASSIMILIANO KOLBE) INCROCI COMPRESI5) VIA PADRE MASSIMILIANO
KOLBE (DA INTERSEZIONE CON VIA SALAPIA A FINE STRADA) INCROCI
COMPRESI – 6) VIA DAI CADUTI PARTIGIANI (DA INTERSEZIONE CON VIA
SALAPIA A INTERSEZIONE CON VIA LUPO PROTOSPATA) INCROCI
COMPRESI PER INTERVENTI MIRATI A CONSEGUIRE LA
DISTRETTUALIZZAZIONE, IL CONTROLLO DELLE PRESSIONI ED IL
MONITORAGGIO DELLE GRANDEZZE IDRAULICHE NELLE RETI IDRICHE E
SOSTITUZIONE DEI TRONCHI VETUSTI - P1557 LOTTO 1.
IMPRESA ESECUTRICE :ACCIONA AGUA S.A.
TERMINE E DURATA: dal 07/07/2029 al 30/09/2026
</name>
      <description><![CDATA[ORDINANZA 2026/03369<br>https://drive.google.com/file/d/1q8S3AdsigJXolWwkFAWMpZxTcYmhFG0B/view<br>Istituzione temporanea del divieto di sosta di fermata e restringimento carreggiata su:<br>1)VIA ERACLIDE (da intersezione con Via Caldarola a intersezione con Via Schiavo da Bari) incroci<br>compresi<br>2) VIA SCHIAVO DA BARI (da intersezione con Via Eraclide a intersezione con Via Daunia)incroci<br>compresi –<br>3) VIA SIPONTO (da intersezione con Via Daunia a fine strada) incroci compresi –<br>4)VIA SALAPIA (da intersezione con Via Siponto a intersezione con Via Padre Massimiliano Kolbe) incroci<br>compresi<br><br>5) VIA PADRE MASSIMILIANO KOLBE (da intersezione con Via Salapia a fine strada) incroci compresi –<br>6) VIA DAI CADUTI PARTIGIANI (da intersezione con Via Salapia a intersezione con Via Lupo<br>Protospata) incroci compresi<br>La ditta deve regolamentare la situazione viabilistica a mezzo di appositi movieri e delimiti<br>accuratamente con segnaletica di cantiere, recinzioni ed ogni strumento idoneo, l’area interessata dai<br>lavori;<br>Particolare attenzione dovrà essere posta ai pedoni e alle persone con ridotta capacità motoria , il cui<br>transito dovrà essere salvaguardato durante i lavori;<br>Dovranno essere altresì salvaguardati gli accessi privati e il transito dei mezzi di soccorso e/o polizia,<br>compatibilmente con l’esecuzione dei lavori;<br>I lavori saranno svolti nei giorni dal lunedì al venerdì, dalle ore 00:00 alle ore 24:00 e salvo urgenze e<br>necessità anche nei giorni di sabato e domenica;<br>TERMINE E DURATA: dal 07/07/2029 al 30/09/2026]]></description>
      <styleUrl>#icon-1541-E65100</styleUrl>
      <Point>
        <coordinates>
          16.8922695,41.1113841,0
        </coordinates>
      </Point>
    </Placemark>
    <Placemark>
      <name>ORDINANZA 2026/04205
DIVIETO DI SOSTA DI FERMATA E RESTRINGIMENTO CARREGGIATA
VIA ADA NEGRI
CONTROLLO DELLE PRESSIONI ED IL
MONITORAGGIO DELLE GRANDEZZE IDRAULICHE NELLE RETI IDRICHE E
SOSTITUZIONE DEI TRONCHI VETUSTI ED AMMALORATI
IMPRESA ESECUTRICE: ACCIONA AGUA S.A.
13/07/2026 - 06/11/2026
</name>
      <description><![CDATA[PROROGATA FINO AL 06/11/2026<br>ORDINANZA 2026/04205<br><br>https://drive.google.com/file/d/1vQ8ZTyNe5I3cJL0a-LhNbXmgdQWmLpZC/view<br><br>PROROGATA FINO AL 25/09/2026 DALLA <br>Ordinanza 2026/03878<br>https://drive.google.com/file/d/1APy4zE15qhYwtAH2nZyfE9NWjC1eszm7/view<br><br>ORDINANZA 2026/03380<br><br>https://drive.google.com/file/d/1jsepj6t60cqImfCO1uFCvbIZ-KsUhcca/view<br><br>P1557 LOTTO 1. ORDINANZA PER ISTITUIRE TEMPORANEAMENTE UN<br>DIVIETO DI SOSTA DI FERMATA E RESTRINGIMENTO CARREGGIATA SU VIA<br>ADA NEGRI, PER INTERVENTI MIRATI A CONSEGUIRE LA<br>DISTRETTUALIZZAZIONE, IL CONTROLLO DELLE PRESSIONI ED IL<br>MONITORAGGIO DELLE GRANDEZZE IDRAULICHE NELLE RETI IDRICHE E<br>SOSTITUZIONE DEI TRONCHI VETUSTI ED AMMALORATI <br>SOCIETÀ: ACCIONA AGUA S.A.<br><br>Durata e tempistiche: 13/07/2026  - 14/08/2026]]></description>
      <styleUrl>#line-E65100-4294</styleUrl>
      <LineString>
        <tessellate>1</tessellate>
        <coordinates>
          16.8729758,41.0644872,0
          16.8730401,41.0641475,0
          16.8730831,41.063565,0
          16.8731474,41.0627076,0
          16.8731689,41.0621898,0
          16.8731367,41.0615427,0
        </coordinates>
      </LineString>
    </Placemark>
    <Placemark>
      <name>ORDINANZA 2026/04205
DIVIETO DI SOSTA DI FERMATA E RESTRINGIMENTO CARREGGIATA
VIA ADA NEGRI
CONTROLLO DELLE PRESSIONI ED IL
MONITORAGGIO DELLE GRANDEZZE IDRAULICHE NELLE RETI IDRICHE E
SOSTITUZIONE DEI TRONCHI VETUSTI ED AMMALORATI
IMPRESA ESECUTRICE: ACCIONA AGUA S.A.
13/07/2026 - 06/11/2026
</name>
      <description><![CDATA[PROROGATA FINO AL 06/11/2026<br>ORDINANZA 2026/04205<br><br>https://drive.google.com/file/d/1vQ8ZTyNe5I3cJL0a-LhNbXmgdQWmLpZC/view<br> <br><br>PROROGATA FINO AL 25/09/2026 DALLA <br>Ordinanza 2026/03878<br>https://drive.google.com/file/d/1APy4zE15qhYwtAH2nZyfE9NWjC1eszm7/view<br><br>ORDINANZA 2026/03380<br><br>https://drive.google.com/file/d/1jsepj6t60cqImfCO1uFCvbIZ-KsUhcca/view<br><br>P1557 LOTTO 1. ORDINANZA PER ISTITUIRE TEMPORANEAMENTE UN<br>DIVIETO DI SOSTA DI FERMATA E RESTRINGIMENTO CARREGGIATA SU VIA<br>ADA NEGRI, PER INTERVENTI MIRATI A CONSEGUIRE LA<br>DISTRETTUALIZZAZIONE, IL CONTROLLO DELLE PRESSIONI ED IL<br>MONITORAGGIO DELLE GRANDEZZE IDRAULICHE NELLE RETI IDRICHE E<br>SOSTITUZIONE DEI TRONCHI VETUSTI ED AMMALORATI <br>SOCIETÀ: ACCIONA AGUA S.A.<br><br>Durata e tempistiche: 13/07/2026 - 14/08/2026]]></description>
      <styleUrl>#icon-1541-E65100</styleUrl>
      <Point>
        <coordinates>
          16.8731367,41.0643173,0
        </coordinates>
      </Point>
    </Placemark>
    <Placemark>
      <name>ORDINANZA 2026/03879 
DIVIETO DI SOSTA E DI FERMATA AMBO I LATI, RESTRINGIMENTO CARREGGIATA CON SENSO UNICO ALTERNATO 
VIA PRIMAVERA, STRADA RURALE CALADORIA, VIA DELFINO, VIA DELLE MIMOSE E VIA DELLE PRIMULE
DISTRETTUALIZZAZIONE. CONTROLLO DELLE PRESSIONI E MONITORAGGIO DELLE GRANDEZZE IDRAULICHE NELLE RETI IDRICHE E SOSTITUZIONE DEI TRONCHI VETUSTI ED AMMALORATI
IMPRESA ESECUTRICE: ACCIONA AGUA S.A. 
07/07/2026 - 30/09/2026 
</name>
      <description><![CDATA[PROROGATA FINO AL 30/09/2026<br>DALLA ORDINANZA 2026/03879<br>https://drive.google.com/file/d/1XYjuYXLf96ZVn9xZfUP54E-sFpr2EFZs/view<br><br>ORDINANZA 2026/03375 <br><br>https://drive.google.com/file/d/1hWj0wNI9kIUAF52JtwSH3lsMXrqe6mPZ/view<br><br>P1557 LOTTO 1. ORDINANZA PER ISTITUIRE TEMPORANEAMENTE UN DIVIETO DI SOSTA E DI FERMATA AMBO I LATI NONCHÉ RESTRINGIMENTO CARREGGIATA CON SENSO UNICO ALTERNATO SU VIA PRIMAVERA, STRADA RURALE CALADORIA, VIA DELFINO, VIA DELLE MIMOSE E VIA DELLE PRIMULE, PER INTERVENTI MIRATI A CONSEGUIRE LA DISTRETTUALIZZAZIONE, IL CONTROLLO DELLE PRESSIONI ED IL MONITORAGGIO DELLE GRANDEZZE IDRAULICHE NELLE RETI IDRICHE E SOSTITUZIONE DEI TRONCHI VETUSTI ED AMMALORATI DALL’ESECUTIVITÀ DELL’ATTO SINO AL 18/08/2026. SOCIETÀ: ACCIONA AGUA S.A. <br><br>Durata e tempistiche: 07/07/2026 - 18/08/2026  ]]></description>
      <styleUrl>#icon-1541-E65100</styleUrl>
      <Point>
        <coordinates>
          16.7379293,41.164631,0
        </coordinates>
      </Point>
    </Placemark>
    <Placemark>
      <name>ORDINANZA 2026/03879 
DIVIETO DI SOSTA E DI FERMATA AMBO I LATI, RESTRINGIMENTO CARREGGIATA CON SENSO UNICO ALTERNATO 
VIA PRIMAVERA, STRADA RURALE CALADORIA, VIA DELFINO, VIA DELLE MIMOSE E VIA DELLE PRIMULE
DISTRETTUALIZZAZIONE. CONTROLLO DELLE PRESSIONI E MONITORAGGIO DELLE GRANDEZZE IDRAULICHE NELLE RETI IDRICHE E SOSTITUZIONE DEI TRONCHI VETUSTI ED AMMALORATI
IMPRESA ESECUTRICE: ACCIONA AGUA S.A. 
07/07/2026 - 30/09/2026
</name>
      <description><![CDATA[PROROGATA FINO AL 30/09/2026<br>DALLA ORDINANZA 2026/03879<br>https://drive.google.com/file/d/1XYjuYXLf96ZVn9xZfUP54E-sFpr2EFZs/view<br><br>ORDINANZA 2026/03375 <br><br>https://drive.google.com/file/d/1hWj0wNI9kIUAF52JtwSH3lsMXrqe6mPZ/view<br><br>P1557 LOTTO 1. ORDINANZA PER ISTITUIRE TEMPORANEAMENTE UN DIVIETO DI SOSTA E DI FERMATA AMBO I LATI NONCHÉ RESTRINGIMENTO CARREGGIATA CON SENSO UNICO ALTERNATO SU VIA PRIMAVERA, STRADA RURALE CALADORIA, VIA DELFINO, VIA DELLE MIMOSE E VIA DELLE PRIMULE, PER INTERVENTI MIRATI A CONSEGUIRE LA DISTRETTUALIZZAZIONE, IL CONTROLLO DELLE PRESSIONI ED IL MONITORAGGIO DELLE GRANDEZZE IDRAULICHE NELLE RETI IDRICHE E SOSTITUZIONE DEI TRONCHI VETUSTI ED AMMALORATI DALL’ESECUTIVITÀ DELL’ATTO SINO AL 18/08/2026. SOCIETÀ: ACCIONA AGUA S.A. <br><br>Durata e tempistiche: 07/07/2026 - 18/08/2026  ]]></description>
      <styleUrl>#line-E65100-2938</styleUrl>
      <LineString>
        <tessellate>1</tessellate>
        <coordinates>
          16.7359981,41.1587226,0
          16.7374036,41.1587792,0
        </coordinates>
      </LineString>
    </Placemark>
    <Placemark>
      <name>ORDINANZA 2026/03379
DIVIETO DI SOSTA CON SENSO UNICO ALTERNATO
VIA VITTORIO VENETO DA VIA FRANCESCO RUBINI PATRIOTA A
INTERSEZIONE CON STR. DI CROCE DI COLAGNORA, INCROCI COMPRESI
CONTROLLO DELLE PRESSIONI ED IL
MONITORAGGIO DELLE GRANDEZZE IDRAULICHE NELLE RETI IDRICHE E
SOSTITUZIONE DEI TRONCHI VETUSTI ED AMMALORATI
IMPRESA ESECUTRICE: ACCIONA AGUA S.A.
07/07/2026 - 07/11/2026
</name>
      <description><![CDATA[ORDINANZA 2026/03379<br><br>https://drive.google.com/file/d/1ahv8kf6DtVnXYTC_uJTDgZierV-vIsGf/view<br><br>P1557 LOTTO 1. ORDINANZA PER ISTITUIRE TEMPORANEAMENTE UN<br>DIVIETO DI SOSTA CON SENSO UNICO ALTERNATO SU VIA VITTORIO<br>VENETO DA INTERSEZIONE CON VIA FRANCESCO RUBINI PATRIOTA A<br>INTERSEZIONE CON STR. DI CROCE DI COLAGNORA, INCROCI COMPRESI,<br>PER INTERVENTI MIRATI A CONSEGUIRE LA DISTRETTUALIZZAZIONE, IL<br>CONTROLLO DELLE PRESSIONI ED IL MONITORAGGIO DELLE GRANDEZZE<br>IDRAULICHE NELLE RETI IDRICHE E SOSTITUZIONE DEI TRONCHI VETUSTI<br>ED AMMALORATI <br>SOCIETÀ: ACCIONA AGUA S.A.<br><br>Durata e Tempistiche: 07/07/2026 - 07/11/2026]]></description>
      <styleUrl>#icon-1541-E65100</styleUrl>
      <Point>
        <coordinates>
          16.8668658,41.060952,0
        </coordinates>
      </Point>
    </Placemark>
    <Placemark>
      <name>ORDINANZA 2026/03379
DIVIETO DI SOSTA CON SENSO UNICO ALTERNATO
VIA VITTORIO VENETO DA VIA FRANCESCO RUBINI PATRIOTA A
INTERSEZIONE CON STR. DI CROCE DI COLAGNORA, INCROCI COMPRESI
CONTROLLO DELLE PRESSIONI ED IL
MONITORAGGIO DELLE GRANDEZZE IDRAULICHE NELLE RETI IDRICHE E
SOSTITUZIONE DEI TRONCHI VETUSTI ED AMMALORATI
IMPRESA ESECUTRICE: ACCIONA AGUA S.A.
07/07/2026 - 07/11/2026</name>
      <description><![CDATA[ORDINANZA 2026/03379<br><br>https://drive.google.com/file/d/1ahv8kf6DtVnXYTC_uJTDgZierV-vIsGf/view<br><br>P1557 LOTTO 1. ORDINANZA PER ISTITUIRE TEMPORANEAMENTE UN<br>DIVIETO DI SOSTA CON SENSO UNICO ALTERNATO SU VIA VITTORIO<br>VENETO DA INTERSEZIONE CON VIA FRANCESCO RUBINI PATRIOTA A<br>INTERSEZIONE CON STR. DI CROCE DI COLAGNORA, INCROCI COMPRESI,<br>PER INTERVENTI MIRATI A CONSEGUIRE LA DISTRETTUALIZZAZIONE, IL<br>CONTROLLO DELLE PRESSIONI ED IL MONITORAGGIO DELLE GRANDEZZE<br>IDRAULICHE NELLE RETI IDRICHE E SOSTITUZIONE DEI TRONCHI VETUSTI<br>ED AMMALORATI <br>SOCIETÀ: ACCIONA AGUA S.A.<br><br>Durata e Tempistiche: 07/07/2026 - 07/11/2026]]></description>
      <styleUrl>#line-E65100-4294</styleUrl>
      <LineString>
        <tessellate>1</tessellate>
        <coordinates>
          16.8666845,41.0609633,0
          16.8667274,41.0606074,0
          16.8668883,41.0598065,0
          16.8670814,41.0589166,0
          16.8672638,41.0582047,0
          16.867296,41.057784,0
          16.8675106,41.0565705,0
          16.8675106,41.0559071,0
          16.8669849,41.0548958,0
          16.8660515,41.053213,0
          16.8654883,41.0521531,0
          16.8652093,41.0511336,0
          16.8648231,41.0499362,0
        </coordinates>
      </LineString>
    </Placemark>
    <Placemark>
      <name>ORDINANZA 2026/03415 
DIVIETO DI SOSTA AMBO I ALTI, SENSO UNICO ALTERNATO NONCHÉ RESTRINGIMENTO CARREGGIATA E ALL’OCCORRENZA DIVIETO DI TRANSITO
VIA PASQUALE PAOLI 
LAVORI DI RIPRISTINI DEFINITIVI 
IMPRESA ESECUTRICE: ACCIONA AGUA S.A 
15/07/2026 - 30/09/2026
</name>
      <description><![CDATA[ORDINANZA 2026/03415 <br><br>https://drive.google.com/file/d/1Er6fLv4rNr0EEMpwPHI3XqH1_1Vxax-2/view<br><br>P1557 LOTTO 1. ORDINANZA PER ISTITUIRE TEMPORANEAMENTE UN DIVIETO DI SOSTA AMBO I ALTI, SENSO UNICO ALTERNATO NONCHÉ RESTRINGIMENTO CARREGGIATA E ALL’OCCORRENZA DIVIETO DI TRANSITO SU VIA PASQUALE PAOLI , PER LAVORI DI RIPRISTINI DEFINITIVI, DAL GIORNO 15/07/2026 AL 30/09/2026 SOCIETÀ: ACCIONA AGUA S.A. <br><br>Durata e tempistiche: 15/07/2026 - 30/09/2026 ]]></description>
      <styleUrl>#icon-1541-E65100</styleUrl>
      <Point>
        <coordinates>
          16.8485068,41.1262634,0
        </coordinates>
      </Point>
    </Placemark>
    <Placemark>
      <name>ORDINANZA 2026/03415 
DIVIETO DI SOSTA AMBO I ALTI, SENSO UNICO ALTERNATO NONCHÉ RESTRINGIMENTO CARREGGIATA E ALL’OCCORRENZA DIVIETO DI TRANSITO
VIA PASQUALE PAOLI 
LAVORI DI RIPRISTINI DEFINITIVI 
IMPRESA ESECUTRICE: ACCIONA AGUA S.A 
15/07/2026 - 30/09/2026  
</name>
      <description><![CDATA[ORDINANZA 2026/03415 <br><br>https://drive.google.com/file/d/1Er6fLv4rNr0EEMpwPHI3XqH1_1Vxax-2/view<br><br>P1557 LOTTO 1. ORDINANZA PER ISTITUIRE TEMPORANEAMENTE UN DIVIETO DI SOSTA AMBO I ALTI, SENSO UNICO ALTERNATO NONCHÉ RESTRINGIMENTO CARREGGIATA E ALL’OCCORRENZA DIVIETO DI TRANSITO SU VIA PASQUALE PAOLI , PER LAVORI DI RIPRISTINI DEFINITIVI, DAL GIORNO 15/07/2026 AL 30/09/2026 SOCIETÀ: ACCIONA AGUA S.A. <br><br>Durata e tempistiche: 15/07/2026 - 30/09/2026 ]]></description>
      <styleUrl>#line-E65100-5088</styleUrl>
      <LineString>
        <tessellate>1</tessellate>
        <coordinates>
          16.848547,41.1272443,0
          16.8484236,41.1257432,0
        </coordinates>
      </LineString>
    </Placemark>
    <Placemark>
      <name>ORDINANZA 2026/03425

L24012 – PROCEDURA APERTA EX ART. 71 D.LGS 36/2023 – ACCORDO
QUADRO TRIENNALE PER LAVORI DI ADEGUAMENTO, RIQUALIFICAZIONE E
SISTEMAZIONE DELLE STRADE E DEI MARCIAPIEDI – LOTTO 3 –
ANNUALITA’ 2024.
CONTRATTO ATTUATIVO N. 2.
ISTITUZIONE TEMPORANEA DEL DIVIETO DI SOSTA CON ZONA RIMOZIONE
E RESTRINGIMENTO CARREGGIATA PER LAVORI DI MANUTENZIONE
STRAORDINARIA SU VIALE EUROPA DALL’ESECUTIVITÀ DELL’ATTO PER 180
GIORNI NATURALI E CONSECUTIVI.
IMPRESA ESECUTRICE :CO.GE.SA. S.R.L. CON SEDE IN BITONTO (BA) ALLA VIA ANITA
GARIBALDI CIVICO 21
TERMINE E DURATA: dal 13/07/2029 al 13/01/2027

</name>
      <description><![CDATA[ORDINANZA 2026/03425<br><br>https://drive.google.com/file/d/1GIBZzSyoRo7c_QAoWlqUSJjoSxIrM8zh/view<br>L’istituzione temporanea del divieto di sosta zona rimozione e restringimento carreggiata su<br>Viale Europa in ore notturne, qualora fosse considerata indispensabile, ogni ulteriore<br>restrizione e regolamentazione temporanea della circolazione stradale;<br>2. I divieti dovranno essere adeguatamente segnalati mediante posizionamento di segnaletica<br>mobile di preavviso da parte dell’impresa esecutrice, almeno 48 ore prima dell’intervento;<br>3. Sui tratti stradali in cui si darà esecuzione temporanea alla presente ordinanza, in deroga al<br>punto 1 del presente disposto, i veicoli al servizio dell’impresa appaltatrice CO.GE.SA. S.r.l.,<br>o dei loro subappaltatori, potranno transitare e sostare per dar seguito all’esecuzione delle<br>lavorazioni.;<br>4. Tutti i provvedimenti in contrasto con la presente sono momentaneamente e<br>provvisoriamente sospese e divengono nuovamente efficaci all’esaurimento dei limiti<br>temporali previsti dal presente disposto.<br>TERMINE E DURATA: dal 13/07/2029 al 13/01/2027]]></description>
      <styleUrl>#icon-1541-E65100</styleUrl>
      <Point>
        <coordinates>
          16.8019121,41.1232814,0
        </coordinates>
      </Point>
    </Placemark>
    <Placemark>
      <name>ORDINANZA 2026/03430 
DIVIETO DI SOSTA AMBO I ALTI, SENSO UNICO ALTERNATO NONCHÉ RESTRINGIMENTO CARREGGIATA E ALL’OCCORRENZA DIVIETO DI TRANSITO
VIA FRANCESCO CURZIO DE MILLE
LAVORI DI RIPRISTINO DEFINITIVO
IMPRESA ESECUTRICE: ACCIONA AGUA S.A. 
15/07/2026 - 30/09/2026 00:00-24:00
</name>
      <description><![CDATA[ORDINANZA 2026/03430 <br><br>https://drive.google.com/file/d/1T9iWuFw5uNS3JsY6I92P80jSZxfHlaAn/view<br><br>P1557 LOTTO 1. ORDINANZA PER ISTITUIRE TEMPORANEAMENTE UN DIVIETO DI SOSTA AMBO I ALTI, SENSO UNICO ALTERNATO NONCHÉ RESTRINGIMENTO CARREGGIATA E ALL’OCCORRENZA DIVIETO DI TRANSITO SU VIA FRANCESCO CURZIO DE MILLE, INCROCI COMPRESI PER LAVORI DI RIPRISTINO DEFINITIVO 15/07/2026 AL 30/09/2026 DALLE ORE 00 ALLE ORE 24. SOCIETÀ: ACCIONA AGUA S.A. <br><br>Durata e tempistiche: 15/07/2026 - 30/09/2026 00:00-24:00]]></description>
      <styleUrl>#icon-1541-E65100</styleUrl>
      <Point>
        <coordinates>
          16.8489319,41.1267996,0
        </coordinates>
      </Point>
    </Placemark>
    <Placemark>
      <name>ORDINANZA 2026/03430 
DIVIETO DI SOSTA AMBO I ALTI, SENSO UNICO ALTERNATO NONCHÉ RESTRINGIMENTO CARREGGIATA E ALL’OCCORRENZA DIVIETO DI TRANSITO
VIA FRANCESCO CURZIO DE MILLE
LAVORI DI RIPRISTINO DEFINITIVO
IMPRESA ESECUTRICE: ACCIONA AGUA S.A. 
15/07/2026 - 30/09/2026 00:00-24:00
</name>
      <description><![CDATA[ORDINANZA 2026/03430 <br><br>https://drive.google.com/file/d/1T9iWuFw5uNS3JsY6I92P80jSZxfHlaAn/view<br><br>P1557 LOTTO 1. ORDINANZA PER ISTITUIRE TEMPORANEAMENTE UN DIVIETO DI SOSTA AMBO I ALTI, SENSO UNICO ALTERNATO NONCHÉ RESTRINGIMENTO CARREGGIATA E ALL’OCCORRENZA DIVIETO DI TRANSITO SU VIA FRANCESCO CURZIO DE MILLE, INCROCI COMPRESI PER LAVORI DI RIPRISTINO DEFINITIVO 15/07/2026 AL 30/09/2026 DALLE ORE 00 ALLE ORE 24. SOCIETÀ: ACCIONA AGUA S.A. <br><br>Durata e tempistiche: 15/07/2026 - 30/09/2026 00:00-24:00]]></description>
      <styleUrl>#line-E65100-3519</styleUrl>
      <LineString>
        <tessellate>1</tessellate>
        <coordinates>
          16.8490383,41.1272261,0
          16.8488299,41.1251933,0
        </coordinates>
      </LineString>
    </Placemark>
    <Placemark>
      <name>ORDINANZA 2026/03434 
DIVIETO DI SOSTA CON RIMOZIONE FORZATA AMBO I LATI E RESTRINGIMENTO CARREGGIATA
VIA AMENDOLA DA VIA FRESA A STRADA STOPPELLI 
VIA FRESA DA VIA AMENDOLA A FINE STRADA 
LAVORI DI SCAVO PER LA POSA CAVI MT.
IMPRESA ESECUTRICE: DMF COSTRUZIONI S.R.L. 
20/07/2026 - 30/09/2026 07:00-12:00
</name>
      <description><![CDATA[ORDINANZA 2026/03434 <br><br>https://drive.google.com/file/d/1jbThCpSXNHougNbz-4qB-CSCIlzSvdNR/view<br><br>ISTITUZIONE TEMPORANEA DEL DIVIETO DI SOSTA CON RIMOZIONE FORZATA AMBO I LATI E RESTRINGIMENTO CARREGGIATA SU VIA AMENDOLA: DA VIA FRESA A STRADA STOPPELLI E VIA FRESA: DA VIA AMENDOLA A FINE STRADA DAL 20 LUGLIO 2026 AL 30 SETTEMBRE 2026 DALLE ORE 07:00 ALLE ORE 12:00 PER LAVORI DI SCAVO PER LA POSA CAVI MT. IMPRESA: DMF COSTRUZIONI S.R.L. ISTANTE: LOSACCO LUIGI (LEGALE RAPPRESENTANTE DELLA DMF COSTRUZIONI S.R.L.) <br><br>Durata e tempistiche: 20/07/2026 - 30/09/2026 07:00-12:00]]></description>
      <styleUrl>#icon-1541-E65100</styleUrl>
      <Point>
        <coordinates>
          16.8877061,41.1035096,0
        </coordinates>
      </Point>
    </Placemark>
    <Placemark>
      <name>ORDINANZA 2026/03434 
DIVIETO DI SOSTA CON RIMOZIONE FORZATA AMBO I LATI E RESTRINGIMENTO CARREGGIATA
VIA AMENDOLA DA VIA FRESA A STRADA STOPPELLI 
VIA FRESA DA VIA AMENDOLA A FINE STRADA 
LAVORI DI SCAVO PER LA POSA CAVI MT.
IMPRESA ESECUTRICE: DMF COSTRUZIONI S.R.L. 
20/07/2026 - 30/09/2026 07:00-12:00
</name>
      <description><![CDATA[ORDINANZA 2026/03434 <br><br>https://drive.google.com/file/d/1jbThCpSXNHougNbz-4qB-CSCIlzSvdNR/view<br><br>ISTITUZIONE TEMPORANEA DEL DIVIETO DI SOSTA CON RIMOZIONE FORZATA AMBO I LATI E RESTRINGIMENTO CARREGGIATA SU VIA AMENDOLA: DA VIA FRESA A STRADA STOPPELLI E VIA FRESA: DA VIA AMENDOLA A FINE STRADA DAL 20 LUGLIO 2026 AL 30 SETTEMBRE 2026 DALLE ORE 07:00 ALLE ORE 12:00 PER LAVORI DI SCAVO PER LA POSA CAVI MT. IMPRESA: DMF COSTRUZIONI S.R.L. ISTANTE: LOSACCO LUIGI (LEGALE RAPPRESENTANTE DELLA DMF COSTRUZIONI S.R.L.) <br><br>Durata e tempistiche: 20/07/2026 - 30/09/2026 07:00-12:00]]></description>
      <styleUrl>#line-E65100-3713</styleUrl>
      <LineString>
        <tessellate>1</tessellate>
        <coordinates>
          16.8853983,41.1073661,0
          16.8873091,41.1033296,0
          16.8875566,41.1032509,0
          16.8889353,41.1036349,0
          16.8903139,41.1011489,0
        </coordinates>
      </LineString>
    </Placemark>
    <Placemark>
      <name>ORDINANZA 2026/03437
DIVIETO DI SOSTA ZONA RIMOZIONE E
RESTRINGIMENTO CARREGGIATA
LARGO RENNA AMBO I LATI TRA VICO I VITTORIO VENETO E IL VICO VII LARGO RENNA
ISTITUZIONE AREA CANTIERE E CORRIDOIO PEDONALE
IMPRESA ESECUTRICE: COES SRL
17/07/2026 - 31/12/2026</name>
      <description><![CDATA[Ordinanza 2026/03437<br><br>ISTITUZIONE TEMPORANEA DEL DIVIETO DI SOSTA ZONA RIMOZIONE E<br>RESTRINGIMENTO CARREGGIATA SU LARGO RENNA AMBO I LATI, NEL<br>TRATTO COMPRESO TRA VICO I VITTORIO VENETO E IL VICO VII LARGO<br>RENNA PER ISTITUIRE L’AREA CANTIERE, CORRIDOIO PEDONALE E IL<br>REGOLARE TRANSITO VEICOLARE DAL GIORNO 17/07/2026 AL 31/12/2026.<br>IMPRESA: COES SRL<br>ISTANTE: STRAMAGLIA FRANCO<br><br>DURATA E TEMPISTICHE: 17/07/2026 - 31/12/2026]]></description>
      <styleUrl>#line-E65100-5844</styleUrl>
      <LineString>
        <tessellate>1</tessellate>
        <coordinates>
          16.7648933,41.1539558,0
          16.7652312,41.154693,0
        </coordinates>
      </LineString>
    </Placemark>
    <Placemark>
      <name>ORDINANZA 2026/03437
DIVIETO DI SOSTA ZONA RIMOZIONE E
RESTRINGIMENTO CARREGGIATA
LARGO RENNA AMBO I LATI TRA VICO I VITTORIO VENETO E IL VICO VII LARGO RENNA
ISTITUZIONE AREA CANTIERE E CORRIDOIO PEDONALE
IMPRESA ESECUTRICE: COES SRL
17/07/2026 - 31/12/2026
</name>
      <description><![CDATA[Ordinanza 2026/03437<br><br>ISTITUZIONE TEMPORANEA DEL DIVIETO DI SOSTA ZONA RIMOZIONE E<br>RESTRINGIMENTO CARREGGIATA SU LARGO RENNA AMBO I LATI, NEL<br>TRATTO COMPRESO TRA VICO I VITTORIO VENETO E IL VICO VII LARGO<br>RENNA PER ISTITUIRE L’AREA CANTIERE, CORRIDOIO PEDONALE E IL<br>REGOLARE TRANSITO VEICOLARE DAL GIORNO 17/07/2026 AL 31/12/2026.<br>IMPRESA: COES SRL<br>ISTANTE: STRAMAGLIA FRANCO<br><br>DURATA E TEMPISTICHE: 17/07/2026 - 31/12/2026]]></description>
      <styleUrl>#icon-1541-E65100</styleUrl>
      <Point>
        <coordinates>
          16.7651213,41.154701,0
        </coordinates>
      </Point>
    </Placemark>
    <Placemark>
      <name>ORDINANZA 2026/03964 
DIVIETO DI FERMATA E RESTRINGIMENTO DI CARREGGIATA
VIA BRIGATA BARI TRA VIA FRANCESCO CRISPI E VIA DON BOSCO
REALIZZAZIONE DI UN SISTEMA BRT PER LA CITTÀ DI BARI 
IMPRESA ESECUTRICE: R.T.I. COBAR S.P.A. - MER MEC STE S.R.L.
01/09/2026 - 31/10/2026 
</name>
      <description><![CDATA[ORDINANZA 2026/03964 <br><br>https://drive.google.com/file/d/177BNQuETwlp2aOSBJOLjrQ6aewcxixNE/view<br><br>PROROGA DELL’ORDINANZA DIRIGENZIALE N. 2026/03763 LAVORI DI REALIZZAZIONE DI UN SISTEMA BRT PER LA CITTÀ DI BARI - FINANZIATO DALLA UNIONE EUROPEA NEXT GENERATION EU - TRASPORTO RAPIDO DI MASSA - MISURA M2C2 - INV 4.2 DEL PNRR - CUP: J91B21002850001 REGOLAMENTAZIONE TEMPORANEA DELLA CIRCOLAZIONE STRADALE SU VIA BRIGATA BARI, NEL TRATTO STRADALE COMPRESO TRA VIA FRANCESCO CRISPI E VIA DON BOSCO, FINO AL GIORNO 31.10.2026 IMPRESA ESECUTRICE: R.T.I. COBAR S.P.A. - MER MEC STE S.R.L. <br><br>Durata e tempistiche: 01/09/2026 - 31/10/2026 <br><br>PROROGATA FINO AL 31/08/2026<br>DALLA ORDINANZA Ordinanza<br>2026/03762<br>https://drive.google.com/file/d/1ILeWyFVPpG4b_7tphMM9zRL_S-gjqyna/view<br>-------------------------------------<br>Ordinanza: 2026/03454<br><br>https://drive.google.com/file/d/1jrKH_nvEfj3oEn0_lv3-xeU44cu6rvMl/view<br><br>LAVORI DI REALIZZAZIONE DI UN SISTEMA BRT PER LA CITTÀ DI BARI -<br>FINANZIATO DALLA UNIONE EUROPEA NEXT GENERATION EU -<br>TRASPORTO RAPIDO DI MASSA - MISURA M2C2 - INV 4.2 DEL PNRR - CUP:<br>J91B21002850001<br>REGOLAMENTAZIONE TEMPORANEA DELLA CIRCOLAZIONE STRADALE SU<br>VIA BRIGATA BARI, NEL TRATTO STRADALE COMPRESO TRA VIA<br>FRANCESCO CRISPI E VIA DON BOSCO, DAL GIORNO 17.07.2026 AL<br>GIORNO 31.07.2026<br>IMPRESA ESECUTRICE: R.T.I. COBAR S.P.A. - MER MEC STE S.R.L.<br><br>Durata e Tempistiche: 17/07/2026 - 31/07/2026.]]></description>
      <styleUrl>#line-E65100-3906</styleUrl>
      <LineString>
        <tessellate>1</tessellate>
        <coordinates>
          16.851945,41.1220113,0
          16.8520872,41.1204171,0
        </coordinates>
      </LineString>
    </Placemark>
    <Placemark>
      <name>ORDINANZA 2026/03964 
DIVIETO DI FERMATA E RESTRINGIMENTO DI CARREGGIATA
VIA BRIGATA BARI TRA VIA FRANCESCO CRISPI E VIA DON BOSCO
REALIZZAZIONE DI UN SISTEMA BRT PER LA CITTÀ DI BARI 
IMPRESA ESECUTRICE: R.T.I. COBAR S.P.A. - MER MEC STE S.R.L.
01/09/2026 - 31/10/2026 
</name>
      <description><![CDATA[ORDINANZA 2026/03964 <br><br>https://drive.google.com/file/d/177BNQuETwlp2aOSBJOLjrQ6aewcxixNE/view<br><br>PROROGA DELL’ORDINANZA DIRIGENZIALE N. 2026/03763 LAVORI DI REALIZZAZIONE DI UN SISTEMA BRT PER LA CITTÀ DI BARI - FINANZIATO DALLA UNIONE EUROPEA NEXT GENERATION EU - TRASPORTO RAPIDO DI MASSA - MISURA M2C2 - INV 4.2 DEL PNRR - CUP: J91B21002850001 REGOLAMENTAZIONE TEMPORANEA DELLA CIRCOLAZIONE STRADALE SU VIA BRIGATA BARI, NEL TRATTO STRADALE COMPRESO TRA VIA FRANCESCO CRISPI E VIA DON BOSCO, FINO AL GIORNO 31.10.2026 IMPRESA ESECUTRICE: R.T.I. COBAR S.P.A. - MER MEC STE S.R.L. <br><br>Durata e tempistiche: 01/09/2026 - 31/10/2026 <br><br>PROROGATA FINO AL 31/08/2026<br>DALLA ORDINANZA Ordinanza<br>2026/03762<br>https://drive.google.com/file/d/1ILeWyFVPpG4b_7tphMM9zRL_S-gjqyna/view<br>------------------------------------------<br><br>Ordinanza: 2026/03454<br><br>https://drive.google.com/file/d/1jrKH_nvEfj3oEn0_lv3-xeU44cu6rvMl/view<br><br>LAVORI DI REALIZZAZIONE DI UN SISTEMA BRT PER LA CITTÀ DI BARI -<br>FINANZIATO DALLA UNIONE EUROPEA NEXT GENERATION EU -<br>TRASPORTO RAPIDO DI MASSA - MISURA M2C2 - INV 4.2 DEL PNRR - CUP:<br>J91B21002850001<br>REGOLAMENTAZIONE TEMPORANEA DELLA CIRCOLAZIONE STRADALE SU<br>VIA BRIGATA BARI, NEL TRATTO STRADALE COMPRESO TRA VIA<br>FRANCESCO CRISPI E VIA DON BOSCO, DAL GIORNO 17.07.2026 AL<br>GIORNO 31.07.2026<br>IMPRESA ESECUTRICE: R.T.I. COBAR S.P.A. - MER MEC STE S.R.L.<br><br>Durata e Tempistiche: 17/07/2026 - 31/07/2026.]]></description>
      <styleUrl>#icon-1541-E65100</styleUrl>
      <Point>
        <coordinates>
          16.8518525,41.1218426,0
        </coordinates>
      </Point>
    </Placemark>
    <Placemark>
      <name>ORDINANZA 2026/04063 
DIVIETO DI FERMATA E RESTRINGIMENTO DI CARREGGIATA
LARGO IGNAZIO CIAIA, NELLA CARREGGIATA CHE SEGUE LA CORRENTE DI TRAFFICO CHE VA DA VIALE UNITÀ D’ITALIA VERSO CORSO BENEDETTO CROCE, LATO DESTRO DI MARCIA.
LAVORI DI REALIZZAZIONE DI UN SISTEMA BRT PER LA CITTÀ DI BARI 
IMPRESA ESECUTRICE: R.T.I. COBAR S.P.A. - MER MEC STE S.R.L.
20/07/2026 - 31/10/2026
</name>
      <description><![CDATA[RETTIFICATA DALLA 2026/04063 FINO AL 31/10/2026<br><br>https://drive.google.com/file/d/1qr1MACYPZD7314ztaR2h0o4OPb_veaKo/view<br><br>ORDINANZA 2026/03844 <br>https://drive.google.com/file/d/1IQDms9OA_vKolwhTRbMgDjxpL-qI08Xn/view<br><br>PROROGA ORDINANZA N. 2026/03456 LAVORI DI REALIZZAZIONE DI UN SISTEMA BRT PER LA CITTÀ DI BARI - FINANZIATO DALLA UNIONE EUROPEA NEXT GENERATION EU - TRASPORTO RAPIDO DI MASSA - MISURA M2C2 - INV 4.2 DEL PNRR - CUP: J91B21002850001 REGOLAMENTAZIONE TEMPORANEA DELLA CIRCOLAZIONE STRADALE SU LARGO IGNAZIO CIAIA, FINO AL GIORNO 20.09.2026 IMPRESA ESECUTRICE: R.T.I. COBAR S.P.A. - MER MEC STE S.R.L. <br><br>a) L’istituzione del divieto di fermata, a tutti i veicoli, su: i) Largo Ignazio Ciaia, nella carreggiata che segue la corrente di traffico che va da Viale Unità d’Italia verso Corso Benedetto Croce, lato destro di marcia. b) L’istituzione del restringimento di carreggiata su: i) Largo Ignazio Ciaia, nella carreggiata che segue la corrente di traffico che va da Viale Unità d’Italia verso Corso Benedetto Croce. c) L’istituzione di uno spazio di fermata riservato agli autobus su: i) Largo Ignazio Ciaia, nella carreggiata che segue la corrente di traffico che va da Corso Benedetto Croce verso Viale Unità d’Italia, lato destro di marcia d) Istituzione del divieto di fermata, eccetto bus su: i) Largo Ignazio Ciaia, nella carreggiata che segue la corrente di traffico che va da Corso Benedetto Croce verso Viale Unità d’Italia, lato destro di marcia e) L’istituzione del limite massimo di velocità pari a trenta chilometri orari a tutti i veicoli in avvicinamento alle aree interessate dai lavori. <br><br>Durata e tempistiche: 20/07/2026 - 20/09/2026<br><br>Ordinanza: 2026/03456<br><br>https://drive.google.com/file/d/1MaYtnSF6WAk539AGJsHjXuEl1VQLTCX-/view<br><br>LAVORI DI REALIZZAZIONE DI UN SISTEMA BRT PER LA CITTÀ DI BARI -<br>FINANZIATO DALLA UNIONE EUROPEA NEXT GENERATION EU -<br>TRASPORTO RAPIDO DI MASSA - MISURA M2C2 - INV 4.2 DEL PNRR - CUP:<br>J91B21002850001<br>REGOLAMENTAZIONE TEMPORANEA DELLA CIRCOLAZIONE STRADALE SU<br>LARGO IGNAZIO CIAIA,<br>IMPRESA ESECUTRICE: R.T.I. COBAR S.P.A. - MER MEC STE S.R.L.<br><br>Durata e tempistiche: 20/07/2026 - 20/08/2026<br>23:30 - 05:30]]></description>
      <styleUrl>#icon-1541-E65100</styleUrl>
      <Point>
        <coordinates>
          16.873055,41.1153316,0
        </coordinates>
      </Point>
    </Placemark>
    <Placemark>
      <name>ORDINANZA 2026/04063
DIVIETO DI FERMATA E RESTRINGIMENTO DI CARREGGIATA
LARGO IGNAZIO CIAIA, NELLA CARREGGIATA CHE SEGUE LA CORRENTE DI TRAFFICO CHE VA DA VIALE UNITÀ D’ITALIA VERSO CORSO BENEDETTO CROCE, LATO DESTRO DI MARCIA.
LAVORI DI REALIZZAZIONE DI UN SISTEMA BRT PER LA CITTÀ DI BARI 
IMPRESA ESECUTRICE: R.T.I. COBAR S.P.A. - MER MEC STE S.R.L.
20/07/2026 - 31/10/2026
</name>
      <description><![CDATA[RETTIFICATA DALLA 2026/04063 FINO AL 31/10/2026<br><br>https://drive.google.com/file/d/1qr1MACYPZD7314ztaR2h0o4OPb_veaKo/view<br><br>ORDINANZA 2026/03844 <br>https://drive.google.com/file/d/1IQDms9OA_vKolwhTRbMgDjxpL-qI08Xn/view<br><br>PROROGA ORDINANZA N. 2026/03456 LAVORI DI REALIZZAZIONE DI UN SISTEMA BRT PER LA CITTÀ DI BARI - FINANZIATO DALLA UNIONE EUROPEA NEXT GENERATION EU - TRASPORTO RAPIDO DI MASSA - MISURA M2C2 - INV 4.2 DEL PNRR - CUP: J91B21002850001 REGOLAMENTAZIONE TEMPORANEA DELLA CIRCOLAZIONE STRADALE SU LARGO IGNAZIO CIAIA, FINO AL GIORNO 20.09.2026 IMPRESA ESECUTRICE: R.T.I. COBAR S.P.A. - MER MEC STE S.R.L. <br><br>a) L’istituzione del divieto di fermata, a tutti i veicoli, su: i) Largo Ignazio Ciaia, nella carreggiata che segue la corrente di traffico che va da Viale Unità d’Italia verso Corso Benedetto Croce, lato destro di marcia. b) L’istituzione del restringimento di carreggiata su: i) Largo Ignazio Ciaia, nella carreggiata che segue la corrente di traffico che va da Viale Unità d’Italia verso Corso Benedetto Croce. c) L’istituzione di uno spazio di fermata riservato agli autobus su: i) Largo Ignazio Ciaia, nella carreggiata che segue la corrente di traffico che va da Corso Benedetto Croce verso Viale Unità d’Italia, lato destro di marcia d) Istituzione del divieto di fermata, eccetto bus su: i) Largo Ignazio Ciaia, nella carreggiata che segue la corrente di traffico che va da Corso Benedetto Croce verso Viale Unità d’Italia, lato destro di marcia e) L’istituzione del limite massimo di velocità pari a trenta chilometri orari a tutti i veicoli in avvicinamento alle aree interessate dai lavori. <br><br>Durata e tempistiche: 20/07/2026 - 20/09/2026<br><br>Ordinanza: 2026/03456<br><br>https://drive.google.com/file/d/1MaYtnSF6WAk539AGJsHjXuEl1VQLTCX-/view<br><br>LAVORI DI REALIZZAZIONE DI UN SISTEMA BRT PER LA CITTÀ DI BARI -<br>FINANZIATO DALLA UNIONE EUROPEA NEXT GENERATION EU -<br>TRASPORTO RAPIDO DI MASSA - MISURA M2C2 - INV 4.2 DEL PNRR - CUP:<br>J91B21002850001<br>REGOLAMENTAZIONE TEMPORANEA DELLA CIRCOLAZIONE STRADALE SU<br>LARGO IGNAZIO CIAIA,<br>IMPRESA ESECUTRICE: R.T.I. COBAR S.P.A. - MER MEC STE S.R.L.<br><br>Durata e tempistiche: 20/07/2026 - 20/08/2026<br>23:30 - 05:30]]></description>
      <styleUrl>#line-E65100-4294</styleUrl>
      <LineString>
        <tessellate>1</tessellate>
        <coordinates>
          16.8723574,41.1153386,0
          16.8730924,41.1153892,0
        </coordinates>
      </LineString>
    </Placemark>
    <Placemark>
      <name>ORDINANZA 2026/03459
RESTRINGIMENTO DELLA CARREGGIATA
STRADA SAN GIROLAMO DA FRONTE CIV. 20 A VIA CESARE FRANCO
VIA CESARE FRANCO DA STRADA SAN GIROLAMO A VIA PASQUALE DI CAGNO
STRADA SAN GIROLAMO DA VIA DON CESARE FRANCO AL CIV. 2/15 DI STRADA SAN GIROLAMO
LAVORI DI SCAVO PER LA POSA CAVI MT
IMPRESA ESECUTRICE: DMF COSTRUZIONI S.R.L.
20/07/2026 - 30/09/2026</name>
      <description><![CDATA[Ordinanza 2026/03459<br><br>https://drive.google.com/file/d/1NEHwtVXkwaNBuW1RNp08kF5TfyFQ2nqx/view<br><br>ORDINANZA PER ISTITUIRE TEMPORANEAMENTE UN RESTRINGIMENTO<br>DELLA CARREGGIATA SU STRADA SAN GIROLAMO DA FRONTE CIV. 20 A<br>VIA CESARE FRANCO, SU VIA CESARE FRANCO DA STRADA SAN<br>GIROLAMO A VIA PASQUALE DI CAGNO E SU STRADA SAN GIROLAMO DA<br>VIA DON CESARE FRANCO AL CIV. 2/15 DI STRADA SAN GIROLAMO PER<br>ESEGUIRE LAVORI DI SCAVO PER LA POSA CAVI MT <br>IMPRESA: DMF COSTRUZIONI S.R.L.<br>ISTANTE: LOSACCO LUIGI (LEGALE RAPPRESENTANTE DELLA DMF<br>COSTRUZIONI S.R.L.)<br><br>Durata e Tempistiche: 20/07/2026 - 30/09/2026]]></description>
      <styleUrl>#line-E65100-4294</styleUrl>
      <LineString>
        <tessellate>1</tessellate>
        <coordinates>
          16.8219012,41.1360437,0
          16.8237144,41.1357366,0
          16.8243688,41.1373446,0
        </coordinates>
      </LineString>
    </Placemark>
    <Placemark>
      <name>ORDINANZA 2026/03459
RESTRINGIMENTO DELLA CARREGGIATA
STRADA SAN GIROLAMO DA FRONTE CIV. 20 A VIA CESARE FRANCO
VIA CESARE FRANCO DA STRADA SAN GIROLAMO A VIA PASQUALE DI CAGNO
STRADA SAN GIROLAMO DA VIA DON CESARE FRANCO AL CIV. 2/15 DI STRADA SAN GIROLAMO
LAVORI DI SCAVO PER LA POSA CAVI MT
IMPRESA ESECUTRICE: DMF COSTRUZIONI S.R.L.
20/07/2026 - 30/09/2026</name>
      <description><![CDATA[Ordinanza 2026/03459<br><br>https://drive.google.com/file/d/1NEHwtVXkwaNBuW1RNp08kF5TfyFQ2nqx/view<br><br>ORDINANZA PER ISTITUIRE TEMPORANEAMENTE UN RESTRINGIMENTO<br>DELLA CARREGGIATA SU STRADA SAN GIROLAMO DA FRONTE CIV. 20 A<br>VIA CESARE FRANCO, SU VIA CESARE FRANCO DA STRADA SAN<br>GIROLAMO A VIA PASQUALE DI CAGNO E SU STRADA SAN GIROLAMO DA<br>VIA DON CESARE FRANCO AL CIV. 2/15 DI STRADA SAN GIROLAMO PER<br>ESEGUIRE LAVORI DI SCAVO PER LA POSA CAVI MT <br>IMPRESA: DMF COSTRUZIONI S.R.L.<br>ISTANTE: LOSACCO LUIGI (LEGALE RAPPRESENTANTE DELLA DMF<br>COSTRUZIONI S.R.L.)<br><br>Durata e Tempistiche: 20/07/2026 - 30/09/2026]]></description>
      <styleUrl>#icon-1541-E65100</styleUrl>
      <Point>
        <coordinates>
          16.8219817,41.1360962,0
        </coordinates>
      </Point>
    </Placemark>
    <Placemark>
      <name>ORDINANZA 2026/04374 
RESTRINGIMENTO CARREGGIATA E DIVIETO DI FERMATA
LUNGOMARE ARALDO DI CROLLALANZA NEL TRATTO STRADALE
COMPRESO TRA VIA GIAN DOMENICO PETRONI E CORSO VITTORIO EMANUELE
LAVORI DI REALIZZAZIONE DI UN SISTEMA BRT PER LA CITTÀ DI BARI
IIMPRESA ESECUTRICE: R.T.I. COBAR S.P.A. - MER MEC STE S.R.L.
10/08/2026 - 31/10/2026 
</name>
      <description><![CDATA[PROROGATA DALLA ORDINANZA  2026/04374 FINO AL 31/10/2026 <br>https://drive.google.com/file/d/1t6034oC5VQw1tDDaqdMOkZFhFRieQfUq/view<br><br>ORDINANZA 2026/03845 <br>https://drive.google.com/file/d/1F75_ls_-g2NNNCS924RbJR_K6wYd6Gi2/view<br><br>PROROGA ORDINANZA 2026/03487 LAVORI DI REALIZZAZIONE DI UN SISTEMA BRT PER LA CITTÀ DI BARI - FINANZIATO DALLA UNIONE EUROPEA NEXT GENERATION EU - TRASPORTO RAPIDO DI MASSA - MISURA M2C2 - INV 4.2 DEL PNRR - CUP: J91B21002850001 REGOLAMENTAZIONE TEMPORANEA DELLA CIRCOLAZIONE STRADALE SU LUNGOMARE ARALDO DI CROLLALANZA NEL TRATTO STRADALE COMPRESO TRA VIA GIAN DOMENICO PETRONI E CORSO VITTORIO EMANUELE II DALLA DATA DI EMANAZIONE DELLA PRESENTE ORDINANZA AL GIORNO 20.09.2026 IMPRESA ESECUTRICE: R.T.I. COBAR S.P.A. - MER MEC STE S.R.L. <br><br>a) L’istituzione del restringimento di carreggiata a tutti i veicoli su: i) Lungomare Araldo di Crollalanza nel tratto stradale compreso tra via Gian Domenico Petroni e Corso Vittorio Emanuele II. b) L’istituzione del divieto di fermata a tutti i veicoli su: i) Lungomare Araldo di Crollalanza ambo i lati nel tratto stradale compreso tra via Gian Domenico Petroni e Corso Vittorio Emanuele II. <br><br>Durata e tempistiche: 10/08/2026 - 20/09/2026<br><br>ORDINANZA 2026/03487<br>https://drive.google.com/file/d/1fP6HMnseJoV92RTKydbaaKQtrLheMRJh/view<br><br>a) L’istituzione del restringimento di carreggiata a tutti i veicoli su:<br>i) Lungomare Araldo di Crollalanza nel tratto stradale compreso tra via Gian Domenico Petroni e Corso<br>Vittorio Emanuele II.<br>b) L’istituzione del divieto di fermata a tutti i veicoli su:<br><br>i) Lungomare Araldo di Crollalanza ambo i lati nel tratto stradale compreso tra via Gian Domenico Petroni e<br>Corso Vittorio Emanuele II.<br>c) Istituzione della luce gialla lampeggiante durante l'esecuzione dei lavori per i semafori:<br>i) Lungomare Araldo di Crollalanza all’intersezione con via Gian Domenico Petroni<br>ii) Lungomare di Crollalanza in prossimità di Largo Giannella (semaforo pedonale)<br>d) L’istituzione del limite massimo di velocità pari a trenta chilometri orari a tutti i veicoli in avvicinamento alle aree<br>interessate dai lavori.<br>2) Dagli obblighi e divieti di cui al punto 1) sono esclusi:<br>i) i veicoli al servizio, ovvero di proprietà dell’impresa esecutrice dei lavori e sue subappaltatrici;<br>ii) i veicoli delle forze dell’ordine, dei vigili del fuoco e delle ambulanze durante l’espletamento di servizi<br>d’istituto e di soccorso pubblico e d’emergenza;<br>TERMINE E DURATA:20/07/2026 - 20/08/2026]]></description>
      <styleUrl>#icon-1541-E65100</styleUrl>
      <Point>
        <coordinates>
          16.8749983,41.1246425,0
        </coordinates>
      </Point>
    </Placemark>
    <Placemark>
      <name>ORDINANZA 2026/04374 
RESTRINGIMENTO CARREGGIATA E DIVIETO DI FERMATA
LUNGOMARE ARALDO DI CROLLALANZA NEL TRATTO STRADALE
COMPRESO TRA VIA GIAN DOMENICO PETRONI E CORSO VITTORIO EMANUELE
LAVORI DI REALIZZAZIONE DI UN SISTEMA BRT PER LA CITTÀ DI BARI
IIMPRESA ESECUTRICE: R.T.I. COBAR S.P.A. - MER MEC STE S.R.L.
10/08/2026 - 31/10/2026
</name>
      <description><![CDATA[PROROGATA DALLA ORDINANZA 2026/04374 FINO AL 31/10/2026 <br>https://drive.google.com/file/d/1t6034oC5VQw1tDDaqdMOkZFhFRieQfUq/view<br><br>ORDINANZA 2026/03845 <br>https://drive.google.com/file/d/1F75_ls_-g2NNNCS924RbJR_K6wYd6Gi2/view<br><br>PROROGA ORDINANZA 2026/03487 LAVORI DI REALIZZAZIONE DI UN SISTEMA BRT PER LA CITTÀ DI BARI - FINANZIATO DALLA UNIONE EUROPEA NEXT GENERATION EU - TRASPORTO RAPIDO DI MASSA - MISURA M2C2 - INV 4.2 DEL PNRR - CUP: J91B21002850001 REGOLAMENTAZIONE TEMPORANEA DELLA CIRCOLAZIONE STRADALE SU LUNGOMARE ARALDO DI CROLLALANZA NEL TRATTO STRADALE COMPRESO TRA VIA GIAN DOMENICO PETRONI E CORSO VITTORIO EMANUELE II DALLA DATA DI EMANAZIONE DELLA PRESENTE ORDINANZA AL GIORNO 20.09.2026 IMPRESA ESECUTRICE: R.T.I. COBAR S.P.A. - MER MEC STE S.R.L. <br><br>a) L’istituzione del restringimento di carreggiata a tutti i veicoli su: i) Lungomare Araldo di Crollalanza nel tratto stradale compreso tra via Gian Domenico Petroni e Corso Vittorio Emanuele II. b) L’istituzione del divieto di fermata a tutti i veicoli su: i) Lungomare Araldo di Crollalanza ambo i lati nel tratto stradale compreso tra via Gian Domenico Petroni e Corso Vittorio Emanuele II. <br><br>Durata e tempistiche: 10/08/2026 - 20/09/2026<br><br>ORDINANZA 2026/03487<br>https://drive.google.com/file/d/1fP6HMnseJoV92RTKydbaaKQtrLheMRJh/view<br><br>a) L’istituzione del restringimento di carreggiata a tutti i veicoli su:<br>i) Lungomare Araldo di Crollalanza nel tratto stradale compreso tra via Gian Domenico Petroni e Corso<br>Vittorio Emanuele II.<br>b) L’istituzione del divieto di fermata a tutti i veicoli su:<br><br>i) Lungomare Araldo di Crollalanza ambo i lati nel tratto stradale compreso tra via Gian Domenico Petroni e<br>Corso Vittorio Emanuele II.<br>c) Istituzione della luce gialla lampeggiante durante l'esecuzione dei lavori per i semafori:<br>i) Lungomare Araldo di Crollalanza all’intersezione con via Gian Domenico Petroni<br>ii) Lungomare di Crollalanza in prossimità di Largo Giannella (semaforo pedonale)<br>d) L’istituzione del limite massimo di velocità pari a trenta chilometri orari a tutti i veicoli in avvicinamento alle aree<br>interessate dai lavori.<br>2) Dagli obblighi e divieti di cui al punto 1) sono esclusi:<br>i) i veicoli al servizio, ovvero di proprietà dell’impresa esecutrice dei lavori e sue subappaltatrici;<br>ii) i veicoli delle forze dell’ordine, dei vigili del fuoco e delle ambulanze durante l’espletamento di servizi<br>d’istituto e di soccorso pubblico e d’emergenza;<br>TERMINE E DURATA:20/07/2026 - 20/08/2026]]></description>
      <styleUrl>#line-E65100-4100</styleUrl>
      <LineString>
        <tessellate>1</tessellate>
        <coordinates>
          16.872014,41.126162,0
          16.875764,41.1240664,0
          16.8776711,41.1230388,0
          16.87867,41.122597,0
          16.8796747,41.1222577,0
        </coordinates>
      </LineString>
    </Placemark>
    <Placemark>
      <name>ORDINANZA 2026/03477
DIVIETO DI SOSTA E DI FERMATA AMBO E RESTRINGIMENTO
CARREGGIATA CON SENSO UNICO ALTERNATO
VIA MOLISE CIV. 3
CONTROLLO DELLE PRESSIONI ED IL MONITORAGGIO DELLE GRANDEZZE
IDRAULICHE 
SOCIETÀ: ACCIONA AGUA S.A.
20/07/2026 - 30/09/2026</name>
      <description><![CDATA[ORDINANZA 2026/03477<br><br>https://drive.google.com/file/d/1ULxCxG9F5s_T9rSxRWqFrHbucHz1SKGv/view<br><br>P1557 LOTTO 1. ORDINANZA PER ISTITUIRE TEMPORANEAMENTE UN<br>DIVIETO DI SOSTA E DI FERMATA AMBO I LATI NONCHÉ RESTRINGIMENTO<br>CARREGGIATA CON SENSO UNICO ALTERNATO SU VIA MOLISE CIV. 3, PER<br>INTERVENTI MIRATI A CONSEGUIRE LA DISTRETTUALIZZAZIONE, IL<br>CONTROLLO DELLE PRESSIONI ED IL MONITORAGGIO DELLE GRANDEZZE<br>IDRAULICHE NELLE RETI IDRICHE E SOSTITUZIONE DEI TRONCHI VETUSTI<br>ED AMMALORATI DALL’ESECUTIVITÀ DELL’ATTO<br>TERMINE E DURATA: DAL GIORNO 20/07/2026 AL GIORNO 30/09/2026]]></description>
      <styleUrl>#icon-1541-E65100</styleUrl>
      <Point>
        <coordinates>
          16.795744,41.1221235,0
        </coordinates>
      </Point>
    </Placemark>
    <Placemark>
      <name>ORDINANZA 2026/03517
CHIUSURA TOTALE E DIVIETO DI SOSTA
COMPLANARE EST (DA 41.077317 – 16.901666 A 41.082288 – 16.898441)
LAVORI EDILI/STRADALI
IMPRESA ESECUTRICE: D.S.P.A. S.R.L.
22/07/2026 - FINE LAVORI</name>
      <description><![CDATA[ESTENSIONE: https://drive.google.com/file/d/1fFYtASgiM1I1bxNFBlSAkO2pnjlMtReD/view<br>A PARTIRE DAL 22/07<br><br>Ordinanza 2026/03517<br><br>https://drive.google.com/file/d/10UGcoLtPri26AOJDRMRjBuWKjpo8Yeph/view<br><br>ISTITUZIONE TEMPORANEA DELLA CHIUSURA TOTALE E DIVIETO DI SOSTA<br>SUL TRATTO DELLA COMPLANARE EST DIREZIONE BARI DAL PUNTO<br>41.077317 – 16.901666 (INIZIO CANTIERE) AL PUNTO FINE CANTIERE<br>41.082288 – 16.898441 PER L’ESECUZIONE DI LAVORI EDILI/STRADALI (ES.<br>SCAVI, MONTAGGIO PONTEGGI, AUTOGRÙ) DAL 01/09/2026 A FINE LAVORI<br>DALLE ORE 00:00 ALL ORE 24:00.<br>IMPRESA: D.S.P.A. S.R.L.<br>ISTANTE: DE SARIO AMEDEO (TITOLARE/LEGALE RAPPRESENTANTE)<br><br>Durata e Tempistiche: 01/09/2026 - FINE LAVORI]]></description>
      <styleUrl>#icon-1541-E65100</styleUrl>
      <Point>
        <coordinates>
          16.901629,41.0773273,0
        </coordinates>
      </Point>
    </Placemark>
    <Placemark>
      <name>ORDINANZA 2026/03517
CHIUSURA TOTALE E DIVIETO DI SOSTA
COMPLANARE EST (DA 41.077317 – 16.901666 A 41.082288 – 16.898441)
LAVORI EDILI/STRADALI
IMPRESA ESECUTRICE: D.S.P.A. S.R.L.
22/07/2026 - FINE LAVORI</name>
      <description><![CDATA[ESTENSIONE: https://drive.google.com/file/d/1fFYtASgiM1I1bxNFBlSAkO2pnjlMtReD/view<br>A PARTIRE DAL 22/07<br><br>Ordinanza 2026/03517<br><br>https://drive.google.com/file/d/10UGcoLtPri26AOJDRMRjBuWKjpo8Yeph/view<br><br>ISTITUZIONE TEMPORANEA DELLA CHIUSURA TOTALE E DIVIETO DI SOSTA<br>SUL TRATTO DELLA COMPLANARE EST DIREZIONE BARI DAL PUNTO<br>41.077317 – 16.901666 (INIZIO CANTIERE) AL PUNTO FINE CANTIERE<br>41.082288 – 16.898441 PER L’ESECUZIONE DI LAVORI EDILI/STRADALI (ES.<br>SCAVI, MONTAGGIO PONTEGGI, AUTOGRÙ) DAL 01/09/2026 A FINE LAVORI<br>DALLE ORE 00:00 ALL ORE 24:00.<br>IMPRESA: D.S.P.A. S.R.L.<br>ISTANTE: DE SARIO AMEDEO (TITOLARE/LEGALE RAPPRESENTANTE)<br><br>Durata e Tempistiche: 01/09/2026 - FINE LAVORI]]></description>
      <styleUrl>#line-E65100-3906</styleUrl>
      <LineString>
        <tessellate>1</tessellate>
        <coordinates>
          16.8984378,41.0822743,0
          16.8992586,41.0810734,0
          16.8995804,41.0806003,0
          16.8998486,41.0801555,0
          16.9002242,41.0795166,0
          16.9005071,41.0790283,0
          16.900597,41.0789394,0
          16.9007807,41.0788676,0
          16.9009014,41.0788393,0
          16.9009631,41.078815,0
          16.9010516,41.0787412,0
          16.9012005,41.0785461,0
          16.9012421,41.0784511,0
          16.9012595,41.0783409,0
          16.9012447,41.078255,0
          16.9012246,41.0781306,0
          16.9012179,41.0780477,0
          16.9012139,41.0779668,0
          16.9012327,41.077886,0
          16.9012689,41.077793,0
          16.9013265,41.0776919,0
          16.9014003,41.0775746,0
          16.9014781,41.0774634,0
          16.9016042,41.0773229,0
        </coordinates>
      </LineString>
    </Placemark>
    <Placemark>
      <name>ORDINANZA 2026/03842 
RESTRINGIMENTO CARREGGIATA E DIVIETO DI FERMATA
VIALE UNITÀ D’ITALIA, PER LA CARREGGIATA CHE SEGUE LA CORRENTE DI TRAFFICO DA VIA ANTONIO MEUCCI VERSO VIA CAPRUZZI
LAVORI DI REALIZZAZIONE DI UN SISTEMA BRT PER LA CITTÀ DI BARI
IMPRESA ESECUTRICE: R.T.I. COBAR S.P.A. - MER MEC STE S.R.L.
21/07/2026 - 21.09.2026
 
(Dal 10/08/2026 al 21/08/2026 23:30-05:30 DIVIETO DI TRANSITO)
</name>
      <description><![CDATA[ORDINANZA 2026/03842 <br>https://drive.google.com/file/d/1CKF1T7p-hFoVJP2pipNJoXawlq4tVDhf/view<br><br>PROROGA ORDINANZA N. 2026/03520 LAVORI DI REALIZZAZIONE DI UN SISTEMA BRT PER LA CITTÀ DI BARI - FINANZIATO DALLA UNIONE EUROPEA NEXT GENERATION EU - TRASPORTO RAPIDO DI MASSA - MISURA M2C2 - INV 4.2 DEL PNRR - CUP: J91B21002850001 REGOLAMENTAZIONE TEMPORANEA DELLA CIRCOLAZIONE STRADALE SU VIALE UNITÀ D’ITALIA, FINO AL GIORNO 21.09.2026 IMPRESA ESECUTRICE: R.T.I. COBAR S.P.A. - MER MEC STE S.R.L. <br><br>1) Dall’esecutività del presente provvedimento fino al giorno 21.09.2026 sono istituiti i seguenti provvedimenti temporanei di circolazione: a) L’istituzione del restringimento di carreggiata su: i) Viale Unità d’Italia, per la carreggiata che segue la corrente di traffico che va da via Antonio Meucci verso via Capruzzi; b) L’istituzione del divieto di fermata, a tutti i veicoli, su: i) Viale Unità d’Italia, per la carreggiata che segue la corrente di traffico che va da via Antonio Meucci verso via Capruzzi; c) L’istituzione del limite massimo di velocità pari a trenta chilometri orari a tutti i veicoli in avvicinamento alle aree interessate dai lavori. 2) Dall’esecutività del presente provvedimento fino al giorno 21.08.2026 dalle ore 23:30 alle ore 05:30 sono istituiti i seguenti provvedimenti temporanei di circolazione: a) L’istituzione del divieto di transito su: i) Viale Unità d’Italia, per la carreggiata che segue la corrente di traffico che va da via Antonio Meucci verso via Capruzzi; b) L’istituzione del limite massimo di velocità pari a trenta chilometri orari a tutti i veicoli in avvicinamento alle aree interessate dai lavori. 3) Dagli obblighi e divieti di cui al punto 1) sono esclusi: i) i veicoli al servizio, ovvero di proprietà dell’impresa esecutrice dei lavori e sue subappaltatrici; ii) i veicoli delle forze dell’ordine, dei vigili del fuoco e delle ambulanze durante l’espletamento di servizi d’istituto e di soccorso pubblico e d’emergenza; <br><br>Durata e tempistiche: 21/07/2026 - 21.09.2026 <br>Dal 10/08/2026 al 21/08/2026 23:30-05:30 DIVIETO DI TRANSITO<br><br>Ordinanza 2026/03520<br><br>https://drive.google.com/file/d/1sMtGTv_q1ZLzp44cSyy9PsXcJcmjTBKB/view<br><br>LAVORI DI REALIZZAZIONE DI UN SISTEMA BRT PER LA CITTÀ DI BARI -<br>FINANZIATO DALLA UNIONE EUROPEA NEXT GENERATION EU -<br>TRASPORTO RAPIDO DI MASSA - MISURA M2C2 - INV 4.2 DEL PNRR - CUP:<br>J91B21002850001<br>REGOLAMENTAZIONE TEMPORANEA DELLA CIRCOLAZIONE STRADALE SU<br>VIALE UNITÀ D’ITALIA, FINO AL GIORNO 21.08.2026<br>IMPRESA ESECUTRICE: R.T.I. COBAR S.P.A. - MER MEC STE S.R.L.<br><br>Durata e tempistiche: 21/07/2026 - 21/08/2026]]></description>
      <styleUrl>#icon-1541-E65100</styleUrl>
      <Point>
        <coordinates>
          16.8736522,41.1125052,0
        </coordinates>
      </Point>
    </Placemark>
    <Placemark>
      <name>ORDINANZA 2026/03842 
RESTRINGIMENTO CARREGGIATA E DIVIETO DI FERMATA
VIALE UNITÀ D’ITALIA, PER LA CARREGGIATA CHE SEGUE LA CORRENTE DI TRAFFICO DA VIA ANTONIO MEUCCI VERSO VIA CAPRUZZI
LAVORI DI REALIZZAZIONE DI UN SISTEMA BRT PER LA CITTÀ DI BARI
IMPRESA ESECUTRICE: R.T.I. COBAR S.P.A. - MER MEC STE S.R.L.
21/07/2026 - 21.09.2026 
Dal 10/08/2026 al 21/08/2026 23:30-05:30 DIVIETO DI TRANSITO
</name>
      <description><![CDATA[ORDINANZA 2026/03842 <br>https://drive.google.com/file/d/1CKF1T7p-hFoVJP2pipNJoXawlq4tVDhf/view<br><br>PROROGA ORDINANZA N. 2026/03520 LAVORI DI REALIZZAZIONE DI UN SISTEMA BRT PER LA CITTÀ DI BARI - FINANZIATO DALLA UNIONE EUROPEA NEXT GENERATION EU - TRASPORTO RAPIDO DI MASSA - MISURA M2C2 - INV 4.2 DEL PNRR - CUP: J91B21002850001 REGOLAMENTAZIONE TEMPORANEA DELLA CIRCOLAZIONE STRADALE SU VIALE UNITÀ D’ITALIA, FINO AL GIORNO 21.09.2026 IMPRESA ESECUTRICE: R.T.I. COBAR S.P.A. - MER MEC STE S.R.L. <br><br>1) Dall’esecutività del presente provvedimento fino al giorno 21.09.2026 sono istituiti i seguenti provvedimenti temporanei di circolazione: a) L’istituzione del restringimento di carreggiata su: i) Viale Unità d’Italia, per la carreggiata che segue la corrente di traffico che va da via Antonio Meucci verso via Capruzzi; b) L’istituzione del divieto di fermata, a tutti i veicoli, su: i) Viale Unità d’Italia, per la carreggiata che segue la corrente di traffico che va da via Antonio Meucci verso via Capruzzi; c) L’istituzione del limite massimo di velocità pari a trenta chilometri orari a tutti i veicoli in avvicinamento alle aree interessate dai lavori. 2) Dall’esecutività del presente provvedimento fino al giorno 21.08.2026 dalle ore 23:30 alle ore 05:30 sono istituiti i seguenti provvedimenti temporanei di circolazione: a) L’istituzione del divieto di transito su: i) Viale Unità d’Italia, per la carreggiata che segue la corrente di traffico che va da via Antonio Meucci verso via Capruzzi; b) L’istituzione del limite massimo di velocità pari a trenta chilometri orari a tutti i veicoli in avvicinamento alle aree interessate dai lavori. 3) Dagli obblighi e divieti di cui al punto 1) sono esclusi: i) i veicoli al servizio, ovvero di proprietà dell’impresa esecutrice dei lavori e sue subappaltatrici; ii) i veicoli delle forze dell’ordine, dei vigili del fuoco e delle ambulanze durante l’espletamento di servizi d’istituto e di soccorso pubblico e d’emergenza; <br><br>Durata e tempistiche: 21/07/2026 - 21.09.2026 <br>Dal 10/08/2026 al 21/08/2026 23:30-05:30 DIVIETO DI TRANSITO<br><br>Ordinanza 2026/03520<br><br>https://drive.google.com/file/d/1sMtGTv_q1ZLzp44cSyy9PsXcJcmjTBKB/view<br><br>LAVORI DI REALIZZAZIONE DI UN SISTEMA BRT PER LA CITTÀ DI BARI -<br>FINANZIATO DALLA UNIONE EUROPEA NEXT GENERATION EU -<br>TRASPORTO RAPIDO DI MASSA - MISURA M2C2 - INV 4.2 DEL PNRR - CUP:<br>J91B21002850001<br>REGOLAMENTAZIONE TEMPORANEA DELLA CIRCOLAZIONE STRADALE SU<br>VIALE UNITÀ D’ITALIA, FINO AL GIORNO 21.08.2026<br>IMPRESA ESECUTRICE: R.T.I. COBAR S.P.A. - MER MEC STE S.R.L.<br><br>Durata e tempistiche: 21/07/2026 - 21/08/2026]]></description>
      <styleUrl>#line-E65100-5069</styleUrl>
      <LineString>
        <tessellate>1</tessellate>
        <coordinates>
          16.873621,41.11253,0
          16.8734698,41.1141542,0
          16.8733411,41.1152171,0
          16.8731855,41.1164901,0
          16.873148,41.1171933,0
        </coordinates>
      </LineString>
    </Placemark>
    <Placemark>
      <name>ORDINANZA 2026/03526 
RESTRINGIMENTO DI CARREGGIATA 
VIA PICCINNI DAL CIV.46 AL CIV.52 
PER POSIZIONAMENTO AUTOMEZZI 
RICHIEDENTE: LUDOVICO DOMENICO _LUCOGEN SRL 
21/07/2026 - 19/10/2026
</name>
      <description><![CDATA[ORDINANZA 2026/03526<br><br>https://drive.google.com/file/d/10Xxs3np0-_heSEdyfUqNvGAgtx0e37qL/view<br><br>AUTORIZZAZIONE TEMPORANEA AL TRANSITO DEI MEZZI SUPERIORI AI 35<br>Q.LI, IN DEROGA ALL’ORDINANZA SINDACALE N. 2322 DEL 20.3.1991,<br>RESTRINGIMENTO DI CARREGGIATA, E DEROGA TEMPORANEA AL<br>DIVIETO DI SOSTA PER I MEZZI AL SERVIZIO DELLA LUDOVICO_LUCOGEN<br>SRL SU VIA PICCINNI DAL CIV.46 AL CIV.52 PER POSIZIONAMENTO<br>AUTOMEZZI E CASSONE DALLA DATA DI EMANAZIONE DELLA PRESENTE<br>ORDINANZA AL GIORNO 19.10.2026.<br>RICHIEDENTE: SIG. LUDOVICO DOMENICO _LUCOGEN SRL<br><br><br><br><br>Durata e tempistiche: DAL 21/07/2026 AL 19/10/2026]]></description>
      <styleUrl>#line-E65100-4100</styleUrl>
      <LineString>
        <tessellate>1</tessellate>
        <coordinates>
          16.869637,41.1253417,0
          16.8698891,41.1253629,0
        </coordinates>
      </LineString>
    </Placemark>
    <Placemark>
      <name>ORDINANZA 2026/03526 
RESTRINGIMENTO DI CARREGGIATA 
VIA PICCINNI DAL CIV.46 AL CIV.52 
PER POSIZIONAMENTO AUTOMEZZI 
RICHIEDENTE: LUDOVICO DOMENICO _LUCOGEN SRL 
21/07/2026 - 19/10/2026
</name>
      <description><![CDATA[ORDINANZA 2026/03526<br><br>https://drive.google.com/file/d/10Xxs3np0-_heSEdyfUqNvGAgtx0e37qL/view<br><br>AUTORIZZAZIONE TEMPORANEA AL TRANSITO DEI MEZZI SUPERIORI AI 35<br>Q.LI, IN DEROGA ALL’ORDINANZA SINDACALE N. 2322 DEL 20.3.1991,<br>RESTRINGIMENTO DI CARREGGIATA, E DEROGA TEMPORANEA AL<br>DIVIETO DI SOSTA PER I MEZZI AL SERVIZIO DELLA LUDOVICO_LUCOGEN<br>SRL SU VIA PICCINNI DAL CIV.46 AL CIV.52 PER POSIZIONAMENTO<br>AUTOMEZZI E CASSONE DALLA DATA DI EMANAZIONE DELLA PRESENTE<br>ORDINANZA AL GIORNO 19.10.2026.<br>RICHIEDENTE: SIG. LUDOVICO DOMENICO _LUCOGEN SRL<br><br>Durata e tempistiche: DAL 21/07/2026 AL 19/10/2026]]></description>
      <styleUrl>#icon-1541-E65100</styleUrl>
      <Point>
        <coordinates>
          16.8697437,41.1253543,0
        </coordinates>
      </Point>
    </Placemark>
    <Placemark>
      <name>ORDINANZA 2026/03988
RESTRINGIMENTO CARREGGIATA DIVIETO DI FERMATA
VIA SALVATORE COGNETTI TRA VIA NICOLA DE GIOSA E CORSO CAVOUR
CORSO CAVOUR TRA VIA SALVATORE COGNETTI E PIAZZA IV NOVEMBRE
LAVORI DI REALIZZAZIONE DI UN SISTEMA BRT PER LA CITTÀ DI BARI -
IMPRESA ESECUTRICE:R.T.I. COBAR S.P.A. - MER MEC STE S.R.L. 
01/09/2026 - 31/10/2026 
</name>
      <description><![CDATA[ORDINANZA 2026/03988<br>https://drive.google.com/file/d/1Lxnpv1gFZ2rPCjhpTvC8laN3_6AroijC/view<br> PROROGA DELL’ORDINANZA DIRIGENZIALE N. 2026/03703<br>LAVORI DI REALIZZAZIONE DI UN SISTEMA BRT PER LA CITTÀ DI BARI -<br>FINANZIATO DALLA UNIONE EUROPEA NEXT GENERATION EU -<br>TRASPORTO RAPIDO DI MASSA - MISURA M2C2 - INV 4.2 DEL PNRR - CUP:<br>J91B21002850001<br>REGOLAMENTAZIONE TEMPORANEA DELLA CIRCOLAZIONE STRADALE SU<br>VIA SALVATORE COGNETTI E CORSO CAVOUR<br>TERMINE E DURATA: DAL GIORNO 12/09/2026 AL 30/11<br>/2026 DALLE ORE 00 ALLE ORE 24.<br>ORDINANZA 2026/03703 <br><br>https://drive.google.com/file/d/1P9YSw2ES6Ycv_GCfUemkGEh9LTJOIhAd/view<br><br>LAVORI DI REALIZZAZIONE DI UN SISTEMA BRT PER LA CITTÀ DI BARI - FINANZIATO DALLA UNIONE EUROPEA NEXT GENERATION EU - TRASPORTO RAPIDO DI MASSA - MISURA M2C2 - INV 4.2 DEL PNRR - CUP: J91B21002850001 REGOLAMENTAZIONE TEMPORANEA DELLA CIRCOLAZIONE STRADALE SU VIA SALVATORE COGNETTI E CORSO CAVOUR FINO AL GIORNO 31.08.2026 IMPRESA ESECUTRICE: R.T.I. COBAR S.P.A. - MER MEC STE S.R.L. <br><br>a) L’istituzione del divieto di fermata, a tutti i veicoli, su: i) via Salvatore Cognetti, nel tratto stradale compreso tra via Nicola de Giosa e Corso Cavour. ii) Corso Cavour, nel tratto stradale compreso tra via Salvatore Cognetti e Piazza IV Novembre, nella carreggiata stradale che percorre la corrente di traffico che da via Salvatore Cognetti va verso Piazza IV Novembre. b) L’istituzione del restringimento di carreggiata su: i) via Salvatore Cognetti, nel tratto stradale compreso tra via Nicola de Giosa e Corso Cavour. ii) Corso Cavour, nel tratto stradale compreso tra via Salvatore Cognetti e Piazza IV Novembre, nella carreggiata stradale che percorre la corrente di traffico che da via Salvatore Cognetti va verso Piazza IV Novembre. c) L’istituzione del limite massimo di velocità pari a trenta chilometri orari a tutti i veicoli in avvicinamento alle aree interessate dai lavori. 2) Dagli obblighi e divieti di cui al punto 1) sono esclusi: i) i veicoli al servizio, ovvero di proprietà dell’impresa esecutrice dei lavori e sue subappaltatrici; ii) i veicoli delle forze dell’ordine, dei vigili del fuoco e delle ambulanze durante l’espletamento di servizi d’istituto e di soccorso pubblico e d’emergenza; <br><br>Durata e tempistiche: 28/07/2026 - 31/08/2026  ]]></description>
      <styleUrl>#icon-1541-E65100</styleUrl>
      <Point>
        <coordinates>
          16.872688,41.123207,0
        </coordinates>
      </Point>
    </Placemark>
    <Placemark>
      <name>ORDINANZA 2026/03988
RESTRINGIMENTO CARREGGIATA DIVIETO DI FERMATA
VIA SALVATORE COGNETTI TRA VIA NICOLA DE GIOSA E CORSO CAVOUR
CORSO CAVOUR TRA VIA SALVATORE COGNETTI E PIAZZA IV NOVEMBRE
LAVORI DI REALIZZAZIONE DI UN SISTEMA BRT PER LA CITTÀ DI BARI -
IMPRESA ESECUTRICE:R.T.I. COBAR S.P.A. - MER MEC STE S.R.L. 
01/09/2026 - 31/10/2026 
</name>
      <description><![CDATA[ORDINANZA 2026/03988<br>https://drive.google.com/file/d/1Lxnpv1gFZ2rPCjhpTvC8laN3_6AroijC/view<br> PROROGA DELL’ORDINANZA DIRIGENZIALE N. 2026/03703<br>LAVORI DI REALIZZAZIONE DI UN SISTEMA BRT PER LA CITTÀ DI BARI -<br>FINANZIATO DALLA UNIONE EUROPEA NEXT GENERATION EU -<br>TRASPORTO RAPIDO DI MASSA - MISURA M2C2 - INV 4.2 DEL PNRR - CUP:<br>J91B21002850001<br>REGOLAMENTAZIONE TEMPORANEA DELLA CIRCOLAZIONE STRADALE SU<br>VIA SALVATORE COGNETTI E CORSO CAVOUR<br>TERMINE E DURATA: DAL GIORNO 12/09/2026 AL 30/11<br>/2026 DALLE ORE 00 ALLE ORE 24.<br>ORDINANZA 2026/03703 <br><br>https://drive.google.com/file/d/1P9YSw2ES6Ycv_GCfUemkGEh9LTJOIhAd/view<br><br>LAVORI DI REALIZZAZIONE DI UN SISTEMA BRT PER LA CITTÀ DI BARI - FINANZIATO DALLA UNIONE EUROPEA NEXT GENERATION EU - TRASPORTO RAPIDO DI MASSA - MISURA M2C2 - INV 4.2 DEL PNRR - CUP: J91B21002850001 REGOLAMENTAZIONE TEMPORANEA DELLA CIRCOLAZIONE STRADALE SU VIA SALVATORE COGNETTI E CORSO CAVOUR FINO AL GIORNO 31.08.2026 IMPRESA ESECUTRICE: R.T.I. COBAR S.P.A. - MER MEC STE S.R.L. <br><br>a) L’istituzione del divieto di fermata, a tutti i veicoli, su: i) via Salvatore Cognetti, nel tratto stradale compreso tra via Nicola de Giosa e Corso Cavour. ii) Corso Cavour, nel tratto stradale compreso tra via Salvatore Cognetti e Piazza IV Novembre, nella carreggiata stradale che percorre la corrente di traffico che da via Salvatore Cognetti va verso Piazza IV Novembre. b) L’istituzione del restringimento di carreggiata su: i) via Salvatore Cognetti, nel tratto stradale compreso tra via Nicola de Giosa e Corso Cavour. ii) Corso Cavour, nel tratto stradale compreso tra via Salvatore Cognetti e Piazza IV Novembre, nella carreggiata stradale che percorre la corrente di traffico che da via Salvatore Cognetti va verso Piazza IV Novembre. c) L’istituzione del limite massimo di velocità pari a trenta chilometri orari a tutti i veicoli in avvicinamento alle aree interessate dai lavori. 2) Dagli obblighi e divieti di cui al punto 1) sono esclusi: i) i veicoli al servizio, ovvero di proprietà dell’impresa esecutrice dei lavori e sue subappaltatrici; ii) i veicoli delle forze dell’ordine, dei vigili del fuoco e delle ambulanze durante l’espletamento di servizi d’istituto e di soccorso pubblico e d’emergenza; <br><br>Durata e tempistiche: 28/07/2026 - 31/08/2026  ]]></description>
      <styleUrl>#line-E65100-3713</styleUrl>
      <LineString>
        <tessellate>1</tessellate>
        <coordinates>
          16.8723245,41.1257941,0
          16.8726464,41.1231635,0
          16.8735782,41.1232171,0
        </coordinates>
      </LineString>
    </Placemark>
    <Placemark>
      <name>ORDINANZA 2026/03721
RESTRINGIMENTO DI CARREGGIATA E DEL DIVIETO DI FERMATA
VIA SCIPIONE L’ AFRICANO 187H/189A
VIA DODARO 2/12
POSIZIONAMENTO RECINZIONE DI CANTIERE
RICHIEDENTE:SIG. GIORDANO FRANCESCO
03/08/2026 - 30/11/2026</name>
      <description><![CDATA[Ordinanza 2026/03721<br><br>https://drive.google.com/file/d/1dATVB5-GCwSWGXLPgS81osfmm4pcdQK0/view<br><br>ISTITUZIONE TEMPORANEA DEL RESTRINGIMENTO DI CARREGGIATA E<br>DEL DIVIETO DI FERMATA CON RIMOZIONE FORZATA PER TUTTI I VEICOLI<br>SU AMBO I LATI SU UN TRATTO DI VIA SCIPIONE L’ AFRICANO 187H/189A , E<br>VIA DODARO 2/12 PER<br>POSIZIONAMENTO RECINZIONE DI CANTIERE<br>RICHIEDENTE: SIG. GIORDANO FRANCESCO<br><br>Durata e tempistiche: 03/08/2026 - 30/11/2026]]></description>
      <styleUrl>#icon-1541-E65100</styleUrl>
      <Point>
        <coordinates>
          16.8652865,41.1108293,0
        </coordinates>
      </Point>
    </Placemark>
    <Placemark>
      <name>ORDINANZA 2026/03987
DIVIETO DI TRANSITO
VIA ANDREA DA BARI
DIVIETO DI FERMATA
VIA ANDREA DA BARI E VIA RAFFAELE DE CESARE
RESTRINGIMENTO CARREGGIATA
VIA RAFFAELE DE CESARE E PIAZZA ALDO MORO 53-57
LAVORI DI REALIZZAZIONE DI UN SISTEMA BRT PER LA CITTÀ DI BARI -
IMPRESA ESECUTRICE:R.T.I. COBAR S.P.A. - MER MEC STE S.R.L. 
01/09/2026 - 31/10/2026    
</name>
      <description><![CDATA[ORDINANZA 2026/03987<br>https://drive.google.com/file/d/18wakJw77baANwhF_5qdCaB4a1mKqBm1u/view<br>È prorogata l’Ordinanza Dirigenziale n. 2026/03730<br>1) Dall’esecutività del presente provvedimento fino al giorno 31.10.2026 sono istituiti i seguenti<br>provvedimenti temporanei di circolazione:<br>a) L’istituzione del divieto di transito su:<br>i) via Andrea da Bari<br>b) In deroga al divieto di transito di cui al punto precedente è consentito il transito di autobus e taxi, nella<br>direzione di marcia che va da Piazza Aldo Moro verso via Niccolò Piccinni;<br>c) L’istituzione del divieto di fermata a tutti i veicoli su:<br>i) via Andrea da Bari;<br>ii) via Raffaele de Cesare.<br>d) L’istituzione del restringimento di carreggiata su:<br>i) via Raffaele de Cesare;<br>ii) Piazza Aldo Moro, nel tratto stradale compreso tra il civ. 53 e 57.<br>e) L’istituzione del limite massimo di velocità pari a trenta chilometri orari a tutti i veicoli in avvicinamento alle aree<br>interessate dai lavori.<br><br>TERMINE E DURATA: DAL GIORNO 01/09/2026 AL 31/10/2026<br>Ordinanza 2026/03730<br><br>https://drive.google.com/file/d/1w3yxThOIs7sad9UnEXbcFl73hjdm4wzl/view<br><br>LAVORI DI REALIZZAZIONE DI UN SISTEMA BRT PER LA CITTÀ DI BARI -<br>FINANZIATO DALLA UNIONE EUROPEA NEXT GENERATION EU -<br>TRASPORTO RAPIDO DI MASSA - MISURA M2C2 - INV 4.2 DEL PNRR - CUP:<br>J91B21002850001<br>REGOLAMENTAZIONE TEMPORANEA DELLA CIRCOLAZIONE STRADALE SU<br>VIA ANDREA DA BARI, VIA RAFFAELE DE CESARE E PIAZZA ALDO MORO<br>IMPRESA ESECUTRICE: R.T.I. COBAR S.P.A. - MER MEC STE S.R.L.<br><br>Durata e tempistiche: 30/07/2026 - 31/08/2026]]></description>
      <styleUrl>#line-E65100-3519</styleUrl>
      <LineString>
        <tessellate>1</tessellate>
        <coordinates>
          16.868546,41.125924,0
          16.868611,41.125049,0
          16.8686861,41.1242085,0
          16.8687451,41.1234892,0
          16.8688685,41.1225274,0
          16.8692118,41.1191652,0
        </coordinates>
      </LineString>
    </Placemark>
    <Placemark>
      <name>ORDINANZA 2026/03987
DIVIETO DI TRANSITO
VIA ANDREA DA BARI
DIVIETO DI FERMATA
VIA ANDREA DA BARI E VIA RAFFAELE DE CESARE
RESTRINGIMENTO CARREGGIATA
VIA RAFFAELE DE CESARE E PIAZZA ALDO MORO 53-57
LAVORI DI REALIZZAZIONE DI UN SISTEMA BRT PER LA CITTÀ DI BARI -
IMPRESA ESECUTRICE:R.T.I. COBAR S.P.A. - MER MEC STE S.R.L. 
01/09/2026 - 31/10/2026    
</name>
      <description><![CDATA[ORDINANZA 2026/03987<br>https://drive.google.com/file/d/18wakJw77baANwhF_5qdCaB4a1mKqBm1u/view<br>È prorogata l’Ordinanza Dirigenziale n. 2026/03730<br>1) Dall’esecutività del presente provvedimento fino al giorno 31.10.2026 sono istituiti i seguenti<br>provvedimenti temporanei di circolazione:<br>a) L’istituzione del divieto di transito su:<br>i) via Andrea da Bari<br>b) In deroga al divieto di transito di cui al punto precedente è consentito il transito di autobus e taxi, nella<br>direzione di marcia che va da Piazza Aldo Moro verso via Niccolò Piccinni;<br>c) L’istituzione del divieto di fermata a tutti i veicoli su:<br>i) via Andrea da Bari;<br>ii) via Raffaele de Cesare.<br>d) L’istituzione del restringimento di carreggiata su:<br>i) via Raffaele de Cesare;<br>ii) Piazza Aldo Moro, nel tratto stradale compreso tra il civ. 53 e 57.<br>e) L’istituzione del limite massimo di velocità pari a trenta chilometri orari a tutti i veicoli in avvicinamento alle aree<br>interessate dai lavori.<br><br>TERMINE E DURATA: DAL GIORNO 01/09/2026 AL 31/10/2026<br>Ordinanza 2026/03730<br><br>https://drive.google.com/file/d/1w3yxThOIs7sad9UnEXbcFl73hjdm4wzl/view<br><br>LAVORI DI REALIZZAZIONE DI UN SISTEMA BRT PER LA CITTÀ DI BARI -<br>FINANZIATO DALLA UNIONE EUROPEA NEXT GENERATION EU -<br>TRASPORTO RAPIDO DI MASSA - MISURA M2C2 - INV 4.2 DEL PNRR - CUP:<br>J91B21002850001<br>REGOLAMENTAZIONE TEMPORANEA DELLA CIRCOLAZIONE STRADALE SU<br>VIA ANDREA DA BARI, VIA RAFFAELE DE CESARE E PIAZZA ALDO MORO<br>IMPRESA ESECUTRICE: R.T.I. COBAR S.P.A. - MER MEC STE S.R.L.<br><br>Durata e tempistiche: 30/07/2026 - 31/08/2026]]></description>
      <styleUrl>#icon-1541-E65100</styleUrl>
      <Point>
        <coordinates>
          16.8686278,41.1258612,0
        </coordinates>
      </Point>
    </Placemark>
    <Placemark>
      <name>ORDINANZA 2026/03963 
RESTRINGIMENTO DI CARREGGIATA E DIVIETO DI FERMATA
VIA MELO DA BARI TRA VIA PROSPERO PETRONI E VIA CADUTI DI VIA FANI
VIA CADUTI DI VIA FANI TRA VIA MELO DA BARI E PIAZZA ALDO MORO
LAVORI DI REALIZZAZIONE DI UN SISTEMA BRT PER LA CITTÀ DI BARI
IMPRESA ESECUTRICE: R.T.I. COBAR S.P.A. - MER MEC STE S.R.L.
01/09/2026 - 31/10/2026 
</name>
      <description><![CDATA[ORDINANZA 2026/03963 <br><br>https://drive.google.com/file/d/12gZP-l1EA1FDgBz6Tb5OTY2lJMJ4X1mQ/view<br><br>PROROGA DELL’ORDINANZA DIRIGENZIALE N. 2026/03821 LAVORI DI REALIZZAZIONE DI UN SISTEMA BRT PER LA CITTÀ DI BARI - FINANZIATO DALLA UNIONE EUROPEA NEXT GENERATION EU - TRASPORTO RAPIDO DI MASSA - MISURA M2C2 - INV 4.2 DEL PNRR - CUP: J91B21002850001 REGOLAMENTAZIONE TEMPORANEA DELLA CIRCOLAZIONE STRADALE SU VIA MELO DA BARI E VIA CADUTI DI VIA FANI FINO AL GIORNO 31.10.2026 IMPRESA ESECUTRICE: R.T.I. COBAR S.P.A. - MER MEC STE S.R.L. <br><br>Durata e tempistiche: 01/09/2026 - 31/10/2026 <br><br>ORDINANZA 2026/03821 <br>https://drive.google.com/file/d/1SrKYrHuOejYAXrRWwvHUpjJPtMSaGCgF/view<br><br>LAVORI DI REALIZZAZIONE DI UN SISTEMA BRT PER LA CITTÀ DI BARI - FINANZIATO DALLA UNIONE EUROPEA NEXT GENERATION EU - TRASPORTO RAPIDO DI MASSA - MISURA M2C2 - INV 4.2 DEL PNRR - CUP: J91B21002850001 REGOLAMENTAZIONE TEMPORANEA DELLA CIRCOLAZIONE STRADALE SU VIA MELO DA BARI E VIA CADUTI DI VIA FANI FINO AL GIORNO 31.08.2026 IMPRESA ESECUTRICE: R.T.I. COBAR S.P.A. - MER MEC STE S.R.L. <br><br>a) L’istituzione del restringimento di carreggiata su: i) Via Melo da Bari, nel tratto stradale compreso tra via Prospero Petroni e via Caduti di via Fani; ii) Via Caduti di via Fani, nel tratto stradale compreso tra via Melo da Bari e Piazza Aldo Moro. b) L’istituzione del divieto di fermata su: i) Via Melo da Bari, nel tratto stradale compreso tra via Prospero Petroni e via Caduti di via Fani; ii) Via Caduti di via Fani, nel tratto stradale compreso tra via Melo da Bari e Piazza Aldo Moro. c) L’istituzione del limite massimo di velocità pari a trenta chilometri orari a tutti i veicoli in avvicinamento alle aree interessate dai lavori. <br><br>Durata e tempistiche: 07/08/2026 - 31/08/2026<br><br>Ordinanza 2026/03732<br><br>https://drive.google.com/file/d/16ULutcCv6LY9VSR2HrrlpIpQBmTUC6jy/view<br><br>LAVORI DI REALIZZAZIONE DI UN SISTEMA BRT PER LA CITTÀ DI BARI -<br>FINANZIATO DALLA UNIONE EUROPEA NEXT GENERATION EU -<br>TRASPORTO RAPIDO DI MASSA - MISURA M2C2 - INV 4.2 DEL PNRR - CUP:<br>J91B21002850001<br>REGOLAMENTAZIONE TEMPORANEA DELLA CIRCOLAZIONE STRADALE SU<br>VIA MELO DA BARI E VIA CADUTI DI VIA FANI <br>IMPRESA ESECUTRICE: R.T.I. COBAR S.P.A. - MER MEC STE S.R.L.<br><br>Durata e Tempistiche: 31/07/2026 - 06/08/2026]]></description>
      <styleUrl>#icon-1541-E65100</styleUrl>
      <Point>
        <coordinates>
          16.8718514,41.1199441,0
        </coordinates>
      </Point>
    </Placemark>
    <Placemark>
      <name>ORDINANZA 2026/03963 
RESTRINGIMENTO DI CARREGGIATA E DIVIETO DI FERMATA
VIA MELO DA BARI TRA VIA PROSPERO PETRONI E VIA CADUTI DI VIA FANI
VIA CADUTI DI VIA FANI TRA VIA MELO DA BARI E PIAZZA ALDO MORO
LAVORI DI REALIZZAZIONE DI UN SISTEMA BRT PER LA CITTÀ DI BARI
IMPRESA ESECUTRICE: R.T.I. COBAR S.P.A. - MER MEC STE S.R.L.
01/09/2026 - 31/10/2026
</name>
      <description><![CDATA[ORDINANZA 2026/03963 <br><br>https://drive.google.com/file/d/12gZP-l1EA1FDgBz6Tb5OTY2lJMJ4X1mQ/view<br><br>PROROGA DELL’ORDINANZA DIRIGENZIALE N. 2026/03821 LAVORI DI REALIZZAZIONE DI UN SISTEMA BRT PER LA CITTÀ DI BARI - FINANZIATO DALLA UNIONE EUROPEA NEXT GENERATION EU - TRASPORTO RAPIDO DI MASSA - MISURA M2C2 - INV 4.2 DEL PNRR - CUP: J91B21002850001 REGOLAMENTAZIONE TEMPORANEA DELLA CIRCOLAZIONE STRADALE SU VIA MELO DA BARI E VIA CADUTI DI VIA FANI FINO AL GIORNO 31.10.2026 IMPRESA ESECUTRICE: R.T.I. COBAR S.P.A. - MER MEC STE S.R.L. <br><br>Durata e tempistiche: 01/09/2026 - 31/10/2026 <br><br>ORDINANZA 2026/03821 <br>https://drive.google.com/file/d/1SrKYrHuOejYAXrRWwvHUpjJPtMSaGCgF/view<br><br>LAVORI DI REALIZZAZIONE DI UN SISTEMA BRT PER LA CITTÀ DI BARI - FINANZIATO DALLA UNIONE EUROPEA NEXT GENERATION EU - TRASPORTO RAPIDO DI MASSA - MISURA M2C2 - INV 4.2 DEL PNRR - CUP: J91B21002850001 REGOLAMENTAZIONE TEMPORANEA DELLA CIRCOLAZIONE STRADALE SU VIA MELO DA BARI E VIA CADUTI DI VIA FANI FINO AL GIORNO 31.08.2026 IMPRESA ESECUTRICE: R.T.I. COBAR S.P.A. - MER MEC STE S.R.L. <br><br>a) L’istituzione del restringimento di carreggiata su: i) Via Melo da Bari, nel tratto stradale compreso tra via Prospero Petroni e via Caduti di via Fani; ii) Via Caduti di via Fani, nel tratto stradale compreso tra via Melo da Bari e Piazza Aldo Moro. b) L’istituzione del divieto di fermata su: i) Via Melo da Bari, nel tratto stradale compreso tra via Prospero Petroni e via Caduti di via Fani; ii) Via Caduti di via Fani, nel tratto stradale compreso tra via Melo da Bari e Piazza Aldo Moro. c) L’istituzione del limite massimo di velocità pari a trenta chilometri orari a tutti i veicoli in avvicinamento alle aree interessate dai lavori. <br><br>Durata e tempistiche: 07/08/2026 - 31/08/2026<br><br>Ordinanza 2026/03732<br><br>https://drive.google.com/file/d/16ULutcCv6LY9VSR2HrrlpIpQBmTUC6jy/view<br><br>LAVORI DI REALIZZAZIONE DI UN SISTEMA BRT PER LA CITTÀ DI BARI -<br>FINANZIATO DALLA UNIONE EUROPEA NEXT GENERATION EU -<br>TRASPORTO RAPIDO DI MASSA - MISURA M2C2 - INV 4.2 DEL PNRR - CUP:<br>J91B21002850001<br>REGOLAMENTAZIONE TEMPORANEA DELLA CIRCOLAZIONE STRADALE SU<br>VIA MELO DA BARI E VIA CADUTI DI VIA FANI <br>IMPRESA ESECUTRICE: R.T.I. COBAR S.P.A. - MER MEC STE S.R.L.<br><br>Durata e Tempistiche: 31/07/2026 - 06/08/2026]]></description>
      <styleUrl>#line-E65100-4488</styleUrl>
      <LineString>
        <tessellate>1</tessellate>
        <coordinates>
          16.871736,41.11996,0
          16.871863,41.118269,0
          16.8710416,41.1182261,0
        </coordinates>
      </LineString>
    </Placemark>
    <Placemark>
      <name>ORDINANZA 2026/03968 
RESTRINGIMENTO CARREGGIATA E DIVIETO DI FERMATA 
VIALE PAPA GIOVANNI XXIII TRA VIALE ORAZIO FLACCO E VIA GIULIO PETRONI
LAVORI DI REALIZZAZIONE DI UN SISTEMA BRT PER LA CITTÀ DI BARI 
IMPRESA ESECUTRICE:R.T.I. COBAR S.P.A. - MER MEC STE S.R.L.
 01/09/2026 - 31/10/2026 
</name>
      <description><![CDATA[ORDINANZA 2026/03968 <br><br>https://drive.google.com/file/d/1MQkY14fGFabNW0oxaSv-1R3V6mQwiYkg/view<br><br>PROROGA DELL’ORDINANZA DIRIGENZIALE N. 2026/03759 LAVORI DI REALIZZAZIONE DI UN SISTEMA BRT PER LA CITTÀ DI BARI - FINANZIATO DALLA UNIONE EUROPEA NEXT GENERATION EU - TRASPORTO RAPIDO DI MASSA - MISURA M2C2 - INV 4.2 DEL PNRR - CUP: J91B21002850001 REGOLAMENTAZIONE TEMPORANEA DELLA CIRCOLAZIONE STRADALE SU CORSO BENEDETTO CROCE FINO AL GIORNO 31.10.2026 IMPRESA ESECUTRICE: R.T.I. COBAR S.P.A. - MER MEC STE S.R.L. <br><br>Durata e tempistiche: 01/09/2026 - 31/10/2026 <br><br>ORDINANZA 2026/03759<br><br>https://drive.google.com/file/d/1ytsKDLnU-k-fVLT4jylIXIwzT5LxT-sM/view<br>a) L’istituzione del divieto di transito, eccetto frontisti, su:<br>i) corso Benedetto Croce.<br>b) L’istituzione del divieto di fermata a tutti i veicoli su:<br>i) corso Benedetto Croce, ambo i lati.<br>c) L’istituzione del senso unico alternato riservato ai frontisti, gestito da movieri su:<br>i) corso Benedetto Croce;<br>d) L’istituzione del limite massimo di velocità pari a trenta chilometri orari a tutti i veicoli in avvicinamento alle aree<br>interessate dai lavori.<br>2) Dagli obblighi e divieti di cui al punto 1) sono esclusi:<br>i) i veicoli al servizio, ovvero di proprietà dell’impresa esecutrice dei lavori e sue subappaltatrici;<br>ii) i veicoli delle forze dell’ordine, dei vigili del fuoco e delle ambulanze durante l’espletamento di servizi<br>d’istituto e di soccorso pubblico e d’emergenza;<br>TERMINE E DURATA: dal 03.08.2026 AL GIORNO 31.08.2026]]></description>
      <styleUrl>#icon-1541-E65100</styleUrl>
      <Point>
        <coordinates>
          16.872051,41.110949,0
        </coordinates>
      </Point>
    </Placemark>
    <Placemark>
      <name>ORDINANZA 2026/03774
DIVIETO DI SOSTA AMBO I ALTI SENSO UNICO ALTERNATO 
RESTRINGIMENTO CARREGGIATA E ALL’OCCORRENZA DIVIETO DI
TRANSITO
VIA PANTALEO CARABELLESE
VIA COLONELLO LORENZO D’AVANZO LAVORI DI SCAVI PER
SOSTITUZIONE E POSA DELLE NUOVE CONDOTTE IN GHISA
IMPRESA ESECUTRICE:ACCIONA AGUA S.A
17/08/2026 - 30/09/2026 </name>
      <description><![CDATA[ORDINANZA 2026/03774<br><br>https://drive.google.com/file/d/1Pixj9nrPHPNxW87cI_tX7Q5iWUvWNx2x/view<br>Istituzione temporanea del<br>divieto di sosta ambo i alti, senso unico alternato nonché restringimento carreggiata e all’occorrenza<br>divieto di transito su .<br>VIA PANTALEO CARABELLESE (da intersezione con Via Colonello Lorenzo D’Avanzo a intersezione con Via<br>Giuseppe Papalia)<br>2) VIA COLONELLO LORENZO D’AVANZO (da intersezione con Via Pantaleo Carabellese a intersezione con<br>Via Lorenzo D’Avanzo<br>3. Tutti i provvedimenti in contrasto con la presente sono momentaneamente e provvisoriamente sospesi e<br>divengono nuovamente efficaci all’esaurimento dei termini previsti dal presente disposto;<br>TERMINE E DURATA: DAL 17/08/2026 SINO AL 30/09/2026 DALLE ORE 00 ALLE ORE 24.]]></description>
      <styleUrl>#line-E65100-5069</styleUrl>
      <LineString>
        <tessellate>1</tessellate>
        <coordinates>
          16.905945,41.1058267,0
          16.9055749,41.10518,0
          16.9080425,41.1042503,0
        </coordinates>
      </LineString>
    </Placemark>
    <Placemark>
      <name>ORDINANZA 2026/03774
DIVIETO DI SOSTA AMBO I ALTI SENSO UNICO ALTERNATO 
RESTRINGIMENTO CARREGGIATA E ALL’OCCORRENZA DIVIETO DI
TRANSITO 
VIA PANTALEO CARABELLESE 
VIA COLONELLO LORENZO D’AVANZO LAVORI DI SCAVI PER
SOSTITUZIONE E POSA DELLE NUOVE CONDOTTE IN GHISA
IMPRESA ESECUTRICE:ACCIONA AGUA S.A
17/08/2026 - 30/09/2026 </name>
      <description><![CDATA[ORDINANZA 2026/03774<br><br>https://drive.google.com/file/d/1Pixj9nrPHPNxW87cI_tX7Q5iWUvWNx2x/view<br>Istituzione temporanea del<br>divieto di sosta ambo i alti, senso unico alternato nonché restringimento carreggiata e all’occorrenza<br>divieto di transito su .<br>VIA PANTALEO CARABELLESE (da intersezione con Via Colonello Lorenzo D’Avanzo a intersezione con Via<br>Giuseppe Papalia)<br>2) VIA COLONELLO LORENZO D’AVANZO (da intersezione con Via Pantaleo Carabellese a intersezione con<br>Via Lorenzo D’Avanzo<br>3. Tutti i provvedimenti in contrasto con la presente sono momentaneamente e provvisoriamente sospesi e<br>divengono nuovamente efficaci all’esaurimento dei termini previsti dal presente disposto;<br>TERMINE E DURATA: DAL 17/08/2026 SINO AL 30/09/2026 DALLE ORE 00 ALLE ORE 24.]]></description>
      <styleUrl>#icon-1541-E65100</styleUrl>
      <Point>
        <coordinates>
          16.9057626,41.1052366,0
        </coordinates>
      </Point>
    </Placemark>
    <Placemark>
      <name><![CDATA[ORDINANZA 2026/03775
DIVIETO DI SOSTA AMBO I LATI
 VIA LUIGI MILELLA DA VIALE
SALANDRA FINO AL CIVICO 4 E DA INTERSEZIONE CON VIALE SALANDRA
FINO AL CIVICO 11/B
LAVORI DI SCAVO PER POSA IMPIANTI
IMPRESA ESECUTRICE: PATANO IMPIANTI & COSTRUZIONI S.R.L.
ORDINANZA 2026/03775
01/09/2026 - 30/09/2026 
 07:00 - 18:00.
]]></name>
      <description><![CDATA[ORDINANZA 2026/03775<br><br>https://drive.google.com/file/d/1fs5HEGXoVxiPttsUtZBEcOqKgDe1SuFE/view<br>1. dal giorno 01/09/2026 al 30/09/2026 dalle ore 07:00 alle ore 18:00<br>Istituire temporaneamente un restringimento carreggiata, divieto di sosta ambo i lati su :<br>- Via Luigi Milella: da intersezione con Viale Salandra fino al civico 4 e da intersezione con<br>Viale Salandra fino al civico 11/B.<br>Tutti i provvedimenti in contrasto con la presente sono momentaneamente e provvisoriamente sospesi e<br>divengono nuovamente efficaci all’esaurimento dei termini previsti dal presente disposto;<br>TERMINE E DURATA: DAL GIORNO 01/09/2026 AL 30/09/2026 DALLE ORE 07:00 ALLE<br>ORE 18:00.]]></description>
      <styleUrl>#icon-1541-E65100</styleUrl>
      <Point>
        <coordinates>
          16.8635813,41.1136632,0
        </coordinates>
      </Point>
    </Placemark>
    <Placemark>
      <name><![CDATA[ORDINANZA 2026/03778
RESTRINGIMENTO CARREGGIATA E DIVIETO DI SOSTA AMBO I LATI 
VIA NICOLAI DAL CIV.326 AD ANGOLO VIA
SAGARRIGA VISCONTI
VIA SAGARRIGA VISCONTI DAL CIV. 219 AD ANGOLO VIA NICOLAI; DA ANGOLO VIA SAGARRIGA VISCONTI AD ANGOLO
SOTTOVIA QUINTINO SELLA DI CORSO ITALIA
PER LAVORI DI SCAVO PER
POSA IMPIANTI
IMPRESA ESECUTRICE:PATANO IMPIANTI & COSTRUZIONI S.R.L.
 03/08/2026 - 31/12/2026
07:30 - 18:30]]></name>
      <description><![CDATA[ORDINANZA 2026/03778<br><br>https://drive.google.com/file/d/1rhnx3tnKdMCP956Efd4WunLUEQpXAIp5/view<br>. Istituire temporaneamente un restringimento carreggiata, divieto di sosta ambo i lati su :<br>- Via Nicolai dal civ.326 Ad Angolo Via Sagarriga Visconti;<br>- Via Sagarriga Visconti dal civ. 219 Ad Angolo Via Nicolai;<br>- Da Angolo Via Sagarriga Visconti Ad Angolo Sottovia Quintino Sella di Corso Italia;<br>Tutti i provvedimenti in contrasto con la presente sono momentaneamente e provvisoriamente sospesi e<br>divengono nuovamente efficaci all’esaurimento dei termini previsti dal presente disposto;<br>TERMINE E DURATA: DAL GIORNO 03/08/2026 31.12.2026 DALLE ORE 07:30 ALLE<br>ORE 18:30.]]></description>
      <styleUrl>#line-E65100-2938</styleUrl>
      <LineString>
        <tessellate>1</tessellate>
        <coordinates>
          16.852174,41.120307,0
          16.864463,41.121064,0
        </coordinates>
      </LineString>
    </Placemark>
    <Placemark>
      <name><![CDATA[ORDINANZA 2026/03778
RESTRINGIMENTO CARREGGIATA E DIVIETO DI SOSTA AMBO I LATI 
 VIA NICOLAI DAL CIV.326 AD ANGOLO VIA
SAGARRIGA VISCONTI
VIA SAGARRIGA VISCONTI DAL CIV. 219 AD ANGOLO VIA NICOLAI; DA ANGOLO VIA SAGARRIGA VISCONTI AD ANGOLO
SOTTOVIA QUINTINO SELLA DI CORSO ITALIA 
PER LAVORI DI SCAVO PER
POSA IMPIANTI
IMPRESA ESECUTRICE:PATANO IMPIANTI & COSTRUZIONI S.R.L.
 03/08/2026  - 31/12/2026 
07:30 - 18:30.
]]></name>
      <description><![CDATA[ORDINANZA 2026/03778<br><br>https://drive.google.com/file/d/1rhnx3tnKdMCP956Efd4WunLUEQpXAIp5/view<br>. Istituire temporaneamente un restringimento carreggiata, divieto di sosta ambo i lati su :<br>- Via Nicolai dal civ.326 Ad Angolo Via Sagarriga Visconti;<br>- Via Sagarriga Visconti dal civ. 219 Ad Angolo Via Nicolai;<br>- Da Angolo Via Sagarriga Visconti Ad Angolo Sottovia Quintino Sella di Corso Italia;<br>Tutti i provvedimenti in contrasto con la presente sono momentaneamente e provvisoriamente sospesi e<br>divengono nuovamente efficaci all’esaurimento dei termini previsti dal presente disposto;<br>TERMINE E DURATA: DAL GIORNO 03/08/2026 31.12.2026 DALLE ORE 07:30 ALLE<br>ORE 18:30.]]></description>
      <styleUrl>#icon-1541-E65100</styleUrl>
      <Point>
        <coordinates>
          16.8522803,41.1203058,0
        </coordinates>
      </Point>
    </Placemark>
    <Placemark>
      <name>ORDINANZA 2026/03771
DIVIETO DI SOSTA AMBO I LATI DELLA E RESTRINGIMENTO
CARREGGIATA 
VIA CALDAROLA: DAL CIVICO 24 AL CIVICO 14/M
LAVORI DI SCAVO PER LA POSA CAVI
IMPRESA ESECUTRICE:  DMF COSTRUZIONI S.R.L.
03/08/2026 - 30/09/2026

</name>
      <description><![CDATA[ORDINANZA 2026/03771<br><br>https://drive.google.com/file/d/1DqWoT2aNxrc_-kf9oDJduIOHFqU6PCuj/view<br>L’istituzione temporanea del divieto di sosta ambo i lati della carreggiata con restringimento<br>carreggiata su :<br>2. Via Caldarola: Dal civico 24 al civico 14/M<br>3. Al fine della sicurezza pedonale e veicolare, verranno utilizzati i movieri per la gestione della mobilità e<br>l’utilizzo di transenne metalliche modulari (di dimensioni 3,00 x 2,00) per la delimitazione diurna e<br>notturna del cantiere;<br>3. Tutti i provvedimenti in contrasto con la presente sono momentaneamente e provvisoriamente sospesi e<br>divengono nuovamente efficaci all’esaurimento dei termini previsti dal presente disposto;<br>TERMINE E DURATA: dal 03.08.2026 AL GIORNO 30.09.2026]]></description>
      <styleUrl>#icon-1541-E65100</styleUrl>
      <Point>
        <coordinates>
          16.8875304,41.113041,0
        </coordinates>
      </Point>
    </Placemark>
    <Placemark>
      <name><![CDATA[ORDINANZA 2026/03775
DIVIETO DI SOSTA AMBO I LATI
VIA LUIGI MILELLA DA VIALE
SALANDRA FINO AL CIVICO 4 E DA INTERSEZIONE CON VIALE SALANDRA
FINO AL CIVICO 11/B
LAVORI DI SCAVO PER POSA IMPIANTI
IMPRESA ESECUTRICE: PATANO IMPIANTI & COSTRUZIONI S.R.L.
ORDINANZA 2026/03775
01/09/2026 - 30/09/2026 
07:00 - 18:00]]></name>
      <description><![CDATA[ORDINANZA 2026/03775<br><br>https://drive.google.com/file/d/1fs5HEGXoVxiPttsUtZBEcOqKgDe1SuFE/view<br>1. dal giorno 01/09/2026 al 30/09/2026 dalle ore 07:00 alle ore 18:00<br>Istituire temporaneamente un restringimento carreggiata, divieto di sosta ambo i lati su :<br>- Via Luigi Milella: da intersezione con Viale Salandra fino al civico 4 e da intersezione con<br>Viale Salandra fino al civico 11/B.<br>Tutti i provvedimenti in contrasto con la presente sono momentaneamente e provvisoriamente sospesi e<br>divengono nuovamente efficaci all’esaurimento dei termini previsti dal presente disposto;<br>TERMINE E DURATA: DAL GIORNO 01/09/2026 AL 30/09/2026 DALLE ORE 07:00 ALLE<br>ORE 18:00.]]></description>
      <styleUrl>#line-E65100-1200</styleUrl>
      <LineString>
        <tessellate>1</tessellate>
        <coordinates>
          16.8636057,41.1136262,0
          16.8642736,41.1133595,0
        </coordinates>
      </LineString>
    </Placemark>
    <Placemark>
      <name>ORDINANZA 2026/03779
LIMITAZIONI TEMPORANEE ALLA SOSTA VEICOLARE CON RIMOZIONE
FORZATA SU ENTRAMBI I LATI E RESTRINGIMENTO DI CARREGGIATA
IN VIA DANTE TRA VIA SPARANO E C.SO CAVOUR
VIA MELO TRA VIA DANTE E VIA PUTIGNANI 
C.SO CAVOUR TRA VIA DANTE E VIA IMBRIANI
VIA IMBRIANI TRATTO COMPRESO TRA C.SO CAVOUR E VIA G. DI CROLLALANZA
P.ZZA DIAZ TRA VIA IMBRIANI E LUNGOM. A. DI CROLLALANZA.
POSA CAVI INTERRATI MT
IMPRESA ESECUTRIC:SITE SPA PER CONTO DI E-DISTRIBUZIONE
03/08/2026 - 31/10/2026 07:00-19:00</name>
      <description><![CDATA[ORDINANZA 2026/03779<br>PROROGA ORDINANZA 2026/01621<br>https://drive.google.com/file/d/1H-li3EG1ouc6AXeuvtkvGqaANdBKNZpp/view<br><br>ORDINANZA 2026/01621<br><br>https://drive.google.com/file/d/13MH6m3euA2TGXIiWWvpdbr7jTMVfdcym/view<br><br>LIMITAZIONI TEMPORANEE ALLA SOSTA VEICOLARE CON RIMOZIONE<br>FORZATA SU ENTRAMBI I LATI E RESTRINGIMENTO DI CARREGGIATA<br>FINALIZZATE AI LAVORI DI SCAVO E POSA CAVI INTERRATI MT – PNRR<br>IN VIA DANTE TRATTO COMPRESO TRA VIA SPARANO E C.SO<br>CAVOUR,VIA MELO TRATTO COMPRESO TRA VIA DANTE E VIA PUTIGNANI<br>,C.SO CAVOUR TRATTO COMPRESO TRA VIA DANTE E VIA IMBRIANI,VIA<br>IMBRIANI TRATTO COMPRESO TRA C.SO CAVOUR E VIA G. DI<br>CROLLALANZA,P.ZZA DIAZ TRATTO COMPRESO TRA VIA IMBRIANI E<br>LUNGOM. A. DI CROLLALANZA.<br>RICHIEDENTE: SITE SPA PER CONTO DI E-DISTRIBUZIONE<br><br>Durata e Tempistiche:13/04/2026 - 31/07/2026 DALLE ORE 7.00 ALLE ORE 19.00]]></description>
      <styleUrl>#line-E65100-5456</styleUrl>
      <LineString>
        <tessellate>1</tessellate>
        <coordinates>
          16.879664,41.1222213,0
          16.8794601,41.1219142,0
          16.877604,41.1226497,0
          16.8774656,41.1225244,0
          16.8714992,41.1221517,0
          16.8713271,41.1234372,0
          16.8712829,41.1234292,0
          16.8714612,41.1221482,0
          16.8696534,41.1220471,0
        </coordinates>
      </LineString>
    </Placemark>
    <Placemark>
      <name>ORDINANZA 2026/03779
LIMITAZIONI TEMPORANEE ALLA SOSTA VEICOLARE CON RIMOZIONE
FORZATA SU ENTRAMBI I LATI E RESTRINGIMENTO DI CARREGGIATA
IN VIA DANTE TRA VIA SPARANO E C.SO CAVOUR
VIA MELO TRA VIA DANTE E VIA PUTIGNANI
C.SO CAVOUR TRA VIA DANTE E VIA IMBRIANI
VIA IMBRIANI TRATTO COMPRESO TRA C.SO CAVOUR E VIA G. DI CROLLALANZA
P.ZZA DIAZ TRA VIA IMBRIANI E LUNGOM. A. DI CROLLALANZA.
POSA CAVI INTERRATI MT
IMPRESA ESECUTRIC:SITE SPA PER CONTO DI E-DISTRIBUZIONE
03/08/2026 - 31/10/2026 07:00-19:00</name>
      <description><![CDATA[ORDINANZA 2026/03779<br>PROROGA ORDINANZA 2026/01621<br>https://drive.google.com/file/d/1H-li3EG1ouc6AXeuvtkvGqaANdBKNZpp/view<br><br>ORDINANZA 2026/01621<br><br>https://drive.google.com/file/d/13MH6m3euA2TGXIiWWvpdbr7jTMVfdcym/view<br><br>LIMITAZIONI TEMPORANEE ALLA SOSTA VEICOLARE CON RIMOZIONE<br>FORZATA SU ENTRAMBI I LATI E RESTRINGIMENTO DI CARREGGIATA<br>FINALIZZATE AI LAVORI DI SCAVO E POSA CAVI INTERRATI MT – PNRR<br>IN VIA DANTE TRATTO COMPRESO TRA VIA SPARANO E C.SO<br>CAVOUR,VIA MELO TRATTO COMPRESO TRA VIA DANTE E VIA PUTIGNANI<br>,C.SO CAVOUR TRATTO COMPRESO TRA VIA DANTE E VIA IMBRIANI,VIA<br>IMBRIANI TRATTO COMPRESO TRA C.SO CAVOUR E VIA G. DI<br>CROLLALANZA,P.ZZA DIAZ TRATTO COMPRESO TRA VIA IMBRIANI E<br>LUNGOM. A. DI CROLLALANZA.<br>RICHIEDENTE: SITE SPA PER CONTO DI E-DISTRIBUZIONE<br><br>Durata e Tempistiche:13/04/2026 - 31/07/2026 DALLE ORE 7.00 ALLE ORE 19.00]]></description>
      <styleUrl>#icon-1541-E65100</styleUrl>
      <Point>
        <coordinates>
          16.8713597,41.1224245,0
        </coordinates>
      </Point>
    </Placemark>
    <Placemark>
      <name><![CDATA[ORDINANZA 2026/03778
RESTRINGIMENTO CARREGGIATA E DIVIETO DI SOSTA AMBO I LATI
VIA NICOLAI DAL CIV.326 AD ANGOLO VIA
SAGARRIGA VISCONTI
VIA SAGARRIGA VISCONTI DAL CIV. 219 AD ANGOLO VIA NICOLAI; DA ANGOLO VIA SAGARRIGA VISCONTI AD ANGOLO
SOTTOVIA QUINTINO SELLA DI CORSO ITALIA
PER LAVORI DI SCAVO PER
POSA IMPIANTI
IMPRESA ESECUTRICE:PATANO IMPIANTI & COSTRUZIONI S.R.L.
03/08/2026 - 31/12/2026
07:30 - 18:30]]></name>
      <description><![CDATA[ORDINANZA 2026/03778<br><br>https://drive.google.com/file/d/1rhnx3tnKdMCP956Efd4WunLUEQpXAIp5/view<br>. Istituire temporaneamente un restringimento carreggiata, divieto di sosta ambo i lati su :<br>- Via Nicolai dal civ.326 Ad Angolo Via Sagarriga Visconti;<br>- Via Sagarriga Visconti dal civ. 219 Ad Angolo Via Nicolai;<br>- Da Angolo Via Sagarriga Visconti Ad Angolo Sottovia Quintino Sella di Corso Italia;<br>Tutti i provvedimenti in contrasto con la presente sono momentaneamente e provvisoriamente sospesi e<br>divengono nuovamente efficaci all’esaurimento dei termini previsti dal presente disposto;<br>TERMINE E DURATA: DAL GIORNO 03/08/2026 31.12.2026 DALLE ORE 07:30 ALLE<br>ORE 18:30.]]></description>
      <styleUrl>#line-E65100-4681</styleUrl>
      <LineString>
        <tessellate>1</tessellate>
        <coordinates>
          16.8633734,41.1209464,0
          16.8635629,41.1182873,0
          16.8647038,41.1183802,0
        </coordinates>
      </LineString>
    </Placemark>
    <Placemark>
      <name>ORDINANZA 2026/04289 
DIVIETO DI TRANSITO ECCETTO FRONTISTI, DIVIETO DI SOSTA CON RIMOZIONE FORZATA AMBO I LATI
VIA MAGNA GRECIA TRA VIA CALDAROLA E VIA PADRE PIO
REALIZZAZIONE DELLA VARIANTE DI TRACCIATO DELLA LINEA FERROVIARIA BARI – LECCE NEL TRATTO COMPRESO TRA BARI CENTRALE E BARI TORRE A MARE
RICHIEDENTE: D’AGOSTINO COSTRUZIONI GENERALI 
16/09/2026 - 16/09/2027
</name>
      <description><![CDATA[2026/04289<br><br>EMESSA NUOVA ORDINANZA CON NUOVE DATE: 16/09/2026 - 16/09/2027<br>https://drive.google.com/file/d/1Ffwwt5pb9RcHGPfJhw7K3FEFxq6QoPpN/view<br><br>ORDINANZA 2026/03789 <br><br>https://drive.google.com/file/d/14q3UJT9W1zYk0K2x14KBvygQY7gWV0mX/view<br><br>ISTITUZIONE TEMPORANEA DEL DIVIETO DI TRANSITO ECCETTO FRONTISTI E DIVIETO DI SOSTA CON RIMOZIONE FORZATA AMBO I LATI SU VIA MAGNA GRECIA NEL TRATTO TRA VIA CALDAROLA E VIA PADRE PIO, DALLA DATA DI EMANAZIONE DELLA PRESENTE ORDINANZA E PER 365 GIORNI NATURALI E CONSECUTIVI, PER LA REALIZZAZIONE DELLA VARIANTE DI TRACCIATO DELLA LINEA FERROVIARIA BARI – LECCE NEL TRATTO COMPRESO TRA BARI CENTRALE E BARI TORRE A MARE RICHIEDENTE: D’AGOSTINO COSTRUZIONI GENERALI <br><br>Durata e tempistiche: 04/08/2026 - 04/08/2027 ]]></description>
      <styleUrl>#icon-1541-E65100</styleUrl>
      <Point>
        <coordinates>
          16.890517,41.109957,0
        </coordinates>
      </Point>
    </Placemark>
    <Placemark>
      <name>ORDINANZA 2026/04288 
DIVIETO DI TRANSITO ECCETTO FRONTISTI, DIVIETO DI SOSTA CON RIMOZIONE FORZATA AMBO I LATI 
STRADA PEZZE DEL SOLE TRA VIA GIOVANNI AMENDOLA E VIA GIORGIO LA PIRA , VIA GIORGIO LA PIRA TRA STRADA PEZZE DEL SOLE 
VIA APPULO GUGLIELMO
VIA TRE PILE TRA LA ROTATORIA RAFASCHIERI E STRADA FRATTASIO
REALIZZAZIONE DELLA VARIANTE DI TRACCIATO DELLA LINEA FERROVIARIA BARI – LECCE NEL TRATTO COMPRESO TRA BARI CENTRALE E BARI TORRE A MARE
RICHIEDENTE: D’AGOSTINO COSTRUZIONI GENERALI 
16/09/2026 - 16/09/2027
</name>
      <description><![CDATA[VARIAZIONE DATE: 16/09/2026 - 16/09/2027<br>2026/04288<br>https://drive.google.com/file/d/19zXJnG0xskezWXRmUCaC6vI3aGGf-Qx1/view<br><br>ORDINANZA 2026/03788 <br><br>https://drive.google.com/file/d/1WN5e8QK08am_TsZ4Pvq8rXpTEyoHVk8-/view<br><br>ISTITUZIONE TEMPORANEA DEL DIVIETO DI TRANSITO ECCETTO FRONTISTI E DIVIETO DI SOSTA CON RIMOZIONE FORZATA AMBO I LATI SU STRADA PEZZE DEL SOLE NEL TRATTO TRA VIA GIOVANNI AMENDOLA E VIA GIORGIO LA PIRA , VIA GIORGIO LA PIRA NEL TRATTO TRA STRADA PEZZE DEL SOLE E VIA APPULO GUGLIELMO, E VIA TRE PILE NEL TRATTO COMPRESO TRA LA ROATORIA RAFASCHIERI E STRADA FRATTASIO DAL GIORNO 11.9.2026 E PER 365 GIORNI, PER LA REALIZZAZIONE DELLA VARIANTE DI TRACCIATO DELLA LINEA FERROVIARIA BARI – LECCE NEL TRATTO COMPRESO TRA BARI CENTRALE E BARI TORRE A MARE RICHIEDENTE: D’AGOSTINO COSTRUZIONI GENERA <br><br>Durata e tempistiche: 04/08/2026 - 04/08/2027   ]]></description>
      <styleUrl>#icon-1541-E65100</styleUrl>
      <Point>
        <coordinates>
          16.895058,41.0971309,0
        </coordinates>
      </Point>
    </Placemark>
    <Placemark>
      <name>ORDINANZA 2026/04288 
DIVIETO DI TRANSITO ECCETTO FRONTISTI, DIVIETO DI SOSTA CON RIMOZIONE FORZATA AMBO I LATI 
STRADA PEZZE DEL SOLE TRA VIA GIOVANNI AMENDOLA E VIA GIORGIO LA PIRA , VIA GIORGIO LA PIRA TRA STRADA PEZZE DEL SOLE 
VIA APPULO GUGLIELMO
VIA TRE PILE TRA LA ROTATORIA RAFASCHIERI E STRADA FRATTASIO
REALIZZAZIONE DELLA VARIANTE DI TRACCIATO DELLA LINEA FERROVIARIA BARI – LECCE NEL TRATTO COMPRESO TRA BARI CENTRALE E BARI TORRE A MARE
RICHIEDENTE: D’AGOSTINO COSTRUZIONI GENERALI 
16/09/2026 - 16/09/2027
</name>
      <description><![CDATA[VARIAZIONE DATE: 16/09/2026 - 16/09/2027<br>2026/04288<br>https://drive.google.com/file/d/19zXJnG0xskezWXRmUCaC6vI3aGGf-Qx1/view<br><br>ORDINANZA 2026/03788 <br><br>https://drive.google.com/file/d/1WN5e8QK08am_TsZ4Pvq8rXpTEyoHVk8-/view<br><br>ISTITUZIONE TEMPORANEA DEL DIVIETO DI TRANSITO ECCETTO FRONTISTI E DIVIETO DI SOSTA CON RIMOZIONE FORZATA AMBO I LATI SU STRADA PEZZE DEL SOLE NEL TRATTO TRA VIA GIOVANNI AMENDOLA E VIA GIORGIO LA PIRA , VIA GIORGIO LA PIRA NEL TRATTO TRA STRADA PEZZE DEL SOLE E VIA APPULO GUGLIELMO, E VIA TRE PILE NEL TRATTO COMPRESO TRA LA ROATORIA RAFASCHIERI E STRADA FRATTASIO DAL GIORNO 11.9.2026 E PER 365 GIORNI, PER LA REALIZZAZIONE DELLA VARIANTE DI TRACCIATO DELLA LINEA FERROVIARIA BARI – LECCE NEL TRATTO COMPRESO TRA BARI CENTRALE E BARI TORRE A MARE RICHIEDENTE: D’AGOSTINO COSTRUZIONI GENERA <br><br>Durata e tempistiche: 04/08/2026 - 04/08/2027   ]]></description>
      <styleUrl>#line-E65100-3713</styleUrl>
      <LineString>
        <tessellate>1</tessellate>
        <coordinates>
          16.8910454,41.0959993,0
          16.892011,41.0961448,0
          16.8941997,41.0960963,0
          16.8949507,41.0958861,0
          16.8951653,41.0962095,0
          16.8956588,41.0964844,0
          16.8956467,41.0973571,0
          16.8956762,41.0998473,0
          16.8949292,41.0999125,0
          16.8960236,41.1027906,0
          16.8985127,41.1016103,0
          16.9005726,41.10465,0
        </coordinates>
      </LineString>
    </Placemark>
    <Placemark>
      <name>ORDINANZA 2026/04288 
DIVIETO DI TRANSITO ECCETTO FRONTISTI, DIVIETO DI SOSTA CON RIMOZIONE FORZATA AMBO I LATI 
STRADA PEZZE DEL SOLE TRA VIA GIOVANNI AMENDOLA E VIA GIORGIO LA PIRA , VIA GIORGIO LA PIRA TRA STRADA PEZZE DEL SOLE 
VIA APPULO GUGLIELMO
VIA TRE PILE TRA LA ROTATORIA RAFASCHIERI E STRADA FRATTASIO
REALIZZAZIONE DELLA VARIANTE DI TRACCIATO DELLA LINEA FERROVIARIA BARI – LECCE NEL TRATTO COMPRESO TRA BARI CENTRALE E BARI TORRE A MARE
RICHIEDENTE: D’AGOSTINO COSTRUZIONI GENERALI 
16/09/2026 - 16/09/2027
</name>
      <description><![CDATA[VARIAZIONE DATE: 16/09/2026 - 16/09/2027<br>2026/04288<br>https://drive.google.com/file/d/19zXJnG0xskezWXRmUCaC6vI3aGGf-Qx1/view<br><br>ORDINANZA 2026/03788 <br><br>https://drive.google.com/file/d/1WN5e8QK08am_TsZ4Pvq8rXpTEyoHVk8-/view<br><br>ISTITUZIONE TEMPORANEA DEL DIVIETO DI TRANSITO ECCETTO FRONTISTI E DIVIETO DI SOSTA CON RIMOZIONE FORZATA AMBO I LATI SU STRADA PEZZE DEL SOLE NEL TRATTO TRA VIA GIOVANNI AMENDOLA E VIA GIORGIO LA PIRA , VIA GIORGIO LA PIRA NEL TRATTO TRA STRADA PEZZE DEL SOLE E VIA APPULO GUGLIELMO, E VIA TRE PILE NEL TRATTO COMPRESO TRA LA ROATORIA RAFASCHIERI E STRADA FRATTASIO DAL GIORNO 11.9.2026 E PER 365 GIORNI, PER LA REALIZZAZIONE DELLA VARIANTE DI TRACCIATO DELLA LINEA FERROVIARIA BARI – LECCE NEL TRATTO COMPRESO TRA BARI CENTRALE E BARI TORRE A MARE RICHIEDENTE: D’AGOSTINO COSTRUZIONI GENERA <br><br>Durata e tempistiche: 04/08/2026 - 04/08/2027   ]]></description>
      <styleUrl>#line-E65100-2744</styleUrl>
      <LineString>
        <tessellate>1</tessellate>
        <coordinates>
          16.914292,41.0983038,0
          16.9146997,41.0966867,0
          16.9152147,41.095765,0
          16.9145495,41.0944875,0
          16.9163305,41.0935172,0
          16.9183904,41.0909136,0
        </coordinates>
      </LineString>
    </Placemark>
    <Placemark>
      <name>ORDINANZA 2026/03806
DIVIETO DI SOSTA E DI FERMATA AMBO I
LATI CON RIMOZIONE FORZATA CON RESTRINGIMENTO DI CARREGGIATA
VIA MICHELE MITOLO DA V.LE GIUSEPPE BARTOLO A V.LE L. DE
LAURENTIS
V.LE L. DE LAURENTIS DA VIA MICHELE MITOLO A VIA ANTONIO
LUCARELLI
VIA ANTONIO LUCARELLI DA V.LE L. DE LAURENTIS A VIA G.
PETRONI
VIA G. PETRONI DA VIA ANTONIO LUCARELLI A VIA STR.
VICINALE CARDUCCI
STR. VICINALE CARDUCCI DA VIA G. PETRONI A VIA CSO ALCIDE DE GASPERI
STR. VICINALE VASSALLO DA CSO A. DE GASPERI A STR. VICINALE VASSALLO CIV. 21
LAVORI DI POSA CAVI DI MEDIA TENSIONE PER LINEA BRT PER C/E-
DISTRIBUZIONE
IMPRESA ESECUTRICE: NORD COSTRUZIONI GENERALI S.R.L.
24/08/2026 - 09/10/2026
07:00 - 17:00</name>
      <description><![CDATA[Ordinanza 2026/03806<br><br>https://drive.google.com/file/d/1vGAwqKaICCnnizxFqe_r5AgvTzd5yYZx/view<br><br>ISTITUZIONE TEMPORANEA PER DIVIETO DI SOSTA E DI FERMATA AMBO I<br>LATI CON RIMOZIONE FORZATA CON RESTRINGIMENTO DI CARREGGIATA<br>SU VIA MICHELE MITOLO (DA V.LE GIUSEPPE BARTOLO A V.LE L. DE<br>LAURENTIS), V.LE L. DE LAURENTIS (VIA MICHELE MITOLO A VIA ANTONIO<br>LUCARELLI), VIA ANTONIO LUCARELLI (DA V.LE L. DE LAURENTIS A VIA G.<br>PETRONI), VIA G. PETRONI (DA VIA ANTONIO LUCARELLI A VIA STR.<br>VICINALE CARDUCCI), STR. VICINALE CARDUCCI (DA VIA G. PETRONI A VIA<br>CSO ALCIDE DE GASPERI), STR. VICINALE VASSALLO (DA CSO A. DE<br>GASPERI A STR. VICINALE VASSALLO CIV. 21) – BARI (BA), <br>LAVORI DI POSA CAVI DI MEDIA TENSIONE PER LINEA BRT PER C/E-<br>DISTRIBUZIONE<br><br>SOCIETÀ: NORD COSTRUZIONI GENERALI S.R.L.<br><br>Durata e tempistiche: 24/08/2026 - 09/10/2026<br>07:00 - 17:00]]></description>
      <styleUrl>#icon-1541-E65100</styleUrl>
      <Point>
        <coordinates>
          16.8631708,41.09148,0
        </coordinates>
      </Point>
    </Placemark>
    <Placemark>
      <name>ORDINANZA 2026/03806
DIVIETO DI SOSTA E DI FERMATA AMBO I
LATI CON RIMOZIONE FORZATA CON RESTRINGIMENTO DI CARREGGIATA
VIA MICHELE MITOLO DA V.LE GIUSEPPE BARTOLO A V.LE L. DE
LAURENTIS
V.LE L. DE LAURENTIS DA VIA MICHELE MITOLO A VIA ANTONIO
LUCARELLI
VIA ANTONIO LUCARELLI DA V.LE L. DE LAURENTIS A VIA G.
PETRONI
VIA G. PETRONI DA VIA ANTONIO LUCARELLI A VIA STR.
VICINALE CARDUCCI
STR. VICINALE CARDUCCI DA VIA G. PETRONI A VIA CSO ALCIDE DE GASPERI
STR. VICINALE VASSALLO DA CSO A. DE GASPERI A STR. VICINALE VASSALLO CIV. 21
LAVORI DI POSA CAVI DI MEDIA TENSIONE PER LINEA BRT PER C/E-
DISTRIBUZIONE
IMPRESA ESECUTRICE: NORD COSTRUZIONI GENERALI S.R.L.
24/08/2026 - 09/10/2026	
07:00 - 17:00
</name>
      <description><![CDATA[Ordinanza 2026/03806<br><br>https://drive.google.com/file/d/1vGAwqKaICCnnizxFqe_r5AgvTzd5yYZx/view<br><br>ISTITUZIONE TEMPORANEA PER DIVIETO DI SOSTA E DI FERMATA AMBO I<br>LATI CON RIMOZIONE FORZATA CON RESTRINGIMENTO DI CARREGGIATA<br>SU VIA MICHELE MITOLO (DA V.LE GIUSEPPE BARTOLO A V.LE L. DE<br>LAURENTIS), V.LE L. DE LAURENTIS (VIA MICHELE MITOLO A VIA ANTONIO<br>LUCARELLI), VIA ANTONIO LUCARELLI (DA V.LE L. DE LAURENTIS A VIA G.<br>PETRONI), VIA G. PETRONI (DA VIA ANTONIO LUCARELLI A VIA STR.<br>VICINALE CARDUCCI), STR. VICINALE CARDUCCI (DA VIA G. PETRONI A VIA<br>CSO ALCIDE DE GASPERI), STR. VICINALE VASSALLO (DA CSO A. DE<br>GASPERI A STR. VICINALE VASSALLO CIV. 21) – BARI (BA), <br>LAVORI DI POSA CAVI DI MEDIA TENSIONE PER LINEA BRT PER C/E-<br>DISTRIBUZIONE<br><br>SOCIETÀ: NORD COSTRUZIONI GENERALI S.R.L.<br><br>Durata e tempistiche: 24/08/2026 - 09/10/2026	<br>07:00 - 17:00]]></description>
      <styleUrl>#line-E65100-4875</styleUrl>
      <LineString>
        <tessellate>1</tessellate>
        <coordinates>
          16.8583647,41.0912732,0
          16.8640618,41.0911721,0
          16.8642388,41.0930925,0
          16.8661862,41.093074,0
          16.8661539,41.0929833,0
          16.8678364,41.0924586,0
          16.8683856,41.0923093,0
          16.8688953,41.0922325,0
          16.8694451,41.0921931,0
          16.8701626,41.0921536,0
          16.871147,41.0921375,0
          16.871949,41.092095,0
          16.8725711,41.0920481,0
          16.8730326,41.0918747,0
          16.8734322,41.09181,0
          16.8740545,41.091719,0
          16.8744488,41.0916685,0
          16.8751301,41.0917837,0
          16.8754895,41.0918605,0
          16.8757905,41.0919809,0
          16.8762137,41.0921071,0
          16.8767126,41.092188,0
          16.8769432,41.092184,0
          16.8773375,41.0921233,0
        </coordinates>
      </LineString>
    </Placemark>
    <Placemark>
      <name>ORDINANZA 2026/03812 
DIVIETO DI SOSTA E RESTRINGIMENTO DI CARREGGIATA 
VIA CARDUCCI 14 - 16 
LAVORI DI MANUTENZIONE STRAORDINARIA 
RICHIEDENTE: IVOP 
31/08/2026 - 30/10/2026
</name>
      <description><![CDATA[ORDINANZA 2026/03812 <br><br>https://drive.google.com/file/d/1ApsWJNVXGg1xmf7XJd13uENPAxpw_5Xu/view<br><br>ACCORDO QUADRO PER INTERVENTI DI MANUTENZIONE EDILE ED<br>IMPIANTISTICA DI TIPO ECCEZIONALE NON PROGRAMMATA E “A<br>CHIAMATA” AGLI IMMOBILI ADIBITI A SCUOLA MEDIA, ELEMENTARE,<br>MATERNA E NIDO GESTITI DAL COMUNE DI BARI: MUNICIPIO 1.<br>DIVIETO DI SOSTA CON RIMOZIONE FORZATA RESTRINGIMENTO DI<br>CARREGGIATA IN VIA CARDUCCI DAL CIVICO 14 AL CIVICO 16 PER IL<br>PERIODO INTERCORRENTE TRA IL 31 AGOSTO E IL 30 OTTOBRE PPVV PER<br>LAVORI DI MANUTENZIONE STRAORDINARIA DEL PLESSO SCOLASTICO<br>PICCINNI IN BARI<br>RICHIEDENTE : RIPARTIZIONE INFRASTRUTTURE VIABILITÀ E OPERE<br>PUBBLICHE IL RESPONSABILE DEL PROGETTO ING. MAURO RESTA<br>IMPRESA CARAMELLA SRL - VIA BERGAMO 20B - 70022 ALTAMURA BA,<br><br><br>Durata e tempistiche: DAL 31/08/2026 AL 30/10/2026]]></description>
      <styleUrl>#icon-1541-E65100</styleUrl>
      <Point>
        <coordinates>
          16.8638192,41.1270279,0
        </coordinates>
      </Point>
    </Placemark>
    <Placemark>
      <name><![CDATA[ORDINANZA 2026/04282 
RESTRINGIMENTO CARREGGIATA E DIVIETO DI FERMATA
VIALE UNITA' DI ITALIA TRA LARGO CIACIA E VIA G. CAPRUZZI
PONTE XX SETTEMBRE
LAVORI DI REALIZZAZIONE DI UN SISTEMA BRT PER LA CITTÀ DI BARI 
IMPRESA ESECUTRICE: R.T.I. COBAR S.P.A. - MER MEC STE S.R.L.
16/09/2026 - 31/10/2026
]]></name>
      <description><![CDATA[ORDINANZA 2026/04282 <br>https://drive.google.com/file/d/1pfMa2Hzq9NFPgAAUj9Q9T3SQteIGV0xu/view<br><br>PROROGA DELL’ORDINANZA DIRIGENZIALE N. 2026/03822 LAVORI DI REALIZZAZIONE DI UN SISTEMA BRT PER LA CITTÀ DI BARI - FINANZIATO DALLA UNIONE EUROPEA NEXT GENERATION EU - TRASPORTO RAPIDO DI MASSA - MISURA M2C2 - INV 4.2 DEL PNRR - CUP: J91B21002850001 REGOLAMENTAZIONE TEMPORANEA DELLA CIRCOLAZIONE STRADALE SU VIALE UNITÀ D’ITALIA E PONTE XX SETTEMBRE FINO AL GIORNO 31.10.2026 IMPRESA ESECUTRICE: R.T.I. COBAR S.P.A. - MER MEC STE S.R.L. <br><br>Durata e tempistiche: 16/09/2026 - 31/10/2026<br><br>2026/03822<br><br>https://drive.google.com/file/d/1rhRm1UOVR-sd9QT6dJq1RDB0y3tDG_Oa/view<br><br>LAVORI DI REALIZZAZIONE DI UN SISTEMA BRT PER LA CITTÀ DI BARI -<br>FINANZIATO DALLA UNIONE EUROPEA NEXT GENERATION EU -<br>TRASPORTO RAPIDO DI MASSA - MISURA M2C2 - INV 4.2 DEL PNRR - CUP:<br>J91B21002850001<br>REGOLAMENTAZIONE TEMPORANEA DELLA CIRCOLAZIONE STRADALE SU<br>VIALE UNITÀ D’ITALIA E PONTE XX SETTEMBRE <br>IMPRESA ESECUTRICE: R.T.I. COBAR S.P.A. - MER MEC STE S.R.L.<br><br>Durata e Tempistiche: 17/08/2026 - 17/09/2026]]></description>
      <styleUrl>#icon-1541-E65100</styleUrl>
      <Point>
        <coordinates>
          16.8727501,41.117072,0
        </coordinates>
      </Point>
    </Placemark>
    <Placemark>
      <name><![CDATA[ORDINANZA 2026/04282 
RESTRINGIMENTO CARREGGIATA E DIVIETO DI FERMATA
VIALE UNITA' DI ITALIA TRA LARGO CIACIA E VIA G. CAPRUZZI
PONTE XX SETTEMBRE
LAVORI DI REALIZZAZIONE DI UN SISTEMA BRT PER LA CITTÀ DI BARI 
IMPRESA ESECUTRICE: R.T.I. COBAR S.P.A. - MER MEC STE S.R.L.
16/09/2026 - 31/10/2026
]]></name>
      <description><![CDATA[ORDINANZA 2026/04282 <br>https://drive.google.com/file/d/1pfMa2Hzq9NFPgAAUj9Q9T3SQteIGV0xu/view<br><br>PROROGA DELL’ORDINANZA DIRIGENZIALE N. 2026/03822 LAVORI DI REALIZZAZIONE DI UN SISTEMA BRT PER LA CITTÀ DI BARI - FINANZIATO DALLA UNIONE EUROPEA NEXT GENERATION EU - TRASPORTO RAPIDO DI MASSA - MISURA M2C2 - INV 4.2 DEL PNRR - CUP: J91B21002850001 REGOLAMENTAZIONE TEMPORANEA DELLA CIRCOLAZIONE STRADALE SU VIALE UNITÀ D’ITALIA E PONTE XX SETTEMBRE FINO AL GIORNO 31.10.2026 IMPRESA ESECUTRICE: R.T.I. COBAR S.P.A. - MER MEC STE S.R.L. <br><br>Durata e tempistiche: 16/09/2026 - 31/10/2026<br><br>2026/03822<br><br>https://drive.google.com/file/d/1rhRm1UOVR-sd9QT6dJq1RDB0y3tDG_Oa/view<br><br>LAVORI DI REALIZZAZIONE DI UN SISTEMA BRT PER LA CITTÀ DI BARI -<br>FINANZIATO DALLA UNIONE EUROPEA NEXT GENERATION EU -<br>TRASPORTO RAPIDO DI MASSA - MISURA M2C2 - INV 4.2 DEL PNRR - CUP:<br>J91B21002850001<br>REGOLAMENTAZIONE TEMPORANEA DELLA CIRCOLAZIONE STRADALE SU<br>VIALE UNITÀ D’ITALIA E PONTE XX SETTEMBRE <br>IMPRESA ESECUTRICE: R.T.I. COBAR S.P.A. - MER MEC STE S.R.L.<br><br>Durata e Tempistiche: 17/08/2026 - 17/09/2026]]></description>
      <styleUrl>#line-E65100-4681</styleUrl>
      <LineString>
        <tessellate>1</tessellate>
        <coordinates>
          16.8728889,41.1171818,0
          16.8730183,41.1163344,0
          16.8730934,41.1160879,0
          16.873147,41.1153766,0
        </coordinates>
      </LineString>
    </Placemark>
    <Placemark>
      <name>ORDINANZA 2026/04375 
RESTRINGIMENTO DI CARREGGIATA E DIVIETO DI FERMATA
PIAZZA ALDO MORO TRA VIA SPARANO E VIA NICCOLÒ DELL’ARCA 
LAVORI DI REALIZZAZIONE DI UN SISTEMA BRT PER LA CITTÀ DI BARI
IMPRESA ESECUTRICE: R.T.I. COBAR S.P.A. - MER MEC STE S.R.L. 
10/08/2026 - 31/10/2026
</name>
      <description><![CDATA[PROROGATA DALLA Ordinanza<br>2026/04375 FINO AL 31/10/2026<br>https://drive.google.com/file/d/1W1v2lRFEUiY9W5jbNoI_sy55C9o8VhaZ/view<br><br>ORDINANZA 2026/03843 <br>https://drive.google.com/file/d/1ZlPlum0QYRh0FkLHscuL3A0JQo6w6STs/view<br><br>GA ORDINANZA N. 2026/03473 LAVORI DI REALIZZAZIONE DI UN SISTEMA BRT PER LA CITTÀ DI BARI - FINANZIATO DALLA UNIONE EUROPEA NEXT GENERATION EU - TRASPORTO RAPIDO DI MASSA - MISURA M2C2 - INV 4.2 DEL PNRR - CUP: J91B21002850001 REGOLAMENTAZIONE TEMPORANEA DELLA CIRCOLAZIONE STRADALE SU PIAZZA ALDO MORO FINO AL GIORNO 20.09.2026 IMPRESA ESECUTRICE: R.T.I. COBAR S.P.A. - MER MEC STE S.R.L. <br><br>a) L’istituzione del divieto di fermata, a tutti i veicoli, su: i) Piazza Aldo Moro nel tratto compreso tra via Sparano e via Niccolò dell’Arca, in prossimità dei civici dal 12 al 18, lato sinistro di marcia. b) L’istituzione del restringimento di carreggiata su: i) Piazza Aldo Moro nel tratto compreso tra via Sparano e via Niccolò dell’Arca, in prossimità dei civici dal 12 al 18. c) L’istituzione del limite massimo di velocità pari a trenta chilometri orari a tutti i veicoli in avvicinamento alle aree interessate dai lavori. <br><br>Durata e tempistiche: 10/08/2026 - 20/09/2026    ]]></description>
      <styleUrl>#icon-1541-E65100</styleUrl>
      <Point>
        <coordinates>
          16.8706559,41.1192169,0
        </coordinates>
      </Point>
    </Placemark>
    <Placemark>
      <name>ORDINANZA 2026/04375 
RESTRINGIMENTO DI CARREGGIATA E DIVIETO DI FERMATA
PIAZZA ALDO MORO TRA VIA SPARANO E VIA NICCOLÒ DELL’ARCA 
LAVORI DI REALIZZAZIONE DI UN SISTEMA BRT PER LA CITTÀ DI BARI
IMPRESA ESECUTRICE: R.T.I. COBAR S.P.A. - MER MEC STE S.R.L. 
10/08/2026 - 31/10/2026 
</name>
      <description><![CDATA[PROROGATA DALLA Ordinanza<br>2026/04375 FINO AL 31/10/2026<br>https://drive.google.com/file/d/1W1v2lRFEUiY9W5jbNoI_sy55C9o8VhaZ/view<br><br>ORDINANZA 2026/03843 <br>https://drive.google.com/file/d/1ZlPlum0QYRh0FkLHscuL3A0JQo6w6STs/view<br><br>GA ORDINANZA N. 2026/03473 LAVORI DI REALIZZAZIONE DI UN SISTEMA BRT PER LA CITTÀ DI BARI - FINANZIATO DALLA UNIONE EUROPEA NEXT GENERATION EU - TRASPORTO RAPIDO DI MASSA - MISURA M2C2 - INV 4.2 DEL PNRR - CUP: J91B21002850001 REGOLAMENTAZIONE TEMPORANEA DELLA CIRCOLAZIONE STRADALE SU PIAZZA ALDO MORO FINO AL GIORNO 20.09.2026 IMPRESA ESECUTRICE: R.T.I. COBAR S.P.A. - MER MEC STE S.R.L. <br><br>a) L’istituzione del divieto di fermata, a tutti i veicoli, su: i) Piazza Aldo Moro nel tratto compreso tra via Sparano e via Niccolò dell’Arca, in prossimità dei civici dal 12 al 18, lato sinistro di marcia. b) L’istituzione del restringimento di carreggiata su: i) Piazza Aldo Moro nel tratto compreso tra via Sparano e via Niccolò dell’Arca, in prossimità dei civici dal 12 al 18. c) L’istituzione del limite massimo di velocità pari a trenta chilometri orari a tutti i veicoli in avvicinamento alle aree interessate dai lavori. <br><br>Durata e tempistiche: 10/08/2026 - 20/09/2026    ]]></description>
      <styleUrl>#line-E65100-2744</styleUrl>
      <LineString>
        <tessellate>1</tessellate>
        <coordinates>
          16.8700014,41.1191226,0
          16.870845,41.119182,0
        </coordinates>
      </LineString>
    </Placemark>
    <Placemark>
      <name>ORDINANZA 2026/03853
DIVIETO DI SOSTA E RESTRINGIMENTO DI CARREGIATA
VIA GIOACCHINO MURAT 53
MANUTENZIONE EDILE ED IMPIANTISTICA DI TIPO ECCEZIONALE SCUOLE
IMPRESA ESECUTRICE: IMPRESA CARAMELLA SRL
31/08/2026 - 15/10/2026</name>
      <description><![CDATA[Ordinanza 2026/03853<br><br>https://drive.google.com/file/d/14rUxmXyQsG6nq2z0R8f0zVxuzLiFq4Q9/view<br><br>ACCORDO QUADRO PER INTERVENTI DI MANUTENZIONE EDILE ED<br>IMPIANTISTICA DI TIPO ECCEZIONALE NON PROGRAMMATA E “A<br>CHIAMATA” AGLI IMMOBILI ADIBITI A SCUOLA MEDIA, ELEMENTARE,<br>MATERNA E NIDO GESTITI DAL COMUNE DI BARI: MUNICIPIO 1.<br>DIVIETO DI SOSTA CON RIMOZIONE FORZATA RESTRINGIMENTO DI<br>CARREGGIATA IN VIA GIOACCHINO MURAT,<br>PER UN’AREA DI 12,50 M A DESTRA E SINISTRA DEL CIV. 53<br>(CORRISPONDENTE AI CIVICI DA 122 AL 140 SUL<br>LATO OPPOSTO) PER IL PERIODO INTERCORRENTE TRA IL 31 AGOSTO E IL<br>15 OTTOBRE PPVV PER LAVORI DI MANUTENZIONE STRAORDINARIA DEL<br>PLESSO SCOLASTICO PASCOLI<br>RICHIEDENTE : RIPARTIZIONE INFRASTRUTTURE VIABILITÀ E OPERE<br>PUBBLICHE IL RESPONSABILE DEL PROGETTO ING. MAURO RESTA<br>IMPRESA CARAMELLA SRL - VIA BERGAMO 20B - 70022 ALTAMURA BA,<br><br>Durata e Tempistiche:: 31/08/2026 - 15/10/2026]]></description>
      <styleUrl>#icon-1541-E65100</styleUrl>
      <Point>
        <coordinates>
          16.8602568,41.1275651,0
        </coordinates>
      </Point>
    </Placemark>
    <Placemark>
      <name>ORDINANZA 2026/03882
DIVIETO DI SOSTA CON RIMOZIONE FORZATA E RESTRINGIMENTO DI
CARREGGIATA
VIA CURZIO DEI MILLE TRA VIA PETRU E VIA DAVIDE LOPEZ
GRU A TRALICCIO E BETONPOMPA
RICHIEDENTE: SIG.RA LACALENDOLA CAROLA
24/08/2026 - 30/12/2026</name>
      <description><![CDATA[Ordinanza 2026/03882<br><br>https://drive.google.com/file/d/1Mg65iTYSnqEqxYe5Ynw3y95Z-pW27-a-/view<br><br>DIVIETO DI SOSTA CON RIMOZIONE FORZATA E RESTRINGIMENTO DI<br>CARREGGIATA SU VIA CURZIO DEI MILLE 47/61 E 52/50 TRATTO<br>COMPRESO TRA VIA PETRU E VIA DAVIDE LOPEZ PER POSIZIONAMENTO DI<br>RECINZIONE DI CARTIERE GRU A TRALICCIO E BETONPOMPA <br>RICHIEDENTE: SIG.RA LACALENDOLA CAROLA<br><br>Durata e tempistiche: 24/08/2026 - 30/12/2026]]></description>
      <styleUrl>#line-E65100-4875</styleUrl>
      <LineString>
        <tessellate>1</tessellate>
        <coordinates>
          16.8489814,41.1265229,0
          16.8489195,41.1257153,0
        </coordinates>
      </LineString>
    </Placemark>
    <Placemark>
      <name>ORDINANZA 2026/03857 
DIVIETO DI TRANSITO VEICOLARE E DIVIETO DI SOSTA
VIA S. COSTANTINO 6 DA VIA F. CRISPI A VIA G. BOVIO
LAVORI DI COSTRUZIONE ALLACCIO IDRICO E FOGNARIO
IMPRESA ESECUTRICE: ISAP SRL
21/09/2026 - 26/09/2026
</name>
      <description><![CDATA[ORDINANZA 2026/03857 <br>https://drive.google.com/file/d/1A1fNWcYBQc6-3ZzZIuc8CJNzF2tGS7Oi/view<br><br>ISTITUZIONE TEMPORANEA DEL DIVIETO DI TRANSITO VEICOLARE E DIVIETO DI SOSTA IN VIA S. COSTANTINO 6 DA VIA F. CRISPI A VIA G. BOVIO PER LAVORI DI COSTRUZIONE ALLACCIO IDRICO E FOGNARIO DAL 21 AL 26 SETTEMBRE 2026 IMPRESA: ISAP SRL” CON SEDE LEGALE IN CONTRADA LEONESSA SNC - 85025 - MELFI (PZ) ISTANTE: AQP S.P.A. <br><br>Durata e tempistiche: 21/09/2026 - 26/09/2026]]></description>
      <styleUrl>#line-E65100-3325</styleUrl>
      <LineString>
        <tessellate>1</tessellate>
        <coordinates>
          16.8554534,41.1232479,0
          16.8559416,41.1226256,0
        </coordinates>
      </LineString>
    </Placemark>
    <Placemark>
      <name>ORDINANZA 2026/03857 
DIVIETO DI TRANSITO VEICOLARE E DIVIETO DI SOSTA
VIA S. COSTANTINO 6 DA VIA F. CRISPI A VIA G. BOVIO
LAVORI DI COSTRUZIONE ALLACCIO IDRICO E FOGNARIO
IMPRESA ESECUTRICE: ISAP SRL
21/09/2026 - 26/09/2026
</name>
      <description><![CDATA[ORDINANZA 2026/03857 <br>https://drive.google.com/file/d/1A1fNWcYBQc6-3ZzZIuc8CJNzF2tGS7Oi/view<br><br>ISTITUZIONE TEMPORANEA DEL DIVIETO DI TRANSITO VEICOLARE E DIVIETO DI SOSTA IN VIA S. COSTANTINO 6 DA VIA F. CRISPI A VIA G. BOVIO PER LAVORI DI COSTRUZIONE ALLACCIO IDRICO E FOGNARIO DAL 21 AL 26 SETTEMBRE 2026 IMPRESA: ISAP SRL” CON SEDE LEGALE IN CONTRADA LEONESSA SNC - 85025 - MELFI (PZ) ISTANTE: AQP S.P.A. <br><br>Durata e tempistiche: 21/09/2026 - 26/09/2026]]></description>
      <styleUrl>#icon-1541-E65100</styleUrl>
      <Point>
        <coordinates>
          16.8557538,41.1229287,0
        </coordinates>
      </Point>
    </Placemark>
    <Placemark>
      <name>ORDINANZA 2026/03882
DIVIETO DI SOSTA CON RIMOZIONE FORZATA E RESTRINGIMENTO DI
CARREGGIATA
VIA CURZIO DEI MILLE TRA VIA PETRU E VIA DAVIDE LOPEZ
GRU A TRALICCIO E BETONPOMPA
RICHIEDENTE: SIG.RA LACALENDOLA CAROLA
24/08/2026 - 30/12/2026</name>
      <description><![CDATA[Ordinanza 2026/03882<br><br>https://drive.google.com/file/d/1Mg65iTYSnqEqxYe5Ynw3y95Z-pW27-a-/view<br><br>DIVIETO DI SOSTA CON RIMOZIONE FORZATA E RESTRINGIMENTO DI<br>CARREGGIATA SU VIA CURZIO DEI MILLE 47/61 E 52/50 TRATTO<br>COMPRESO TRA VIA PETRU E VIA DAVIDE LOPEZ PER POSIZIONAMENTO DI<br>RECINZIONE DI CARTIERE GRU A TRALICCIO E BETONPOMPA <br>RICHIEDENTE: SIG.RA LACALENDOLA CAROLA<br><br>Durata e tempistiche: 24/08/2026 - 30/12/2026]]></description>
      <styleUrl>#icon-1541-E65100</styleUrl>
      <Point>
        <coordinates>
          16.8490644,41.1264828,0
        </coordinates>
      </Point>
    </Placemark>
    <Placemark>
      <name>ORDINANZA 2026/03858 
DIVIETO DI TRANSITO VEICOLARE E DIVIETO DI SOSTA
VIA ABATE GIMMA 211 DA VIA Q. SELLA A VIA S. VISCONTI
LAVORI DI COSTRUZIONE ALLACCIO IDRICO E FOGNARIO
IMPRESA ESECUTRICE: ISAP SRL
21/09/2026 - 26/09/2026
</name>
      <description><![CDATA[ORDINANZA 2026/03858 <br>https://drive.google.com/file/d/1MpycJ6G465iHV8BYr2sEdQBUZQaQzt-5/view<br><br>ISTITUZIONE TEMPORANEA DEL DIVIETO DI TRANSITO VEICOLARE E DIVIETO DI SOSTA IN VIA ABATE GIMMA 211 DA VIA Q. SELLA A VIA S. VISCONTI PER LAVORI DI COSTRUZIONE ALLACCIO IDRICO E FOGNARIO DAL 21 AL 26 SETTEMBRE 2026 IMPRESA: ISAP SRL” CON SEDE LEGALE IN CONTRADA LEONESSA SNC - 85025 - MELFI (PZ) ISTANTE: AQP S.P.A. <br><br>Durata e tempistiche: 21/09/2026 - 26/09/2026]]></description>
      <styleUrl>#line-E65100-4294</styleUrl>
      <LineString>
        <tessellate>1</tessellate>
        <coordinates>
          16.8640619,41.1244381,0
          16.8630802,41.1243695,0
        </coordinates>
      </LineString>
    </Placemark>
    <Placemark>
      <name>ORDINANZA 2026/03858 
DIVIETO DI TRANSITO VEICOLARE E DIVIETO DI SOSTA
VIA ABATE GIMMA 211 DA VIA Q. SELLA A VIA S. VISCONTI
LAVORI DI COSTRUZIONE ALLACCIO IDRICO E FOGNARIO
IMPRESA ESECUTRICE: ISAP SRL
21/09/2026 - 26/09/2026
</name>
      <description><![CDATA[ORDINANZA 2026/03858 <br>https://drive.google.com/file/d/1MpycJ6G465iHV8BYr2sEdQBUZQaQzt-5/view<br><br>ISTITUZIONE TEMPORANEA DEL DIVIETO DI TRANSITO VEICOLARE E DIVIETO DI SOSTA IN VIA ABATE GIMMA 211 DA VIA Q. SELLA A VIA S. VISCONTI PER LAVORI DI COSTRUZIONE ALLACCIO IDRICO E FOGNARIO DAL 21 AL 26 SETTEMBRE 2026 IMPRESA: ISAP SRL” CON SEDE LEGALE IN CONTRADA LEONESSA SNC - 85025 - MELFI (PZ) ISTANTE: AQP S.P.A. <br><br>Durata e tempistiche: 21/09/2026 - 26/09/2026]]></description>
      <styleUrl>#icon-1541-E65100</styleUrl>
      <Point>
        <coordinates>
          16.8640029,41.1244563,0
        </coordinates>
      </Point>
    </Placemark>
    <Placemark>
      <name>ORDINANZA 2026/03859 
DIVIETO DI FERMATA CON RESTRINGIMENTO CARREGGIATA
FINE DI VIA CASCIA E L’INIZIO DI STRADA LAMA DEL DUCA
PINQUA S. RITA
IMPRESA ESECUTRICE: ISAP SRL
12/08/2026 - 30/09/2026
</name>
      <description><![CDATA[ORDINANZA 2026/03859 <br>https://drive.google.com/file/d/1f0hoAhQGOZTr-PGYwCxk5LEk4CUfv10l/view<br><br>PINQUA S. RITA - ORDINANZA PER ISTITUIRE TEMPORANEAMENTE UN DIVIETO DI FERMATA CON RESTRINGIMENTO CARREGGIATA TRA LA FINE DI VIA CASCIA E L’INIZIO DI STRADA LAMA DEL DUCA AL FINE DI COMPLETARE UN PEZZETTO DI MARCIAPIEDE E UN PEZZETTO DI PISTA CICLABILE CON LA SEGNALETICA ORIZZONTALE E VERTICALE, DALL’ESECUTIVITÀ DELL’ATTO SINO AL 30/09/2026. IMPRESA : SOCIETÀ COBAR S.P.A. SEDE IN ALTAMURA (BA) IN VIA SELVA 101- P.IVA 06605700720. <br><br>Durata e tempistiche: 21/09/2026 - 26/09/2026]]></description>
      <styleUrl>#line-E65100-2744</styleUrl>
      <LineString>
        <tessellate>1</tessellate>
        <coordinates>
          16.8555653,41.0702308,0
          16.8554795,41.0709749,0
          16.8553507,41.0711933,0
          16.8553004,41.0715821,0
        </coordinates>
      </LineString>
    </Placemark>
    <Placemark>
      <name>ORDINANZA 2026/03859 
DIVIETO DI FERMATA CON RESTRINGIMENTO CARREGGIATA
FINE DI VIA CASCIA E L’INIZIO DI STRADA LAMA DEL DUCA
PINQUA S. RITA
IMPRESA ESECUTRICE: ISAP SRL
12/08/2026 - 30/09/2026
</name>
      <description><![CDATA[ORDINANZA 2026/03859 <br>https://drive.google.com/file/d/1f0hoAhQGOZTr-PGYwCxk5LEk4CUfv10l/view<br><br>PINQUA S. RITA - ORDINANZA PER ISTITUIRE TEMPORANEAMENTE UN DIVIETO DI FERMATA CON RESTRINGIMENTO CARREGGIATA TRA LA FINE DI VIA CASCIA E L’INIZIO DI STRADA LAMA DEL DUCA AL FINE DI COMPLETARE UN PEZZETTO DI MARCIAPIEDE E UN PEZZETTO DI PISTA CICLABILE CON LA SEGNALETICA ORIZZONTALE E VERTICALE, DALL’ESECUTIVITÀ DELL’ATTO SINO AL 30/09/2026. IMPRESA : SOCIETÀ COBAR S.P.A. SEDE IN ALTAMURA (BA) IN VIA SELVA 101- P.IVA 06605700720. <br><br>Durata e tempistiche: 21/09/2026 - 26/09/2026]]></description>
      <styleUrl>#icon-1541-E65100</styleUrl>
      <Point>
        <coordinates>
          16.8553648,41.0710032,0
        </coordinates>
      </Point>
    </Placemark>
    <Placemark>
      <name>ORDINANZA 2026/03869 
DIVIETO DI SOSTA E FERMATA AMBO I LATI CON RIMOZIONE, CHIUSURA AL TRAFFICO VEICOLARE
VIA MANZONI ISOLATO VIA PUTIGNANO – VIA PRINCIPE AMEDEO
LAVORI DI RIQUALIFICAZIONE DI VIA MANZONI
IMPRESA ESECUTRICE: SITE SPA PER CONTO DI E-DISTRIBUZIONE 
31/08/2026 - 30/11/2026 
</name>
      <description><![CDATA[ORDINANZA 2026/03869 <br>https://drive.google.com/file/d/1p1jFXS3uDm2VsEMTFf394owo5GNF3UKo/view<br><br>PROCEDURA NEGOZIATA PN23023 PER LA CONCLUSIONE DI UN ACCORDO QUADRO QUADRIENNALE PER L'AFFIDAMENTO CONGIUNTO DI PROGETTAZIONE ESECUTIVA ED ESECUZIONE DEI "LAVORI DI RIQUALIFICAZIONE DI VIA MANZONI" – ACCORDO QUADRO CIG: 9934949346 1° CONTRATTO ATTUATIVO CUP: J91B21001180001 – CIG: A065861BA9 2° CONTRATTO ATTUATIVO CUP: J98E22000030003 – CIG: A06586D592 RICHIESTA ORDINANZA PER DIVIETO DI SOSTA E FERMATA AMBO I LATI CON RIMOZIONE, CHIUSURA AL TRAFFICO VEICOLARE SU VIA MANZONI ISOLATO VIA PUTIGNANO – VIA PRINCIPE AMEDEO DAL GIORNO 31/08/2026 AL 30/11/2026 IMPRESA ESECUTRICE: SOCIETÀ DROMOS APPALTI S.P.A. CON SEDE LEGALE IN VIA PO N. 31 <br><br><br>Durata e tempistiche: 31/08/2026 - 30/11/2026  ]]></description>
      <styleUrl>#line-E65100-3713</styleUrl>
      <LineString>
        <tessellate>1</tessellate>
        <coordinates>
          16.861079,41.122853,0
          16.8611584,41.1222605,0
        </coordinates>
      </LineString>
    </Placemark>
    <Placemark>
      <name>ORDINANZA 2026/03869 
DIVIETO DI SOSTA E FERMATA AMBO I LATI CON RIMOZIONE, CHIUSURA AL TRAFFICO VEICOLARE
VIA MANZONI ISOLATO VIA PUTIGNANO – VIA PRINCIPE AMEDEO
LAVORI DI RIQUALIFICAZIONE DI VIA MANZONI
IMPRESA ESECUTRICE: SITE SPA PER CONTO DI E-DISTRIBUZIONE 
31/08/2026 - 30/11/2026 
</name>
      <description><![CDATA[ORDINANZA 2026/03869 <br>https://drive.google.com/file/d/1p1jFXS3uDm2VsEMTFf394owo5GNF3UKo/view<br><br>PROCEDURA NEGOZIATA PN23023 PER LA CONCLUSIONE DI UN ACCORDO QUADRO QUADRIENNALE PER L'AFFIDAMENTO CONGIUNTO DI PROGETTAZIONE ESECUTIVA ED ESECUZIONE DEI "LAVORI DI RIQUALIFICAZIONE DI VIA MANZONI" – ACCORDO QUADRO CIG: 9934949346 1° CONTRATTO ATTUATIVO CUP: J91B21001180001 – CIG: A065861BA9 2° CONTRATTO ATTUATIVO CUP: J98E22000030003 – CIG: A06586D592 RICHIESTA ORDINANZA PER DIVIETO DI SOSTA E FERMATA AMBO I LATI CON RIMOZIONE, CHIUSURA AL TRAFFICO VEICOLARE SU VIA MANZONI ISOLATO VIA PUTIGNANO – VIA PRINCIPE AMEDEO DAL GIORNO 31/08/2026 AL 30/11/2026 IMPRESA ESECUTRICE: SOCIETÀ DROMOS APPALTI S.P.A. CON SEDE LEGALE IN VIA PO N. 31 <br><br><br>Durata e tempistiche: 31/08/2026 - 30/11/2026  ]]></description>
      <styleUrl>#icon-1541-E65100</styleUrl>
      <Point>
        <coordinates>
          16.8611637,41.1227164,0
        </coordinates>
      </Point>
    </Placemark>
    <Placemark>
      <name>ORDINANZA 22026/03873
DIVIETO DI SOSTA
AMBO I LATI DELLA CARREGGIATA CON RESTRINGIMENTO CARREGGIATA
CORSO ALCIDE DE GASPERI DAL CIV. 453 A VIA GEREMIA D’ERASMO
VIA D’ERASMO DA CORSO ALCIDE DE GASPERI FINO AL CIVICO 2,
POSA CAVI MT
IMPRESA ESECUTRICE: DMF COSTRUZIONI S.R.L.
11/06//2026 - 30/09/2026
</name>
      <description><![CDATA[PROROGATA FINO AL 30/09/2026 DALLA ORDINANZA 2026/03873<br>https://drive.google.com/file/d/1YVIFdAN-MvwiWhftedcp0dcTXEvSx1Wz/view<br><br>ORDINANZA 2026/02858 <br><br>https://drive.google.com/file/d/1P8eMrFoM0VQ9BDD7hu9d2HXrmxKZHqkT/view<br><br>ORDINANZA PER ISTITUIRE TEMPORANEAMENTE UN DIVIETO DI SOSTA AMBO I LATI DELLA DEL CARREGGIATA CON RESTRINGIMENTO CARREGGIATA SU CORSO ALCIDE DE GASPERI DAL CIV. 453 A VIA GEREMIA D’ERASMO E SU VIA D’ERASMO DA CORSO ALCIDE DE GASPERI FINO AL CIVICO 2, PER LAVORI DI SCAVO PER LA POSA CAVI MT DAL 01/06/2026 AL 31/07/2026. PROROGA ORDINANZA DIRIGENZIALE N. 2026/01442 DEL 24/03/2026. IMPRESA: DMF COSTRUZIONI S.R.L. ISTANTE: LOSACCO LUIGI (LEGALE RAPPRESENTANTE DELLA DMF COSTRUZIONI S.R.L.) <br><br>Durata e tempistiche: 11/06//2026 - 30/06/2026 <br><br>PROROGA: 2026/01442<br>FINO AL 30/05/2026.<br>https://drive.google.com/file/d/19rwuKkkFrcyKqAcXjxEnaHNA539xEzfE/view<br><br>PROROGA: 2026/00692<br>https://drive.google.com/file/d/1W1XO9wvOx6csRDNbREF2tohoopKqOFWu/view?usp=sharing<br><br>2025/03881<br>https://drive.google.com/file/d/1ebs16qlg1SdmD1fHZN1_Zm_FIo0BOsKC/view<br><br>Proroga all’Ordinanza Dirigenziale n. 2025/02831 del 26/09/2025<br><br>PROROGA ORDINANZA DIRIGENZIALE N. 2025/02831 DEL 26/09/2025. ORDINANZA PER ISTITUIRE TEMPORANEAMENTE UN DIVIETO DI SOSTA AMBO I LATI DELLA CARREGGIATA CON RESTRINGIMENTO CARREGGIATA SU CORSO ARCIDE DE GASPERI DAL CIV. 453 A VIA GEREMIA D’ERASMO E SU VIA D’ERASMO DA CORSO ARCIDE DE GASPERI FINO AL CIVICO 2, PER LAVORI DI SCAVO PER LA POSA CAVI MT DAL 01/12/2025 AL 31/01/2026. IMPRESA: DMF COSTRUZIONI S.R.L. ISTANTE: LOSACCO LUIGI (LEGALE RAPPRESENTANTE DELLA DMF COSTRUZIONI S.R.L.)<br><br>1. L’istituzione temporanea del divieto di sosta ambo i lati della carreggiata con restringimento carreggiata su corso Alcide de Gasperi dal civ. 453 a via Geremia d’Erasmo e su via D’Erasmo da Corso Arcide de Gasperi fino al civico 2;<br><br>Durata e tempistiche: 01/12/2025 - 31/01/2026<br>Proroga: SINO AL 31/03/2026.]]></description>
      <styleUrl>#icon-1541-E65100</styleUrl>
      <Point>
        <coordinates>
          16.8690206,41.0822431,0
        </coordinates>
      </Point>
    </Placemark>
    <Placemark>
      <name>ORDINANZA 2026/03873
DIVIETO DI SOSTA
AMBO I LATI DELLA CARREGGIATA CON RESTRINGIMENTO CARREGGIATA
CORSO ALCIDE DE GASPERI DAL CIV. 453 A VIA GEREMIA D’ERASMO
VIA D’ERASMO DA CORSO ALCIDE DE GASPERI FINO AL CIVICO 2,
POSA CAVI MT
IMPRESA ESECUTRICE: DMF COSTRUZIONI S.R.L.
11/06//2026 - 30/09/2026
</name>
      <description><![CDATA[PROROGATA FINO AL 30/09/2026 DALLA ORDINANZA 2026/03873<br>https://drive.google.com/file/d/1YVIFdAN-MvwiWhftedcp0dcTXEvSx1Wz/view<br><br>ORDINANZA 2026/02858 <br><br>https://drive.google.com/file/d/1P8eMrFoM0VQ9BDD7hu9d2HXrmxKZHqkT/view<br><br>ORDINANZA PER ISTITUIRE TEMPORANEAMENTE UN DIVIETO DI SOSTA AMBO I LATI DELLA DEL CARREGGIATA CON RESTRINGIMENTO CARREGGIATA SU CORSO ALCIDE DE GASPERI DAL CIV. 453 A VIA GEREMIA D’ERASMO E SU VIA D’ERASMO DA CORSO ALCIDE DE GASPERI FINO AL CIVICO 2, PER LAVORI DI SCAVO PER LA POSA CAVI MT DAL 01/06/2026 AL 31/07/2026. PROROGA ORDINANZA DIRIGENZIALE N. 2026/01442 DEL 24/03/2026. IMPRESA: DMF COSTRUZIONI S.R.L. ISTANTE: LOSACCO LUIGI (LEGALE RAPPRESENTANTE DELLA DMF COSTRUZIONI S.R.L.) <br><br>Durata e tempistiche: 11/06//2026 - 30/06/2026 <br><br>PROROGA: 2026/01442<br>FINO AL 30/05/2026.<br>https://drive.google.com/file/d/19rwuKkkFrcyKqAcXjxEnaHNA539xEzfE/view<br><br>PROROGA: 2026/00692<br>https://drive.google.com/file/d/1W1XO9wvOx6csRDNbREF2tohoopKqOFWu/view?usp=sharing<br><br>2025/03881<br>https://drive.google.com/file/d/1ebs16qlg1SdmD1fHZN1_Zm_FIo0BOsKC/view<br><br>Proroga all’Ordinanza Dirigenziale n. 2025/02831 del 26/09/2025<br><br>PROROGA ORDINANZA DIRIGENZIALE N. 2025/02831 DEL 26/09/2025. ORDINANZA PER ISTITUIRE TEMPORANEAMENTE UN DIVIETO DI SOSTA AMBO I LATI DELLA CARREGGIATA CON RESTRINGIMENTO CARREGGIATA SU CORSO ARCIDE DE GASPERI DAL CIV. 453 A VIA GEREMIA D’ERASMO E SU VIA D’ERASMO DA CORSO ARCIDE DE GASPERI FINO AL CIVICO 2, PER LAVORI DI SCAVO PER LA POSA CAVI MT DAL 01/12/2025 AL 31/01/2026. IMPRESA: DMF COSTRUZIONI S.R.L. ISTANTE: LOSACCO LUIGI (LEGALE RAPPRESENTANTE DELLA DMF COSTRUZIONI S.R.L.)<br><br>1. L’istituzione temporanea del divieto di sosta ambo i lati della carreggiata con restringimento carreggiata su corso Alcide de Gasperi dal civ. 453 a via Geremia d’Erasmo e su via D’Erasmo da Corso Arcide de Gasperi fino al civico 2; <br><br>Durata e tempistiche: 01/12/2025 - 31/01/2026<br>Proroga: SINO AL 31/03/2026.]]></description>
      <styleUrl>#line-E65100-6425</styleUrl>
      <LineString>
        <tessellate>1</tessellate>
        <coordinates>
          16.8695617,41.0889843,0
          16.8691111,41.0863158,0
          16.8687785,41.0852727,0
          16.8690896,41.0831539,0
          16.8693042,41.0809785,0
          16.8685102,41.0808976,0
        </coordinates>
      </LineString>
    </Placemark>
    <Placemark>
      <name>ORDINANZA 2026/03872 + INTEGRAZIONE ORDINANZA 2026/04049
DEL DIVIETO DI TRANSITO
TRATTO DA VIA VITTORIO VENETO A PIAZZA UMBERTO DIREZIONE VIA
QUARANTA
DIVIETO DI SOSTA,DI FERMATA AMBO I LATI CON DOPPIO SENSO DI CIRCOLAZIONE PIAZZA UMBERTO
ULTIMAZIONE TRONCO FOGNARIO
IMPRESA ESECUTRICE: CO.RES. SRL
25/08/2026 - 25/10/2026
</name>
      <description><![CDATA[Ordinanza 2026/03872<br><br>https://drive.google.com/file/d/10c1Bi8_DQZ6MmRgieU250e8MqPFGwTDH/view<br><br>LAVORI DI COSTRUZIONE DELLA RETE DI FOGNATURA PLUVIALE E<br>RIFACIMENTO DEI MARCIAPIEDI.<br>ISTITUZIONE TEMPORANEA DEL DIVIETO DI TRANSITO VEICOLARE TRATTO<br>CHE COLLEGA VIA VITTORIO VENETO A PIAZZA UMBERTO DIREZIONE VIA<br>QUARANTA E DIVIETO DI SOSTA, DI FERMATA AMBO I LATI CON SENSO<br>UNICO ALTERNATO SU TUTTA PIAZZA UMBERTO I PER ULTIMAZIONE<br>TRONCO FOGNARIO DAL GIORNO 25 AGOSTO PER GIORNI 60.<br>IMPRESA : CO.RES. SRL<br>ISTANTE: ING. COLAPIETRO SALVATORE VITANTONIO<br>____________<br>ORDINANZA 2026/04049 <br>INTEGRAZIONE E/O VARIAZIONE ORDINANZA DIRIGENZIALE N. 2026/03872<br>DEL 12/08/2026.<br><br>https://drive.google.com/file/d/1SGYuJRRjBRZg-df-pgrjMXynHHnDiQJL/view?usp=sharing<br><br>Tutto quanto espresso integralmente nell’ordinanza n. 2026/03872 del 12/08/2026 ad eccezione<br>dell’integrazione descritta nel riquadro “RILEVATO” e della variazione al punto 3 dell’”ORDINA”;<br>1) Con la stessa nota prot. 325157 del 08/09/2026, il commissario della Polizia Locale, ha ritenuto variare il punto 3<br>dell’ordinanza in questione e quindi non più istituzione del senso unico alternato ma bensì istituzione del doppio<br>senso di circolazione su tutta la Piazza Umberto I per tutta la durata dei lavori;<br><br>Durata e tempistiche: 25/08/2026 - 25/10/2026]]></description>
      <styleUrl>#icon-1541-E65100</styleUrl>
      <Point>
        <coordinates>
          16.8704021,41.0738481,0
        </coordinates>
      </Point>
    </Placemark>
    <Placemark>
      <name><![CDATA[ORDINANZA 2026/03870
RESTRINGIMENTO DI CARREGGIATA E DIVIETO DI SOSTA CON RIMOZIONE FORZATA
VIALE UNITÀ D'ITALIA CIVV. 71-73
POSIZIONAMENTO DI PONTEGGIO
RICHIEDENTE: SIG.RA DI CAGNO ABBRESCIA GIOVANNI
01/09/2026 - 30/11/2026]]></name>
      <description><![CDATA[Ordinanza 2026/03870<br><br>https://drive.google.com/file/d/1ZSxEMfcfUp87Gn_GZYnRRd7NgG7JMkjM/view<br><br>ISTITUZIONE TEMPORANEA DEL RESTRINGIMENTO DI CARREGGIATA E<br>DIVIETO DI SOSTA CON RIMOZIONE FORZATA SU VIALE UNITÀ D'ITALIA<br>CIVV. 71-73 TRATTO COMPRESO TRA LARGO CIAIA E VIA TOTI PER IL<br>POSIZIONAMENTO DI PONTEGGIO DAL 01/09/2026 SINO AL 30/11/2026,<br>RICHIEDENTE: SIG.RA DI CAGNO ABBRESCIA GIOVANNI<br><br>Durata e tempistiche: 01/09/2026 - 30/11/2026]]></description>
      <styleUrl>#icon-1541-E65100</styleUrl>
      <Point>
        <coordinates>
          16.8732743,41.1139749,0
        </coordinates>
      </Point>
    </Placemark>
    <Placemark>
      <name>ORDINANZA 2026/03907
RESTRINGIMENTO DI CARREGGIATA 
CORSO ALCIDE DE GASPERI CIV. 417
POSIZIONAMENTO AUTOCARRO
RICHIEDENTE: SIG. DE VIVO FRANCESCO
01/09/2026 - 30/09/2026
</name>
      <description><![CDATA[ORDINANZA 2026/03907<br><br>https://drive.google.com/file/d/1SElaOlYJxp9l7LrmcLk__lFb-QG6rCqc/view<br><br>ISTITUZIONE TEMPORANEA DEL RESTRINGIMENTO DI CARREGGIATA E<br>DEROGA AL DIVIETO DI FERMATA PER I MEZZI AL SERVIZIO DEL<br>RICHIEDENTE SU CORSO ALCIDE DE GASPERI CIV. 417 TRATTO<br>COMPRESO TRA VIA LA SORSA E VIA PENDE PER POSIZIONAMENTO<br>AUTOCARRO DAL 01/09/2026 SINO AL 30/09/2026<br>RICHIEDENTE: SIG. DE VIVO FRANCESCO<br><br><br>Durata e tempistiche: DAL 01/09/2026 AL 30/09/2026]]></description>
      <styleUrl>#icon-1541-E65100</styleUrl>
      <Point>
        <coordinates>
          16.8706075,41.0956636,0
        </coordinates>
      </Point>
    </Placemark>
    <Placemark>
      <name>ORDINANZA 2026/03911
RESTRINGIMENTO DI CARREGGIATA E DIVIETO DI SOSTA AMBO I LATI CON RIMOZIONE FORZATA 
VIA DE ROSSI 86/88 E VIA PUTIGNANI 150/A
POSIZIONAMENTO DI AUTOMEZZI,
RICHIEDENTE: SIG. MONTARULO DOMENICO
07/09/2026 - 27/11/2026
</name>
      <description><![CDATA[ORDINANZA 2026/03911<br><br>https://drive.google.com/file/d/13gYTlooIYlBxSo1_ZFcvYpl7ZP1o0cdt/view<br><br>AUTORIZZAZIONE TEMPORANEA AL TRANSITO DEI MEZZI SUPERIORI AI 35<br><br>Q.LI, IN DEROGA ALL’ORDINANZA SINDACALE N. 2322 DEL 20.3.1991<br>ISTITUZIONE TEMPORANEA DEL RESTRINGIMENTO DI CARREGGIATA,<br>DIVIETO DI SOSTA AMBO I LATI CON RIMOZIONE FORZATA , PER I MEZZI<br>AL SERVIZIO DEL SIG. MONTARULO DOMENICO SU VIA DE ROSSI 86/88 E<br>VIA PUTIGNANI 150/A PER IL PERIODO DAL 07/09/2026 AL 27/11/2026 PER<br>POSIZIONAMENTO DI AUTOMEZZI, AUTOGRÙ, RECINZIONI E PONTEGGIO<br>AUTOSOLLEVANTE .<br>RICHIEDENTE: SIG. MONTARULO DOMENICO<br><br>Durata e tempistiche: DAL 07/09//2026 AL 27/11/2026]]></description>
      <styleUrl>#line-E65100-6038</styleUrl>
      <LineString>
        <tessellate>1</tessellate>
        <coordinates>
          16.8656919,41.1231252,0
          16.8654653,41.1231141,0
          16.8654807,41.1229504,0
        </coordinates>
      </LineString>
    </Placemark>
    <Placemark>
      <name>ORDINANZA 2026/03911
RESTRINGIMENTO DI CARREGGIATA E DIVIETO DI SOSTA AMBO I LATI CON RIMOZIONE FORZATA 
VIA DE ROSSI 86/88 E VIA PUTIGNANI 150/A
POSIZIONAMENTO DI AUTOMEZZI,
RICHIEDENTE: SIG. MONTARULO DOMENICO
07/09/2026 - 27/11/2026
</name>
      <description><![CDATA[ORDINANZA 2026/03911<br><br>https://drive.google.com/file/d/13gYTlooIYlBxSo1_ZFcvYpl7ZP1o0cdt/view<br><br>AUTORIZZAZIONE TEMPORANEA AL TRANSITO DEI MEZZI SUPERIORI AI 35<br><br>Q.LI, IN DEROGA ALL’ORDINANZA SINDACALE N. 2322 DEL 20.3.1991<br>ISTITUZIONE TEMPORANEA DEL RESTRINGIMENTO DI CARREGGIATA,<br>DIVIETO DI SOSTA AMBO I LATI CON RIMOZIONE FORZATA , PER I MEZZI<br>AL SERVIZIO DEL SIG. MONTARULO DOMENICO SU VIA DE ROSSI 86/88 E<br>VIA PUTIGNANI 150/A PER IL PERIODO DAL 07/09/2026 AL 27/11/2026 PER<br>POSIZIONAMENTO DI AUTOMEZZI, AUTOGRÙ, RECINZIONI E PONTEGGIO<br>AUTOSOLLEVANTE .<br>RICHIEDENTE: SIG. MONTARULO DOMENICO<br><br>Durata e tempistiche: DAL 07/09//2026 AL 27/11/2026]]></description>
      <styleUrl>#icon-1541-E65100</styleUrl>
      <Point>
        <coordinates>
          16.8654794,41.1231035,0
        </coordinates>
      </Point>
    </Placemark>
    <Placemark>
      <name>ORDINANZA 2026/03914
DIVIETO DI SOSTA E RESTRINGIMENTO CARREGGIATA
VIA NICOLA DE GIOSA
BRT
IMPRESA ESECUTRICE: R.T.I. COBAR S.P.A. - MER MEC STE S.R.L.
27/07/2026 - 30/09/2026</name>
      <description><![CDATA[PROROGATA FINO AL 30/09/2026<br>Ordinanza 2026/03914<br>https://drive.google.com/file/d/1q7dRtc-bk5cWG0w7O73P4NpmdEM65IX0/view <br><br><br>ORDINANZA 2026/03654<br>https://drive.google.com/file/d/1ma5STakeMyXUnvKQ7yLkVyDPrVJ9ixhR/view<br><br>LAVORI DI REALIZZAZIONE DI UN SISTEMA BRT PER LA CITTÀ DI BARI -<br>FINANZIATO DALLA UNIONE EUROPEA NEXT GENERATION EU -<br>TRASPORTO RAPIDO DI MASSA - MISURA M2C2 - INV 4.2 DEL PNRR - CUP:<br>J91B21002850001<br>REGOLAMENTAZIONE TEMPORANEA DELLA CIRCOLAZIONE STRADALE SU<br>VIA NICOLA DE GIOSA <br>IMPRESA ESECUTRICE: R.T.I. COBAR S.P.A. - MER MEC STE S.R.L.<br><br>Durata e Tempistiche: 27/07/2026 - 27/08/2026]]></description>
      <styleUrl>#icon-1541-E65100</styleUrl>
      <Point>
        <coordinates>
          16.8737637,41.1201658,0
        </coordinates>
      </Point>
    </Placemark>
    <Placemark>
      <name>ORDINANZA 2026/03914
DIVIETO DI SOSTA E RESTRINGIMENTO CARREGGIATA 
VIA NICOLA DE GIOSA 
BRT
IMPRESA ESECUTRICE: R.T.I. COBAR S.P.A. - MER MEC STE S.R.L.
27/07/2026 - 30/09/2026</name>
      <description><![CDATA[PROROGATA FINO AL 30/09/2026<br>Ordinanza 2026/03914<br>https://drive.google.com/file/d/1q7dRtc-bk5cWG0w7O73P4NpmdEM65IX0/view<br><br>ORDINANZA 2026/03654<br>https://drive.google.com/file/d/1ma5STakeMyXUnvKQ7yLkVyDPrVJ9ixhR/view<br><br>LAVORI DI REALIZZAZIONE DI UN SISTEMA BRT PER LA CITTÀ DI BARI -<br>FINANZIATO DALLA UNIONE EUROPEA NEXT GENERATION EU -<br>TRASPORTO RAPIDO DI MASSA - MISURA M2C2 - INV 4.2 DEL PNRR - CUP:<br>J91B21002850001<br>REGOLAMENTAZIONE TEMPORANEA DELLA CIRCOLAZIONE STRADALE SU<br>VIA NICOLA DE GIOSA <br>IMPRESA ESECUTRICE: R.T.I. COBAR S.P.A. - MER MEC STE S.R.L.<br><br>Durata e Tempistiche: 27/07/2026 - 27/08/2026]]></description>
      <styleUrl>#line-E65100-5650</styleUrl>
      <LineString>
        <tessellate>1</tessellate>
        <coordinates>
          16.8738931,41.1201431,0
          16.873565,41.123193,0
        </coordinates>
      </LineString>
    </Placemark>
    <Placemark>
      <name>ORDINANZA 2026/03918
RESTRINGIMENTO CARREGGIATA E DIVIETO DI FERMATA SU ENTRAMBE LE CARREGGIATE
VIALE GIUSEPPE DI VITTORIO
BRT
IMPRESA ESECUTRICE: R.T.I. COBAR S.P.A. - MER MEC STE S.R.L.
29/06/2026 - 30/09/2026</name>
      <description><![CDATA[PROROGATA FINO AL 30/09/2026<br>Ordinanza 2026/03918<br>https://drive.google.com/file/d/1tKm6fRyDeboEo2AUinUFA-lY01t2mfdD/view <br>----<br>PRORGATA FINO AL 29/08/2026 DALLA 2026/03714<br>https://drive.google.com/file/d/10BO7FwUINiiP93c5HOOpTdocLFnWxjHO/view<br>----<br>Ordinanza: 2026/03107<br><br>https://drive.google.com/file/d/1r84iiIM4uthw4ZknK6lDZobl30f3pKmL/view<br><br>LAVORI DI REALIZZAZIONE DI UN SISTEMA BRT PER LA CITTÀ DI BARI -<br>FINANZIATO DALLA UNIONE EUROPEA NEXT GENERATION EU -<br>TRASPORTO RAPIDO DI MASSA - MISURA M2C2 - INV 4.2 DEL PNRR - CUP:<br>J91B21002850001<br>REGOLAMENTAZIONE TEMPORANEA DELLA CIRCOLAZIONE STRADALE SU<br>VIALE GIUSEPPE DI VITTORIO <br>IMPRESA ESECUTRICE: R.T.I. COBAR S.P.A. - MER MEC STE S.R.L.<br><br>Durata e Tempistiche: 29/06/2026 - 29/07/2026]]></description>
      <styleUrl>#icon-1541-E65100</styleUrl>
      <Point>
        <coordinates>
          16.8772327,41.1075196,0
        </coordinates>
      </Point>
    </Placemark>
    <Placemark>
      <name>ORDINANZA 2026/03918
RESTRINGIMENTO CARREGGIATA E DIVIETO DI FERMATA SU ENTRAMBE LE CARREGGIATE
VIALE GIUSEPPE DI VITTORIO
BRT
IMPRESA ESECUTRICE: R.T.I. COBAR S.P.A. - MER MEC STE S.R.L.
29/06/2026 - 30/09/2026
</name>
      <description><![CDATA[PROROGATA FINO AL 30/09/2026<br>Ordinanza 2026/03918<br>https://drive.google.com/file/d/1tKm6fRyDeboEo2AUinUFA-lY01t2mfdD/view<br>-------<br>PROROGATA FINO AL 29/08/2026 DALLA 2026/03714<br>https://drive.google.com/file/d/10BO7FwUINiiP93c5HOOpTdocLFnWxjHO/view<br><br>Ordinanza: 2026/03107<br><br>https://drive.google.com/file/d/1r84iiIM4uthw4ZknK6lDZobl30f3pKmL/view<br><br>LAVORI DI REALIZZAZIONE DI UN SISTEMA BRT PER LA CITTÀ DI BARI -<br>FINANZIATO DALLA UNIONE EUROPEA NEXT GENERATION EU -<br>TRASPORTO RAPIDO DI MASSA - MISURA M2C2 - INV 4.2 DEL PNRR - CUP:<br>J91B21002850001<br>REGOLAMENTAZIONE TEMPORANEA DELLA CIRCOLAZIONE STRADALE SU<br>VIALE GIUSEPPE DI VITTORIO <br>IMPRESA ESECUTRICE: R.T.I. COBAR S.P.A. - MER MEC STE S.R.L.<br><br>Durata e Tempistiche: 29/06/2026 - 29/07/2026]]></description>
      <styleUrl>#line-E65100-4488</styleUrl>
      <LineString>
        <tessellate>1</tessellate>
        <coordinates>
          16.8746804,41.1071683,0
          16.8746884,41.1071097,0
          16.8748145,41.1070248,0
          16.8749647,41.1069784,0
          16.8750854,41.1070632,0
          16.8758042,41.1071845,0
          16.8762495,41.1072088,0
          16.8772312,41.1072047,0
          16.877473,41.107204,0
          16.8777059,41.1072674,0
          16.8777059,41.1073502,0
          16.8776952,41.107423,0
          16.8776362,41.1074674,0
          16.877482,41.107485,0
          16.8773412,41.1074634,0
          16.8759625,41.1073421,0
          16.8752061,41.1072431,0
          16.8747609,41.1071784,0
        </coordinates>
      </LineString>
    </Placemark>
    <Placemark>
      <name>ORDINANZA 2026/03951
RESTRINGIMENTO DI CARREGGIATA,
DEROGA AL DIVIETO DI FERMATA IN LOCO
VIA CAPRUZZI NR 210-212
POSIZIONAMENTO RECINZIONE DI CANTIERE
RICHIEDENTE: SIG. SAVINI GABRIELE
02/09/2026 - 23/12/2026</name>
      <description><![CDATA[ORDINANZA 2026/03951<br>https://drive.google.com/file/d/1Ykl5bD2TJkSgZofRwXmV5JSa0cWZdeGp/view?usp=sharing<br><br>Istituzione temporanea del restringimento di carreggiata e deroga al divieto di fermata in loco istituito per i mezzi al servizio del richiedente su<br>Via Capruzzi nr 210-212 tratto compreso tra via Devitofrancesco e via Giulio Petroni per un’estensione di 10 m, per il posizionamento di recinzione da cantiere.<br>Richiedente: sig. SAVINI Gabriele<br><br> Durata e Tempistiche: 02/09/2026 - 23/12/2026]]></description>
      <styleUrl>#line-E65100-7394</styleUrl>
      <LineString>
        <tessellate>1</tessellate>
        <coordinates>
          16.8679688,41.1167425,0
          16.8680509,41.11675,0
        </coordinates>
      </LineString>
    </Placemark>
    <Placemark>
      <name>ORDINANZA 2026/03951
RESTRINGIMENTO DI CARREGGIATA,
DEROGA AL DIVIETO DI FERMATA IN LOCO
VIA CAPRUZZI NR 210-212
POSIZIONAMENTO RECINZIONE DI CANTIERE
RICHIEDENTE: SIG. SAVINI GABRIELE
02/09/2026 - 23/12/2026</name>
      <description><![CDATA[ORDINANZA 2026/03951<br>https://drive.google.com/file/d/1Ykl5bD2TJkSgZofRwXmV5JSa0cWZdeGp/view?usp=sharing<br><br>Istituzione temporanea del restringimento di carreggiata e deroga al divieto di fermata in loco istituito per i mezzi al servizio del richiedente su<br>Via Capruzzi nr 210-212 tratto compreso tra via Devitofrancesco e via Giulio Petroni per un’estensione di 10 m, per il posizionamento di recinzione da cantiere.<br>Richiedente: sig. SAVINI Gabriele<br><br>Durata e Tempistiche: 02/09/2026 - 23/12/2026]]></description>
      <styleUrl>#icon-1541-E65100</styleUrl>
      <Point>
        <coordinates>
          16.8680142,41.1167216,0
        </coordinates>
      </Point>
    </Placemark>
    <Placemark>
      <name><![CDATA[ORDINANZA 2026/03952
DESTITUZIONE ZONA ZTL AI VEICOLI DELLA DITTA
RESTRINGIMENTO DI CARREGGIATA, DIVIETO DI SOSTA E FERMATA CON RIMOZIONE FORZATA
VIA VENEZIA DAL CIV .3 AL CIV .77 B DI PIAZZA MERCANTILE
PIAZZA MERCANTILE DAL CIV.69 AL CIV.12 DI VIA RE MANFREDI 
LUNGOMARE IMPERATORE AUGUSTO DAL CIV.9 AL CIV.19;
(DIVIETO DI SOSTA E FERMATA AMBO I LATI, PARTE SINISTRA E DESTRA
DEL VARCO ZTL N.6)
PIAZZA MERCANTILE DAL CIV .80 AL CIV .18 DI PIAZZA FERRARESE
LAVORI DI SCAVO PER POSA IMPIANTI
Richiedente: ditta Patano Impianti & Costruzioni Srl
21/09/2026 - 30/10/2026 DALLE ORE 07:30 ALLE ORE 19:00
]]></name>
      <description><![CDATA[ORDINANZA 2026/03952<br>https://drive.google.com/file/d/18bb2jjgL-TkdTJnMn4xT5_47zcjDb2tM/view?usp=sharing<br>AUTORIZZAZIONE TEMPORANEA AL TRANSITO E ALLA SOSTA NELLA CITTA’<br>VECCHIA DI BARI IN DEROGA ALL’ORDINANZA N. N. 2026/03112 DEL<br>26.6.2026<br> D’ISTITUZIONE DELLA ZTL AI VEICOLI AL SERVIZIO DELLA DITTA<br>PATANO IMPIANTI & COSTRUZIONI SRL E RESTRINGIMENTO DI<br>CARREGGIATA E DIVIETO DI SOSTA E FERMATA AMBO I LATI CON<br>RIMOZIONE FORZATA SU VIA VENEZIA DAL CIV .3 AL CIV .77 B DI PIAZZA<br>MERCANTILE ; -PIAZZA MERCANTILE DAL CIV.69 AL CIV.12 DI VIA RE<br>MANFREDI ; -LUNGOMARE IMPERATORE AUGUSTO DAL CIV.9 AL CIV.19;<br>(DIVIETO DI SOSTA E FERMATA AMBO I LATI, PARTE SINISTRA E DESTRA<br>DEL VARCO ZTL N.6)-PIAZZA MERCANTILE DAL CIV .80 AL CIV .18 DI PIAZZA<br>FERRARESE PER LAVORI DI SCAVO PER POSA IMPIANTI SU SEDE<br>STRADALE DAL 21/09/2026 AL GIORNO 30/10/2026 DALLE ORE 07:30 ALLE<br>ORE 19:00 .<br> RICHIEDENTE: DITTA PATANO IMPIANTI & COSTRUZIONI SRL <br>- Via Venezia dal civ .3 al civ .77 b di Piazza Mercantile ;<br>- Piazza Mercantile dal civ.69 al civ.12 di Via Re Manfredi ;<br>-Lungomare Imperatore Augusto dal civ.9 al civ.19; (divieto di sosta e fermata ambo i lati, parte sinistra e destra<br>del varco ztl n.6)<br>- Piazza Mercantile dal civ .80 al civ .18 di Piazza Ferrarese<br>Durata e Tempistiche: 21/09/2026 - 30/10/2026 DALLE ORE 07:30 ALLE ORE 19:00]]></description>
      <styleUrl>#icon-1541-E65100</styleUrl>
      <Point>
        <coordinates>
          16.8715778,41.1275063,0
        </coordinates>
      </Point>
    </Placemark>
    <Placemark>
      <name><![CDATA[ORDINANZA 2026/03952
DESTITUZIONE ZONA ZTL AI VEICOLI DELLA DITTA
RESTRINGIMENTO DI CARREGGIATA, DIVIETO DI SOSTA E FERMATA CON RIMOZIONE FORZATA
VIA VENEZIA DAL CIV .3 AL CIV .77 B DI PIAZZA MERCANTILE
PIAZZA MERCANTILE DAL CIV.69 AL CIV.12 DI VIA RE MANFREDI 
LUNGOMARE IMPERATORE AUGUSTO DAL CIV.9 AL CIV.19;
(DIVIETO DI SOSTA E FERMATA AMBO I LATI, PARTE SINISTRA E DESTRA
DEL VARCO ZTL N.6)
PIAZZA MERCANTILE DAL CIV .80 AL CIV .18 DI PIAZZA FERRARESE
LAVORI DI SCAVO PER POSA IMPIANTI
Richiedente: ditta Patano Impianti & Costruzioni Srl
21/09/2026 - 30/10/2026 DALLE ORE 07:30 ALLE ORE 19:00
]]></name>
      <description><![CDATA[ORDINANZA 2026/03952<br>https://drive.google.com/file/d/18bb2jjgL-TkdTJnMn4xT5_47zcjDb2tM/view?usp=sharing<br>AUTORIZZAZIONE TEMPORANEA AL TRANSITO E ALLA SOSTA NELLA CITTA’<br>VECCHIA DI BARI IN DEROGA ALL’ORDINANZA N. N. 2026/03112 DEL<br>26.6.2026<br> D’ISTITUZIONE DELLA ZTL AI VEICOLI AL SERVIZIO DELLA DITTA<br>PATANO IMPIANTI & COSTRUZIONI SRL E RESTRINGIMENTO DI<br>CARREGGIATA E DIVIETO DI SOSTA E FERMATA AMBO I LATI CON<br>RIMOZIONE FORZATA SU VIA VENEZIA DAL CIV .3 AL CIV .77 B DI PIAZZA<br>MERCANTILE ; -PIAZZA MERCANTILE DAL CIV.69 AL CIV.12 DI VIA RE<br>MANFREDI ; -LUNGOMARE IMPERATORE AUGUSTO DAL CIV.9 AL CIV.19;<br>(DIVIETO DI SOSTA E FERMATA AMBO I LATI, PARTE SINISTRA E DESTRA<br>DEL VARCO ZTL N.6)-PIAZZA MERCANTILE DAL CIV .80 AL CIV .18 DI PIAZZA<br>FERRARESE PER LAVORI DI SCAVO PER POSA IMPIANTI SU SEDE<br>STRADALE DAL 21/09/2026 AL GIORNO 30/10/2026 DALLE ORE 07:30 ALLE<br>ORE 19:00 .<br> RICHIEDENTE: DITTA PATANO IMPIANTI & COSTRUZIONI SRL <br>- Via Venezia dal civ .3 al civ .77 b di Piazza Mercantile ;<br>- Piazza Mercantile dal civ.69 al civ.12 di Via Re Manfredi ;<br>-Lungomare Imperatore Augusto dal civ.9 al civ.19; (divieto di sosta e fermata ambo i lati, parte sinistra e destra<br>del varco ztl n.6)<br>- Piazza Mercantile dal civ .80 al civ .18 di Piazza Ferrarese]]></description>
      <styleUrl>#icon-1541-E65100</styleUrl>
      <Point>
        <coordinates>
          16.8720228,41.1280136,0
        </coordinates>
      </Point>
    </Placemark>
    <Placemark>
      <name><![CDATA[ORDINANZA 2026/03952
DESTITUZIONE ZONA ZTL AI VEICOLI DELLA DITTA
RESTRINGIMENTO DI CARREGGIATA, DIVIETO DI SOSTA E FERMATA CON RIMOZIONE FORZATA
VIA VENEZIA DAL CIV .3 AL CIV .77 B DI PIAZZA MERCANTILE
PIAZZA MERCANTILE DAL CIV.69 AL CIV.12 DI VIA RE MANFREDI 
LUNGOMARE IMPERATORE AUGUSTO DAL CIV.9 AL CIV.19;
(DIVIETO DI SOSTA E FERMATA AMBO I LATI, PARTE SINISTRA E DESTRA
DEL VARCO ZTL N.6)
PIAZZA MERCANTILE DAL CIV .80 AL CIV .18 DI PIAZZA FERRARESE
LAVORI DI SCAVO PER POSA IMPIANTI
Richiedente: ditta Patano Impianti & Costruzioni Srl
21/09/2026 - 30/10/2026 DALLE ORE 07:30 ALLE ORE 19:00]]></name>
      <description><![CDATA[ORDINANZA 2026/03952<br>https://drive.google.com/file/d/18bb2jjgL-TkdTJnMn4xT5_47zcjDb2tM/view?usp=sharing<br>AUTORIZZAZIONE TEMPORANEA AL TRANSITO E ALLA SOSTA NELLA CITTA’<br>VECCHIA DI BARI IN DEROGA ALL’ORDINANZA N. N. 2026/03112 DEL<br>26.6.2026<br> D’ISTITUZIONE DELLA ZTL AI VEICOLI AL SERVIZIO DELLA DITTA<br>PATANO IMPIANTI & COSTRUZIONI SRL E RESTRINGIMENTO DI<br>CARREGGIATA E DIVIETO DI SOSTA E FERMATA AMBO I LATI CON<br>RIMOZIONE FORZATA SU VIA VENEZIA DAL CIV .3 AL CIV .77 B DI PIAZZA<br>MERCANTILE ; -PIAZZA MERCANTILE DAL CIV.69 AL CIV.12 DI VIA RE<br>MANFREDI ; -LUNGOMARE IMPERATORE AUGUSTO DAL CIV.9 AL CIV.19;<br>(DIVIETO DI SOSTA E FERMATA AMBO I LATI, PARTE SINISTRA E DESTRA<br>DEL VARCO ZTL N.6)-PIAZZA MERCANTILE DAL CIV .80 AL CIV .18 DI PIAZZA<br>FERRARESE PER LAVORI DI SCAVO PER POSA IMPIANTI SU SEDE<br>STRADALE DAL 21/09/2026 AL GIORNO 30/10/2026 DALLE ORE 07:30 ALLE<br>ORE 19:00 .<br> RICHIEDENTE: DITTA PATANO IMPIANTI & COSTRUZIONI SRL <br>- Via Venezia dal civ .3 al civ .77 b di Piazza Mercantile ;<br>- Piazza Mercantile dal civ.69 al civ.12 di Via Re Manfredi ;<br>-Lungomare Imperatore Augusto dal civ.9 al civ.19; (divieto di sosta e fermata ambo i lati, parte sinistra e destra<br>del varco ztl n.6)<br>- Piazza Mercantile dal civ .80 al civ .18 di Piazza Ferrarese<br>Durata e Tempistiche: 21/09/2026 - 30/10/2026 DALLE ORE 07:30 ALLE ORE 19:00]]></description>
      <styleUrl>#icon-1541-E65100</styleUrl>
      <Point>
        <coordinates>
          16.8711411,41.1312898,0
        </coordinates>
      </Point>
    </Placemark>
    <Placemark>
      <name><![CDATA[ORDINANZA 2026/03952
DESTITUZIONE ZONA ZTL AI VEICOLI DELLA DITTA
RESTRINGIMENTO DI CARREGGIATA, DIVIETO DI SOSTA E FERMATA CON RIMOZIONE FORZATA
VIA VENEZIA DAL CIV .3 AL CIV .77 B DI PIAZZA MERCANTILE
PIAZZA MERCANTILE DAL CIV.69 AL CIV.12 DI VIA RE MANFREDI 
LUNGOMARE IMPERATORE AUGUSTO DAL CIV.9 AL CIV.19;
(DIVIETO DI SOSTA E FERMATA AMBO I LATI, PARTE SINISTRA E DESTRA
DEL VARCO ZTL N.6)
PIAZZA MERCANTILE DAL CIV .80 AL CIV .18 DI PIAZZA FERRARESE
LAVORI DI SCAVO PER POSA IMPIANTI
Richiedente: ditta Patano Impianti & Costruzioni Srl
21/09/2026 - 30/10/2026 DALLE ORE 07:30 ALLE ORE 19:00
]]></name>
      <description><![CDATA[ORDINANZA 2026/03952<br>https://drive.google.com/file/d/18bb2jjgL-TkdTJnMn4xT5_47zcjDb2tM/view?usp=sharing<br>AUTORIZZAZIONE TEMPORANEA AL TRANSITO E ALLA SOSTA NELLA CITTA’<br>VECCHIA DI BARI IN DEROGA ALL’ORDINANZA N. N. 2026/03112 DEL<br>26.6.2026<br> D’ISTITUZIONE DELLA ZTL AI VEICOLI AL SERVIZIO DELLA DITTA<br>PATANO IMPIANTI & COSTRUZIONI SRL E RESTRINGIMENTO DI<br>CARREGGIATA E DIVIETO DI SOSTA E FERMATA AMBO I LATI CON<br>RIMOZIONE FORZATA SU VIA VENEZIA DAL CIV .3 AL CIV .77 B DI PIAZZA<br>MERCANTILE ; -PIAZZA MERCANTILE DAL CIV.69 AL CIV.12 DI VIA RE<br>MANFREDI ; -LUNGOMARE IMPERATORE AUGUSTO DAL CIV.9 AL CIV.19;<br>(DIVIETO DI SOSTA E FERMATA AMBO I LATI, PARTE SINISTRA E DESTRA<br>DEL VARCO ZTL N.6)-PIAZZA MERCANTILE DAL CIV .80 AL CIV .18 DI PIAZZA<br>FERRARESE PER LAVORI DI SCAVO PER POSA IMPIANTI SU SEDE<br>STRADALE DAL 21/09/2026 AL GIORNO 30/10/2026 DALLE ORE 07:30 ALLE<br>ORE 19:00 .<br> RICHIEDENTE: DITTA PATANO IMPIANTI & COSTRUZIONI SRL <br>- Via Venezia dal civ .3 al civ .77 b di Piazza Mercantile ;<br>- Piazza Mercantile dal civ.69 al civ.12 di Via Re Manfredi ;<br>-Lungomare Imperatore Augusto dal civ.9 al civ.19; (divieto di sosta e fermata ambo i lati, parte sinistra e destra<br>del varco ztl n.6)<br>- Piazza Mercantile dal civ .80 al civ .18 di Piazza Ferrarese<br>Durata e Tempistiche: 21/09/2026 - 30/10/2026 DALLE ORE 07:30 ALLE ORE 19:00]]></description>
      <styleUrl>#icon-1541-E65100</styleUrl>
      <Point>
        <coordinates>
          16.8726859,41.1272657,0
        </coordinates>
      </Point>
    </Placemark>
    <Placemark>
      <name>ORDINANZA 2026/03957
DIVIETO DI TRANSITO
VIA DEI TRULLI IN TORRE A MARE, NEL TRATTO STRADALE COMPRESO TRA VIA RAFFAELE RESTA E VIA FONTANA NUOVA 
ADEGUAMENTO, RIQUALIFICAZIONE E SISTEMAZIONE DELLE
STRADE E MARCIAPIEDI 
IMPRESA ESECUTRICE: FIUMANO TOMA TRIVELLAZIONI S.R.L.
01/09/2026 - 30/09/2026
</name>
      <description><![CDATA[ORDINANZA 2026/03957<br><br>https://drive.google.com/file/d/10hYpNWymfv2t27HubT9vRcmrNFVkSUWJ/view <br><br>ACCORDO QUADRO DEI SERVIZI DI INGEGNERIA E ARCHITETTURA<br>RELATIVI ALLO SVOLGIMENTO DELLE ATTIVITA' DI PROGETTAZIONE,<br>COORDINAMENTO DELLA SICUREZZA IN FASE DI PROGETTAZIONE ED<br>ESECUZIONE, DIREZIONE LAVORI, MISURA E CONTABILITA', REDAZIONE<br>DEL C.R.E. E SUPPORTO AL RUP<br>CIG ACCORDO QUADRO: B6E5E27210<br>DITTA ESECUTRICE: FIUMANO TOMA TRIVELLAZIONI S.R.L. – VIA DEI<br>MESTIERI SNC, 75100 MATERA (P.IVA 00458540770)<br>REGOLAMENTAZIONE TEMPORANEA DELLA CIRCOLAZIONE SU VIA DEI<br>TRULLI DAL CIVICO 19 AL CIVICO 25 IN TORRE A MARE<br><br><br>Nel Mese di settembre, a carattere saltuario nella fascia oraria 8:30 – 14:00.:<br>1. L’istituzione del divieto di transito a tutti i veicoli con massa a pieno carico superiore a 3.5 t esteso<br>anche ai veicoli adibiti al trasporto di persone su via dei Trulli in Torre a Mare ad esclusione<br>dell’impresa esecutrice dei lavori;<br>2. L’istituzione del divieto di transito a tutti i veicoli su via dei Trulli in Torre a Mare nel tratto stradale<br>compreso tra via Raffaele Resta e via Fontana Nuova, eccetto frontisti e impresa esecutrice dei<br>lavori;<br>o L’ingresso e l’uscita dei frontisti e dell’impresa esecutrice dei lavori diretti su via dei Trulli<br>nel tratto compreso tra via Resta ed il civ. 21 dovrà avvenire da via Resta;<br>o L’ingresso e l’uscita dei frontisti e dell’impresa esecutrice dei lavori diretti su via dei Trulli<br>nel tratto compreso tra via Fontana Nuova ed il civ. 23 dovrà avvenire da via Fontana<br>Nuova;<br><br>Il divieto di transito e i provvedimenti correlati e consequenziali hanno carattere saltuario, in quanto<br>applicabili esclusivamente in concomitanza delle lavorazioni di cantiere e delle operazioni di carico e<br>scarico cose".<br><br><br>Durata e tempistiche: DAL 01/09/2026 AL 30/09/2026]]></description>
      <styleUrl>#line-E65100-5456</styleUrl>
      <LineString>
        <tessellate>1</tessellate>
        <coordinates>
          17.0044579,41.0876019,0
          17.0053725,41.0866315,0
          17.0058124,41.0866639,0
          17.0063274,41.086676,0
        </coordinates>
      </LineString>
    </Placemark>
    <Placemark>
      <name>ORDINANZA 2026/03957
DIVIETO DI TRANSITO
VIA DEI TRULLI IN TORRE A MARE, NEL TRATTO STRADALE COMPRESO TRA VIA RAFFAELE RESTA E VIA FONTANA NUOVA 
ADEGUAMENTO, RIQUALIFICAZIONE E SISTEMAZIONE DELLE
STRADE E MARCIAPIEDI 
IMPRESA ESECUTRICE: FIUMANO TOMA TRIVELLAZIONI S.R.L.
01/09/2026 - 30/09/2026
</name>
      <description><![CDATA[ORDINANZA 2026/03957<br><br>https://drive.google.com/file/d/10hYpNWymfv2t27HubT9vRcmrNFVkSUWJ/view <br><br>ACCORDO QUADRO DEI SERVIZI DI INGEGNERIA E ARCHITETTURA<br>RELATIVI ALLO SVOLGIMENTO DELLE ATTIVITA' DI PROGETTAZIONE,<br>COORDINAMENTO DELLA SICUREZZA IN FASE DI PROGETTAZIONE ED<br>ESECUZIONE, DIREZIONE LAVORI, MISURA E CONTABILITA', REDAZIONE<br>DEL C.R.E. E SUPPORTO AL RUP<br>CIG ACCORDO QUADRO: B6E5E27210<br>DITTA ESECUTRICE: FIUMANO TOMA TRIVELLAZIONI S.R.L. – VIA DEI<br>MESTIERI SNC, 75100 MATERA (P.IVA 00458540770)<br>REGOLAMENTAZIONE TEMPORANEA DELLA CIRCOLAZIONE SU VIA DEI<br>TRULLI DAL CIVICO 19 AL CIVICO 25 IN TORRE A MARE<br><br><br>Nel Mese di settembre, a carattere saltuario nella fascia oraria 8:30 – 14:00.:<br>1. L’istituzione del divieto di transito a tutti i veicoli con massa a pieno carico superiore a 3.5 t esteso<br>anche ai veicoli adibiti al trasporto di persone su via dei Trulli in Torre a Mare ad esclusione<br>dell’impresa esecutrice dei lavori;<br>2. L’istituzione del divieto di transito a tutti i veicoli su via dei Trulli in Torre a Mare nel tratto stradale<br>compreso tra via Raffaele Resta e via Fontana Nuova, eccetto frontisti e impresa esecutrice dei<br>lavori;<br>o L’ingresso e l’uscita dei frontisti e dell’impresa esecutrice dei lavori diretti su via dei Trulli<br>nel tratto compreso tra via Resta ed il civ. 21 dovrà avvenire da via Resta;<br>o L’ingresso e l’uscita dei frontisti e dell’impresa esecutrice dei lavori diretti su via dei Trulli<br>nel tratto compreso tra via Fontana Nuova ed il civ. 23 dovrà avvenire da via Fontana<br>Nuova;<br><br>Il divieto di transito e i provvedimenti correlati e consequenziali hanno carattere saltuario, in quanto<br>applicabili esclusivamente in concomitanza delle lavorazioni di cantiere e delle operazioni di carico e<br>scarico cose".<br><br><br>Durata e tempistiche: DAL 01/09/2026 AL 30/09/2026]]></description>
      <styleUrl>#icon-1541-E65100</styleUrl>
      <Point>
        <coordinates>
          17.0053537,41.0866113,0
        </coordinates>
      </Point>
    </Placemark>
    <Placemark>
      <name>ORDINANZA 2026/03958
DIVIETO DI SOSTA E DI FERMATA AMBO I LATI CON RIMOZIONE FORZATA CON RESTRINGIMENTO DI CARREGGIATA
VIA AMENDOLA, VIA CESARE DIOMEDE FRESA, VIA CELSO ULPIANI
RIPRISTINO MANTO STRADALE
IMPRESA ESECUTRICE: NORD COSTRUZIONI GENERALI S.R.L.
31/08/2026 - 02/10/2026
</name>
      <description><![CDATA[ORDINANZA 2026/03958<br><br>https://drive.google.com/file/d/1kEmV44O1-pjILMUzoQeWNvBgFByM-8i0/view<br><br>ISTITUZIONE TEMPORANEA PER DIVIETO DI SOSTA E DI FERMATA AMBO I LATI CON RIMOZIONE FORZATA CON RESTRINGIMENTO DI CARREGGIATA<br>SU VIA AMENDOLA (DA VIA CELSO ULPIANI A VIA CASTROMEDIANO), VIA CESARE DIOMEDE FRESA (DA VIA AMENDOLA A FINE STRADA) E VIA CELSO ULPIANI (DA VIA AMENDOLA A VIA G. RE DAVID) – BARI” DAL GIORNO 31 AGOSTO 2026 AL 02 OTTOBRE 2026 DALLE ORE 07.00 ALLE ORE 17.00 PER LAVORI DI RIPRISTINO MANTO STRADALE C/ENEL<br>SOCIETÀ: NORD COSTRUZIONI GENERALI S.R.L.<br><br>Durata e tempistiche: DAL 31/08/2026 AL 02/10/2026]]></description>
      <styleUrl>#line-E65100-4875</styleUrl>
      <LineString>
        <tessellate>1</tessellate>
        <coordinates>
          16.8795905,41.1155425,0
          16.8818247,41.1126855,0
        </coordinates>
      </LineString>
    </Placemark>
    <Placemark>
      <name>ORDINANZA 2026/03958
DIVIETO DI SOSTA E DI FERMATA AMBO I LATI CON RIMOZIONE FORZATA CON RESTRINGIMENTO DI CARREGGIATA
VIA AMENDOLA, VIA CESARE DIOMEDE FRESA, VIA CELSO ULPIANI
RIPRISTINO MANTO STRADALE
IMPRESA ESECUTRICE: NORD COSTRUZIONI GENERALI S.R.L.
31/08/2026 - 02/10/2026
</name>
      <description><![CDATA[ORDINANZA 2026/03958<br><br>https://drive.google.com/file/d/1kEmV44O1-pjILMUzoQeWNvBgFByM-8i0/view<br><br>ISTITUZIONE TEMPORANEA PER DIVIETO DI SOSTA E DI FERMATA AMBO I LATI CON RIMOZIONE FORZATA CON RESTRINGIMENTO DI CARREGGIATA<br>SU VIA AMENDOLA (DA VIA CELSO ULPIANI A VIA CASTROMEDIANO), VIA CESARE DIOMEDE FRESA (DA VIA AMENDOLA A FINE STRADA) E VIA CELSO ULPIANI (DA VIA AMENDOLA A VIA G. RE DAVID) – BARI” DAL GIORNO 31 AGOSTO 2026 AL 02 OTTOBRE 2026 DALLE ORE 07.00 ALLE ORE 17.00 PER LAVORI DI RIPRISTINO MANTO STRADALE C/ENEL<br>SOCIETÀ: NORD COSTRUZIONI GENERALI S.R.L.<br><br>Durata e tempistiche: DAL 31/08/2026 AL 02/10/2026]]></description>
      <styleUrl>#line-E65100-5069</styleUrl>
      <LineString>
        <tessellate>1</tessellate>
        <coordinates>
          16.8903654,41.101123,0
          16.8890136,41.1036656,0
          16.8876027,41.1032816,0
          16.8872701,41.1035282,0
        </coordinates>
      </LineString>
    </Placemark>
    <Placemark>
      <name>ORDINANZA 2026/03958
DIVIETO DI SOSTA E DI FERMATA AMBO I LATI CON RIMOZIONE FORZATA CON RESTRINGIMENTO DI CARREGGIATA
VIA AMENDOLA, VIA CESARE DIOMEDE FRESA, VIA CELSO ULPIANI
RIPRISTINO MANTO STRADALE
IMPRESA ESECUTRICE: NORD COSTRUZIONI GENERALI S.R.L.
31/08/2026 - 02/10/2026
</name>
      <description><![CDATA[ORDINANZA 2026/03958<br><br>https://drive.google.com/file/d/1kEmV44O1-pjILMUzoQeWNvBgFByM-8i0/view<br><br>ISTITUZIONE TEMPORANEA PER DIVIETO DI SOSTA E DI FERMATA AMBO I LATI CON RIMOZIONE FORZATA CON RESTRINGIMENTO DI CARREGGIATA<br>SU VIA AMENDOLA (DA VIA CELSO ULPIANI A VIA CASTROMEDIANO), VIA CESARE DIOMEDE FRESA (DA VIA AMENDOLA A FINE STRADA) E VIA CELSO ULPIANI (DA VIA AMENDOLA A VIA G. RE DAVID) – BARI” DAL GIORNO 31 AGOSTO 2026 AL 02 OTTOBRE 2026 DALLE ORE 07.00 ALLE ORE 17.00 PER LAVORI DI RIPRISTINO MANTO STRADALE C/ENEL<br>SOCIETÀ: NORD COSTRUZIONI GENERALI S.R.L.<br><br>Durata e tempistiche: DAL 31/08/2026 AL 02/10/2026]]></description>
      <styleUrl>#line-E65100-5263</styleUrl>
      <LineString>
        <tessellate>1</tessellate>
        <coordinates>
          16.8767254,41.1103766,0
          16.8793347,41.1104865,0
          16.8794934,41.1115891,0
          16.8817648,41.112669,0
        </coordinates>
      </LineString>
    </Placemark>
    <Placemark>
      <name>ORDINANZA 2026/03958
DIVIETO DI SOSTA E DI FERMATA AMBO I LATI CON RIMOZIONE FORZATA CON RESTRINGIMENTO DI CARREGGIATA
VIA AMENDOLA, VIA CESARE DIOMEDE FRESA, VIA CELSO ULPIANI
RIPRISTINO MANTO STRADALE
IMPRESA ESECUTRICE: NORD COSTRUZIONI GENERALI S.R.L.
31/08/2026 - 02/10/2026
</name>
      <description><![CDATA[ORDINANZA 2026/03958<br><br>https://drive.google.com/file/d/1kEmV44O1-pjILMUzoQeWNvBgFByM-8i0/view<br><br>ISTITUZIONE TEMPORANEA PER DIVIETO DI SOSTA E DI FERMATA AMBO I LATI CON RIMOZIONE FORZATA CON RESTRINGIMENTO DI CARREGGIATA<br>SU VIA AMENDOLA (DA VIA CELSO ULPIANI A VIA CASTROMEDIANO), VIA CESARE DIOMEDE FRESA (DA VIA AMENDOLA A FINE STRADA) E VIA CELSO ULPIANI (DA VIA AMENDOLA A VIA G. RE DAVID) – BARI” DAL GIORNO 31 AGOSTO 2026 AL 02 OTTOBRE 2026 DALLE ORE 07.00 ALLE ORE 17.00 PER LAVORI DI RIPRISTINO MANTO STRADALE C/ENEL<br>SOCIETÀ: NORD COSTRUZIONI GENERALI S.R.L.<br><br>Durata e tempistiche: DAL 31/08/2026 AL 02/10/2026]]></description>
      <styleUrl>#icon-1541-E65100</styleUrl>
      <Point>
        <coordinates>
          16.8898987,41.1024508,0
        </coordinates>
      </Point>
    </Placemark>
    <Placemark>
      <name>ORDINANZA 2026/03958
DIVIETO DI SOSTA E DI FERMATA AMBO I LATI CON RIMOZIONE FORZATA CON RESTRINGIMENTO DI CARREGGIATA
VIA AMENDOLA, VIA CESARE DIOMEDE FRESA, VIA CELSO ULPIANI
RIPRISTINO MANTO STRADALE
IMPRESA ESECUTRICE: NORD COSTRUZIONI GENERALI S.R.L.
31/08/2026 - 02/10/2026
</name>
      <description><![CDATA[ORDINANZA 2026/03958<br><br>https://drive.google.com/file/d/1kEmV44O1-pjILMUzoQeWNvBgFByM-8i0/view<br><br>ISTITUZIONE TEMPORANEA PER DIVIETO DI SOSTA E DI FERMATA AMBO I LATI CON RIMOZIONE FORZATA CON RESTRINGIMENTO DI CARREGGIATA<br>SU VIA AMENDOLA (DA VIA CELSO ULPIANI A VIA CASTROMEDIANO), VIA CESARE DIOMEDE FRESA (DA VIA AMENDOLA A FINE STRADA) E VIA CELSO ULPIANI (DA VIA AMENDOLA A VIA G. RE DAVID) – BARI” DAL GIORNO 31 AGOSTO 2026 AL 02 OTTOBRE 2026 DALLE ORE 07.00 ALLE ORE 17.00 PER LAVORI DI RIPRISTINO MANTO STRADALE C/ENEL<br>SOCIETÀ: NORD COSTRUZIONI GENERALI S.R.L.<br><br>Durata e tempistiche: DAL 31/08/2026 AL 02/10/2026]]></description>
      <styleUrl>#icon-1541-E65100</styleUrl>
      <Point>
        <coordinates>
          16.8796132,41.1115251,0
        </coordinates>
      </Point>
    </Placemark>
    <Placemark>
      <name>ORDINANZA 2026/03958
DIVIETO DI SOSTA E DI FERMATA AMBO I LATI CON RIMOZIONE FORZATA CON RESTRINGIMENTO DI CARREGGIATA
VIA AMENDOLA, VIA CESARE DIOMEDE FRESA, VIA CELSO ULPIANI
RIPRISTINO MANTO STRADALE
IMPRESA ESECUTRICE: NORD COSTRUZIONI GENERALI S.R.L.
31/08/2026 - 02/10/2026
</name>
      <description><![CDATA[ORDINANZA 2026/03958<br><br>https://drive.google.com/file/d/1kEmV44O1-pjILMUzoQeWNvBgFByM-8i0/view<br><br>ISTITUZIONE TEMPORANEA PER DIVIETO DI SOSTA E DI FERMATA AMBO I LATI CON RIMOZIONE FORZATA CON RESTRINGIMENTO DI CARREGGIATA<br>SU VIA AMENDOLA (DA VIA CELSO ULPIANI A VIA CASTROMEDIANO), VIA CESARE DIOMEDE FRESA (DA VIA AMENDOLA A FINE STRADA) E VIA CELSO ULPIANI (DA VIA AMENDOLA A VIA G. RE DAVID) – BARI” DAL GIORNO 31 AGOSTO 2026 AL 02 OTTOBRE 2026 DALLE ORE 07.00 ALLE ORE 17.00 PER LAVORI DI RIPRISTINO MANTO STRADALE C/ENEL<br>SOCIETÀ: NORD COSTRUZIONI GENERALI S.R.L.<br><br>Durata e tempistiche: DAL 31/08/2026 AL 02/10/2026]]></description>
      <styleUrl>#icon-1541-E65100</styleUrl>
      <Point>
        <coordinates>
          16.8812861,41.1138392,0
        </coordinates>
      </Point>
    </Placemark>
    <Placemark>
      <name><![CDATA[ORDINANZA 2026/03997
DIVIETO DI TRANSITO SULLA SEMI-CARREGGIATA (CON ESECUZIONE
ALTERNATA SULLE CORSIE LATO MARE E LATO TERRA) E DIVIETO DI
FERMATA
TRADA DETTA DELLA MARINA (LOC. SAN GIORGIO) DALL'INTERSEZIONE CON LA TRAVERSA 46 FINO ALLA TRAVERSA 58 
INDAGINI GEO-DIAGNOSTICHE
RICHIEDENTE: FIUMANO TOMA TRIVELLAZIONI S.R.L. –
01/09/2026 - 30/09/2026]]></name>
      <description><![CDATA[ORDINANZA 2026/03997<br><br>https://drive.google.com/file/d/1UBsWY-cZhxC_p-2XDLwYHLUNovTDa7qX/view<br>nel mese di settembre, a carattere saltuario nella fascia oraria 8:30 – 14:00 è istituito:<br> Divieto di transito sulla semi-carreggiata (con esecuzione alternata sulle corsie lato mare e lato terra) e<br>divieto di fermata su Su Strada detta della Marina (loc. San Giorgio) dall'intersezione con la Traversa 46<br>fino alla Traversa 58<br> Il divieto di transito e i provvedimenti correlati e consequenziali hanno carattere saltuario, in quanto<br>applicabili esclusivamente in concomitanza delle lavorazioni di cantiere e delle operazioni di carico e<br>scarico cose<br>Il divieto di cui ai punto 1) dovrà essere adeguatamente segnalato mediante posizionamento di segnaletica<br>mobile di preavviso da parte dell’impresa esecutrice, almeno 48 ore prima dell’intervento.<br>Tutti i provvedimenti in contrasto con la presente sono momentaneamente e provvisoriamente sospese e<br>divengono nuovamente efficaci all’esaurimento dei termini previsti al punto 1) del presente disposto.<br>E’ fatto obbligo all’Impresa, esecutrice dei lavori, di:<br>a. consentire lo stazionamento dei mezzi al servizio della forza pubblica e di soccorso pubblico e privato all’interno<br>dell’area riservata in argomento a richiesta degli agenti del traffico, liberando tempestivamente l’area in<br>argomento da ogni veicolo in sosta;<br>b. installare e mantenere a proprie spese la segnaletica stradale, conforme a quanto disposto dall’art. 21 del D.L.gs.<br>n. 285 del 30.4.1992 e dagli artt. 30, 31, 32, 34, 37, 38, 40 e 42 del Regolamento di attuazione ed esecuzione del<br>N.C.d.S. restando responsabile di ogni danno a persone e/o cose derivante dai divieti e/o prescrizioni di cui sopra<br>o da difetto di segnaletica e sollevando il Comune di Bari ed i suoi funzionari, da ogni responsabilità in merito;<br>c. la segnaletica stradale apposta dovrà essere non facilmente spostabile dai luoghi interessati ai lavori;<br>d. apporre la segnaletica stradale nei luoghi interessati dai lavori, per rendere noto all’utenza il<br>provvedimento ordinatorio (C.d.S. Decreto Legislativo n. 285 del 30.4.1992, art. 6, comma 4, lett. f)<br>trasmettendo al Comando Polizia Municipale esclusivamente a mezzo e-mail all’indirizzo<br>“salaoperativa@comune.bari.it”, la dichiarazione sostitutiva di atto notorio allegato alla presente<br>ordinanza;<br>TERMINE E DURATA: DAL GIORNO 01.09.2026 AL GIORNO 30.09.2026 DALLE ORE 08.00 -14.00]]></description>
      <styleUrl>#icon-1541-E65100</styleUrl>
      <Point>
        <coordinates>
          16.974169,41.0952032,0
        </coordinates>
      </Point>
    </Placemark>
    <Placemark>
      <name>ORDINANZA 2026/03995
DIVIETO DI SOSTA
AMBO I ALTI, SENSO UNICO ALTERNATO NONCHÉ RESTRINGIMENTO
CARREGGIATA E ALL’OCCORRENZA DIVIETO DI TRANSITO
TRAVERSA BRIGATA REGINA
MONITORAGGIO DELLE GRANDEZZE IDRAULICHE
RICHIEDENTE: ACCIONA AGUA S.A.
08/09/2026 - 30/10/2026</name>
      <description><![CDATA[ORDINANZA 2026/03995<br><br>https://drive.google.com/file/d/1zr05Gp0CVo4iseNKZ-zduu9tPiliu1Hw/view<br>Istituzione temporanea del divieto di sosta ambo i alti, senso<br>unico alternato nonché restringimento carreggiata e all’occorrenza divieto di transito su .<br>traversa Brigata Regina<br><br>3. Tutti i provvedimenti in contrasto con la presente sono momentaneamente e provvisoriamente sospesi e<br>divengono nuovamente efficaci all’esaurimento dei termini previsti dal presente disposto;<br>TERMINE E DURATA: DAL GIORNO 08.09.2026 AL GIORNO 30.10.2026]]></description>
      <styleUrl>#icon-1541-E65100</styleUrl>
      <Point>
        <coordinates>
          16.8502425,41.1288776,0
        </coordinates>
      </Point>
    </Placemark>
    <Placemark>
      <name>ORDINANZA 2026/04016
DIVIETO DI SOSTA AMBO I ALTI, SENSO UNICO ALTERNATO RESTRINGIMENTO CARREGGIATA E ALL’OCCORRENZA DIVIETO DI TRANSITO
VIA MONTE GRAPPA 
VIA MAGGIORE FRANCESCO BARACCA
SOSTITUZIONE DEI TRONCHI VETUSTI ED AMMALORATI
RICHIEDENTE: ACCIONA AGUA S.A.
07/09/2026 - 30/10/2026</name>
      <description><![CDATA[Ordinanza 2026/04016<br><br>https://drive.google.com/file/d/1imeYHj8TWROx9qD2v3iFfTohMHkJIKTO/view<br><br>P1557 LOTTO 1. PROGRAMMA DEGLI INTERVENTI AQP 2020-2023<br>“INTERVENTI MIRATI PER CONSEGUIRE LA DISTRETTUALIZZAZIONE, IL<br>CONTROLLO DELLE PRESSIONI ED IL MONITORAGGIO DELLE GRANDEZZE<br>IDRAULICHE NELLE RETI DEL TERRITORIO SERVITO DALL’ACQUEDOTTO<br>PUGLIESE E SOSTITUZIONE DEI TRONCHI VETUSTI ED AMMALORATI -<br>ORDINANZA PER ISTITUIRE TEMPORANEAMENTE UN DIVIETO DI SOSTA<br>AMBO I ALTI, SENSO UNICO ALTERNATO NONCHÉ RESTRINGIMENTO<br>CARREGGIATA E ALL’OCCORRENZA DIVIETO DI TRANSITO SU VIA<br>MONTE GRAPPA E<br>VIA MAGGIORE FRANCESCO BARACCA, DAL O 07/09/2026 AL<br>30/10/2026<br>SOCIETÀ: ACCIONA AGUA S.A.<br><br>Durata e Tempistiche: 07/09/2026 - 30/10/2026]]></description>
      <styleUrl>#line-E65100-3519</styleUrl>
      <LineString>
        <tessellate>1</tessellate>
        <coordinates>
          16.865916,41.1095893,0
          16.8718387,41.1086366,0
        </coordinates>
      </LineString>
    </Placemark>
    <Placemark>
      <name>ORDINANZA 2026/04016
DIVIETO DI SOSTA AMBO I ALTI, SENSO UNICO ALTERNATO RESTRINGIMENTO CARREGGIATA E ALL’OCCORRENZA DIVIETO DI TRANSITO
VIA MONTE GRAPPA 
VIA MAGGIORE FRANCESCO BARACCA
SOSTITUZIONE DEI TRONCHI VETUSTI ED AMMALORATI
RICHIEDENTE: ACCIONA AGUA S.A.
07/09/2026 - 30/10/2026</name>
      <description><![CDATA[Ordinanza 2026/04016<br><br>https://drive.google.com/file/d/1imeYHj8TWROx9qD2v3iFfTohMHkJIKTO/view<br><br>P1557 LOTTO 1. PROGRAMMA DEGLI INTERVENTI AQP 2020-2023<br>“INTERVENTI MIRATI PER CONSEGUIRE LA DISTRETTUALIZZAZIONE, IL<br>CONTROLLO DELLE PRESSIONI ED IL MONITORAGGIO DELLE GRANDEZZE<br>IDRAULICHE NELLE RETI DEL TERRITORIO SERVITO DALL’ACQUEDOTTO<br>PUGLIESE E SOSTITUZIONE DEI TRONCHI VETUSTI ED AMMALORATI -<br>ORDINANZA PER ISTITUIRE TEMPORANEAMENTE UN DIVIETO DI SOSTA<br>AMBO I ALTI, SENSO UNICO ALTERNATO NONCHÉ RESTRINGIMENTO<br>CARREGGIATA E ALL’OCCORRENZA DIVIETO DI TRANSITO SU VIA<br>MONTE GRAPPA E<br>VIA MAGGIORE FRANCESCO BARACCA, DAL O 07/09/2026 AL<br>30/10/2026<br>SOCIETÀ: ACCIONA AGUA S.A.<br><br>Durata e Tempistiche: 07/09/2026 - 30/10/2026]]></description>
      <styleUrl>#line-E65100-3519</styleUrl>
      <LineString>
        <tessellate>1</tessellate>
        <coordinates>
          16.8679521,41.1103438,0
          16.8678507,41.1097824,0
          16.8677554,41.1093468,0
          16.8676779,41.1089157,0
          16.8677017,41.1080174,0
          16.8677137,41.1076267,0
          16.8677178,41.107267,0
        </coordinates>
      </LineString>
    </Placemark>
    <Placemark>
      <name>ORDINANZA 2026/04016
DIVIETO DI SOSTA AMBO I ALTI, SENSO UNICO ALTERNATO RESTRINGIMENTO CARREGGIATA E ALL’OCCORRENZA DIVIETO DI TRANSITO
VIA MONTE GRAPPA 
VIA MAGGIORE FRANCESCO BARACCA
SOSTITUZIONE DEI TRONCHI VETUSTI ED AMMALORATI
RICHIEDENTE: ACCIONA AGUA S.A.
07/09/2026 - 30/10/2026
</name>
      <description><![CDATA[Ordinanza 2026/04016<br><br>https://drive.google.com/file/d/1imeYHj8TWROx9qD2v3iFfTohMHkJIKTO/view<br><br>P1557 LOTTO 1. PROGRAMMA DEGLI INTERVENTI AQP 2020-2023<br>“INTERVENTI MIRATI PER CONSEGUIRE LA DISTRETTUALIZZAZIONE, IL<br>CONTROLLO DELLE PRESSIONI ED IL MONITORAGGIO DELLE GRANDEZZE<br>IDRAULICHE NELLE RETI DEL TERRITORIO SERVITO DALL’ACQUEDOTTO<br>PUGLIESE E SOSTITUZIONE DEI TRONCHI VETUSTI ED AMMALORATI -<br>ORDINANZA PER ISTITUIRE TEMPORANEAMENTE UN DIVIETO DI SOSTA<br>AMBO I ALTI, SENSO UNICO ALTERNATO NONCHÉ RESTRINGIMENTO<br>CARREGGIATA E ALL’OCCORRENZA DIVIETO DI TRANSITO SU VIA<br>MONTE GRAPPA E<br>VIA MAGGIORE FRANCESCO BARACCA, DAL O 07/09/2026 AL<br>30/10/2026<br>SOCIETÀ: ACCIONA AGUA S.A.<br><br>Durata e Tempistiche: 07/09/2026 - 30/10/2026]]></description>
      <styleUrl>#icon-1541-E65100</styleUrl>
      <Point>
        <coordinates>
          16.8675986,41.1094336,0
        </coordinates>
      </Point>
    </Placemark>
    <Placemark>
      <name>ORDINANZA 2026/04015
DIVIETO DI SOSTA AMBO I ALTI, SENSO UNICO ALTERNATO RESTRINGIMENTO CARREGGIATA E ALL’OCCORRENZA DIVIETO DI TRANSITO
STRADA MADONNA DELLA STELLA
SOSTITUZIONE DEI TRONCHI VETUSTI ED AMMALORATI
RICHIEDENTE: ACCIONA AGUA S.A.
08/09/2026 - 30/10/2026</name>
      <description><![CDATA[ORDINANZA 2026/04015<br><br>https://drive.google.com/file/d/1OE01_4i6Szg1xSajBq58TxWOL537srzC/view<br><br>P1557 LOTTO 1. PROGRAMMA DEGLI INTERVENTI AQP 2020-2023<br>“INTERVENTI MIRATI PER CONSEGUIRE LA DISTRETTUALIZZAZIONE, IL<br>CONTROLLO DELLE PRESSIONI ED IL MONITORAGGIO DELLE GRANDEZZE<br>IDRAULICHE NELLE RETI DEL TERRITORIO SERVITO DALL’ACQUEDOTTO<br>PUGLIESE E SOSTITUZIONE DEI TRONCHI VETUSTI ED AMMALORATI -<br>ORDINANZA PER ISTITUIRE TEMPORANEAMENTE UN DIVIETO DI SOSTA<br>AMBO I ALTI, SENSO UNICO ALTERNATO NONCHÉ RESTRINGIMENTO<br>CARREGGIATA E ALL’OCCORRENZA DIVIETO DI TRANSITO SU STRADA<br>MADONNA DELLA STELLA, DAL O 08/09/2026 AL 30/9/2026<br>SOCIETÀ: ACCIONA AGUA S.A.<br><br>Durata e Tempistiche: 08/09/2026 - 30/10/2026]]></description>
      <styleUrl>#line-E65100-4100</styleUrl>
      <LineString>
        <tessellate>1</tessellate>
        <coordinates>
          16.9688384,41.0917864,0
          16.9689874,41.0924917,0
          16.9691424,41.0929813,0
          16.9694643,41.0939247,0
        </coordinates>
      </LineString>
    </Placemark>
    <Placemark>
      <name>ORDINANZA 2026/04015
DIVIETO DI SOSTA AMBO I ALTI, SENSO UNICO ALTERNATO RESTRINGIMENTO CARREGGIATA E ALL’OCCORRENZA DIVIETO DI TRANSITO
STRADA MADONNA DELLA STELLA
SOSTITUZIONE DEI TRONCHI VETUSTI ED AMMALORATI
RICHIEDENTE: ACCIONA AGUA S.A.
08/09/2026 - 30/10/2026</name>
      <description><![CDATA[ORDINANZA 2026/04015<br><br>https://drive.google.com/file/d/1OE01_4i6Szg1xSajBq58TxWOL537srzC/view<br><br>P1557 LOTTO 1. PROGRAMMA DEGLI INTERVENTI AQP 2020-2023<br>“INTERVENTI MIRATI PER CONSEGUIRE LA DISTRETTUALIZZAZIONE, IL<br>CONTROLLO DELLE PRESSIONI ED IL MONITORAGGIO DELLE GRANDEZZE<br>IDRAULICHE NELLE RETI DEL TERRITORIO SERVITO DALL’ACQUEDOTTO<br>PUGLIESE E SOSTITUZIONE DEI TRONCHI VETUSTI ED AMMALORATI -<br>ORDINANZA PER ISTITUIRE TEMPORANEAMENTE UN DIVIETO DI SOSTA<br>AMBO I ALTI, SENSO UNICO ALTERNATO NONCHÉ RESTRINGIMENTO<br>CARREGGIATA E ALL’OCCORRENZA DIVIETO DI TRANSITO SU STRADA<br>MADONNA DELLA STELLA, DAL O 08/09/2026 AL 30/9/2026<br>SOCIETÀ: ACCIONA AGUA S.A.<br><br>Durata e Tempistiche: 08/09/2026 - 30/10/2026]]></description>
      <styleUrl>#icon-1541-E65100</styleUrl>
      <Point>
        <coordinates>
          16.9695358,41.0938087,0
        </coordinates>
      </Point>
    </Placemark>
    <Placemark>
      <name>ORDINANZA 2026/04014
DIVIETO DI SOSTA AMBO I ALTI, SENSO UNICO ALTERNATO RESTRINGIMENTO CARREGGIATA E ALL’OCCORRENZA DIVIETO DI TRANSITO
VIA FONTANA NUOVA
SOSTITUZIONE DEI TRONCHI VETUSTI ED AMMALORATI
RICHIEDENTE: ACCIONA AGUA S.A.
07/09/2026 - 30/11/2026</name>
      <description><![CDATA[Ordinanza 2026/04014<br><br>https://drive.google.com/file/d/1IZUOIa1WSFhlahK4f84BStCcpUqs4Nh3/view<br><br>P1557 LOTTO 1. PROGRAMMA DEGLI INTERVENTI AQP 2020-2023<br>“INTERVENTI MIRATI PER CONSEGUIRE LA DISTRETTUALIZZAZIONE, IL<br>CONTROLLO DELLE PRESSIONI ED IL MONITORAGGIO DELLE GRANDEZZE<br>IDRAULICHE NELLE RETI DEL TERRITORIO SERVITO DALL’ACQUEDOTTO<br>PUGLIESE E SOSTITUZIONE DEI TRONCHI VETUSTI ED AMMALORATI -<br>ORDINANZA PER ISTITUIRE TEMPORANEAMENTE UN DIVIETO DI SOSTA<br>AMBO I ALTI, SENSO UNICO ALTERNATO NONCHÉ RESTRINGIMENTO<br>CARREGGIATA E ALL’OCCORRENZA DIVIETO DI TRANSITO SU VIA<br>FONTANA NUOVA, DAL 07/09/2026 AL 30/11/20<br>SOCIETÀ: ACCIONA AGUA S.A.<br><br>Durata e tempistiche: 07/09/2026 - 30/11/2026]]></description>
      <styleUrl>#line-E65100-3713</styleUrl>
      <LineString>
        <tessellate>1</tessellate>
        <coordinates>
          17.0062902,41.0866426,0
          17.0053603,41.084284,0
        </coordinates>
      </LineString>
    </Placemark>
    <Placemark>
      <name>ORDINANZA 2026/04014
DIVIETO DI SOSTA AMBO I ALTI, SENSO UNICO ALTERNATO RESTRINGIMENTO CARREGGIATA E ALL’OCCORRENZA DIVIETO DI TRANSITO
VIA FONTANA NUOVA
SOSTITUZIONE DEI TRONCHI VETUSTI ED AMMALORATI
RICHIEDENTE: ACCIONA AGUA S.A.
07/09/2026 - 30/11/2026</name>
      <description><![CDATA[Ordinanza 2026/04014<br><br>https://drive.google.com/file/d/1IZUOIa1WSFhlahK4f84BStCcpUqs4Nh3/view<br><br>P1557 LOTTO 1. PROGRAMMA DEGLI INTERVENTI AQP 2020-2023<br>“INTERVENTI MIRATI PER CONSEGUIRE LA DISTRETTUALIZZAZIONE, IL<br>CONTROLLO DELLE PRESSIONI ED IL MONITORAGGIO DELLE GRANDEZZE<br>IDRAULICHE NELLE RETI DEL TERRITORIO SERVITO DALL’ACQUEDOTTO<br>PUGLIESE E SOSTITUZIONE DEI TRONCHI VETUSTI ED AMMALORATI -<br>ORDINANZA PER ISTITUIRE TEMPORANEAMENTE UN DIVIETO DI SOSTA<br>AMBO I ALTI, SENSO UNICO ALTERNATO NONCHÉ RESTRINGIMENTO<br>CARREGGIATA E ALL’OCCORRENZA DIVIETO DI TRANSITO SU VIA<br>FONTANA NUOVA, DAL 07/09/2026 AL 30/11/20<br>SOCIETÀ: ACCIONA AGUA S.A.<br><br>Durata e tempistiche: 07/09/2026 - 30/11/2026]]></description>
      <styleUrl>#icon-1541-E65100</styleUrl>
      <Point>
        <coordinates>
          17.0062604,41.0862944,0
        </coordinates>
      </Point>
    </Placemark>
    <Placemark>
      <name>ORDINANZA 2026/04006
RESTRINGIMENTO CARREGGIATA CON DIVIETO DI SOSTA
VIA TRIESTE CIVV 80-84
PER POSIZIONAMENTO PONTEGGIO
IMPRESA ESECUTRICE: “ROMANO COSTRUZIONI S.R.L.”
01/09/2026 - 02/11/2026</name>
      <description><![CDATA[ORDINANZA 2026/04006<br><br>https://drive.google.com/file/d/1amCTOE360yKIiuHtuat8cnqJH48Rqckg/view<br><br>ISTITUZIONE TEMPORANEA DEL RESTRINGIMENTO CARREGGIATA CON DIVIETO DI SOSTA FRONTE VIA TRIESTE CIVV 80-84 DA VIA TORRE D’AMORE AL CIV. 47 DI VIA TRIESTE PER POSIZIONAMENTO PONTEGGIO<br>PER SVOLGERE ATTIVITÀ DI MANUTENZIONE STRAORDINARIA PROSPETTO<br>DAL 01/09/2026 AL 02/11/2026.<br>IMPRESA: “ROMANO COSTRUZIONI S.R.L.”<br>ISTANTE: BARTOLOMEO ROMANO (LEGALE RAPPRESENTANTE DELLA<br>SOCIETÀ)<br><br><br><br>Durata e tempistiche: DAL 01/09/2026 AL 02/11/2026]]></description>
      <styleUrl>#icon-1541-E65100</styleUrl>
      <Point>
        <coordinates>
          16.8637613,41.0637748,0
        </coordinates>
      </Point>
    </Placemark>
    <Placemark>
      <name>ORDINANZA 2026/04006
RESTRINGIMENTO CARREGGIATA CON DIVIETO DI SOSTA
VIA TRIESTE CIVV 80-84
PER POSIZIONAMENTO PONTEGGIO
IMPRESA ESECUTRICE: “ROMANO COSTRUZIONI S.R.L.”
01/09/2026 - 02/11/2026
</name>
      <description><![CDATA[ORDINANZA 2026/04006<br><br>https://drive.google.com/file/d/1amCTOE360yKIiuHtuat8cnqJH48Rqckg/view<br><br>ISTITUZIONE TEMPORANEA DEL RESTRINGIMENTO CARREGGIATA CON DIVIETO DI SOSTA FRONTE VIA TRIESTE CIVV 80-84 DA VIA TORRE D’AMORE AL CIV. 47 DI VIA TRIESTE PER POSIZIONAMENTO PONTEGGIO<br>PER SVOLGERE ATTIVITÀ DI MANUTENZIONE STRAORDINARIA PROSPETTO<br>DAL 01/09/2026 AL 02/11/2026.<br>IMPRESA: “ROMANO COSTRUZIONI S.R.L.”<br>ISTANTE: BARTOLOMEO ROMANO (LEGALE RAPPRESENTANTE DELLA<br>SOCIETÀ)<br><br><br><br>Durata e tempistiche: DAL 01/09/2026 AL 02/11/2026]]></description>
      <styleUrl>#line-E65100-6231</styleUrl>
      <LineString>
        <tessellate>1</tessellate>
        <coordinates>
          16.8634692,41.0637032,0
          16.8638192,41.0637477,0
        </coordinates>
      </LineString>
    </Placemark>
    <Placemark>
      <name>ORDINANZA 2026/04302 
DIVIETO DI SOSTA
AMBO I ALTI, SENSO UNICO ALTERNATO NONCHÉ RESTRINGIMENTO
CARREGGIATA E ALL’OCCORRENZA DIVIETO DI TRANSITO
VIA NITTO DE ROSSI
VIA VITTORIO MALCANGI
VIA NICOLA DE CRESCENZO
VIA FRANCESCO CRISPI, 1.
CONTROLLO DELLE PRESSIONI ED IL MONITORAGGIO DELLE GRANDEZZE
IDRAULICHE AQP
IMPRESA ESECUTRICE: ACCIONA AGUA S.A.
02/07/2026 - 30/11/2026</name>
      <description><![CDATA[ORDINANZA 2026/04302 <br>https://drive.google.com/file/d/1NFiCBL5xZMTI7YuPF_MZZeYFe7aizxm9/view<br><br>P1557 - PROGRAMMA DEGLI INTERVENTI AQP 2020-2023 “INTERVENTI MIRATI PER CONSEGUIRE LA DISTRETTUALIZZAZIONE, IL CONTROLLO DELLE PRESSIONI ED IL MONITORAGGIO DELLE GRANDEZZE IDRAULICHE NELLE RETI DEL TERRITORIO SERVITO DALL’ACQUEDOTTO PUGLIESE E SOSTITUZIONE DEI TRONCHI VETUSTI ED AMMALORATI - LOTTO1 - BA1”. ORDINANZA PER ISTITUIRE TEMPORANEAMENTE UN DIVIETO DI SOSTA AMBO I LATI, SENSO UNICO ALTERNATO NONCHÉ RESTRINGIMENTO CARREGGIATA E ALL’OCCORRENZA DIVIETO DI TRANSITO SU VIA NITTO DE ROSSI, VIA VITTORIO MALCANGI, VIA NICOLA DE CRESCENZO, VIA FRANCESCO CRISPI – DAL GIORNO 05/10/2026 AL 30/11/2026. SOCIETÀ: ACCIONA AGUA S.A. <br><br>Durata e tempistiche: 05/10/2026 - 30/11/2026<br><br>PROROGATA DALLA ORDINANZA 2026/04012<br>FINO AL 02/10/2026<br>https://drive.google.com/file/d/1nXR8oMCRr88LkjnO_J9gOSYWtcvxhn_f/view<br><br>Ordinanza 2026/03284<br><br>https://drive.google.com/file/d/1jLW4qcJ9xD5odb773B5DM1qdU4O_Hjns/view<br><br>P1557 LOTTO 1. PROGRAMMA DEGLI INTERVENTI AQP 2020-2023<br>“INTERVENTI MIRATI PER CONSEGUIRE LA DISTRETTUALIZZAZIONE, IL<br>CONTROLLO DELLE PRESSIONI ED IL MONITORAGGIO DELLE GRANDEZZE<br>IDRAULICHE NELLE RETI DEL TERRITORIO SERVITO DALL’ACQUEDOTTO<br>PUGLIESE E SOSTITUZIONE DEI TRONCHI VETUSTI ED AMMALORATI -<br>ORDINANZA PER ISTITUIRE TEMPORANEAMENTE UN DIVIETO DI SOSTA<br>AMBO I ALTI, SENSO UNICO ALTERNATO NONCHÉ RESTRINGIMENTO<br>CARREGGIATA E ALL’OCCORRENZA DIVIETO DI TRANSITO SU VIA<br>NAPOLI ANGOLO BRIGATA REGINA, VIA NITTO DE ROSSI, VIA VITTORIO<br>MALCANGI, VIA NICOLA DE CRESCENZO, VIA FRANCESCO CRISPI, 1.<br>DALLA DATA DI EMANAZIONE DELLA PRESENTE ORDINANZA AL<br>07/08/2026<br>SOCIETÀ: ACCIONA AGUA S.A.<br><br>Durata e tempistiche:02/07/2026 - 07/08/2026]]></description>
      <styleUrl>#icon-1541-E65100</styleUrl>
      <Point>
        <coordinates>
          16.8503635,41.1223413,0
        </coordinates>
      </Point>
    </Placemark>
    <Placemark>
      <name>ORDINANZA 2026/04302
DIVIETO DI SOSTA
AMBO I ALTI, SENSO UNICO ALTERNATO NONCHÉ RESTRINGIMENTO
CARREGGIATA E ALL’OCCORRENZA DIVIETO DI TRANSITO
VIA NITTO DE ROSSI
VIA VITTORIO MALCANGI
VIA NICOLA DE CRESCENZO
VIA FRANCESCO CRISPI, 1.
CONTROLLO DELLE PRESSIONI ED IL MONITORAGGIO DELLE GRANDEZZE
IDRAULICHE AQP
IMPRESA ESECUTRICE: ACCIONA AGUA S.A.
02/07/2026 - 30/11/2026</name>
      <description><![CDATA[ORDINANZA 2026/04302 <br>https://drive.google.com/file/d/1NFiCBL5xZMTI7YuPF_MZZeYFe7aizxm9/view<br><br>P1557 - PROGRAMMA DEGLI INTERVENTI AQP 2020-2023 “INTERVENTI MIRATI PER CONSEGUIRE LA DISTRETTUALIZZAZIONE, IL CONTROLLO DELLE PRESSIONI ED IL MONITORAGGIO DELLE GRANDEZZE IDRAULICHE NELLE RETI DEL TERRITORIO SERVITO DALL’ACQUEDOTTO PUGLIESE E SOSTITUZIONE DEI TRONCHI VETUSTI ED AMMALORATI - LOTTO1 - BA1”. ORDINANZA PER ISTITUIRE TEMPORANEAMENTE UN DIVIETO DI SOSTA AMBO I LATI, SENSO UNICO ALTERNATO NONCHÉ RESTRINGIMENTO CARREGGIATA E ALL’OCCORRENZA DIVIETO DI TRANSITO SU VIA NITTO DE ROSSI, VIA VITTORIO MALCANGI, VIA NICOLA DE CRESCENZO, VIA FRANCESCO CRISPI – DAL GIORNO 05/10/2026 AL 30/11/2026. SOCIETÀ: ACCIONA AGUA S.A. <br><br>Durata e tempistiche: 05/10/2026 - 30/11/2026<br><br>PROROGATA DALLA ORDINANZA 2026/04012<br>FINO AL 02/10/2026<br>https://drive.google.com/file/d/1nXR8oMCRr88LkjnO_J9gOSYWtcvxhn_f/view<br><br>Ordinanza 2026/03284<br><br>https://drive.google.com/file/d/1jLW4qcJ9xD5odb773B5DM1qdU4O_Hjns/view<br><br>P1557 LOTTO 1. PROGRAMMA DEGLI INTERVENTI AQP 2020-2023<br>“INTERVENTI MIRATI PER CONSEGUIRE LA DISTRETTUALIZZAZIONE, IL<br>CONTROLLO DELLE PRESSIONI ED IL MONITORAGGIO DELLE GRANDEZZE<br>IDRAULICHE NELLE RETI DEL TERRITORIO SERVITO DALL’ACQUEDOTTO<br>PUGLIESE E SOSTITUZIONE DEI TRONCHI VETUSTI ED AMMALORATI -<br>ORDINANZA PER ISTITUIRE TEMPORANEAMENTE UN DIVIETO DI SOSTA<br>AMBO I ALTI, SENSO UNICO ALTERNATO NONCHÉ RESTRINGIMENTO<br>CARREGGIATA E ALL’OCCORRENZA DIVIETO DI TRANSITO SU VIA<br>NAPOLI ANGOLO BRIGATA REGINA, VIA NITTO DE ROSSI, VIA VITTORIO<br>MALCANGI, VIA NICOLA DE CRESCENZO, VIA FRANCESCO CRISPI, 1.<br>DALLA DATA DI EMANAZIONE DELLA PRESENTE ORDINANZA AL<br>07/08/2026<br>SOCIETÀ: ACCIONA AGUA S.A.<br><br>Durata e tempistiche:02/07/2026 - 07/08/2026]]></description>
      <styleUrl>#line-E65100-4488</styleUrl>
      <LineString>
        <tessellate>1</tessellate>
        <coordinates>
          16.8483089,41.1213477,0
          16.8508737,41.1217953,0
          16.8509596,41.1216983,0
          16.8509885,41.1217135,0
          16.8505673,41.1222782,0
          16.8505566,41.1222913,0
          16.8498257,41.1220357,0
          16.8498123,41.1220499,0
          16.8505365,41.1223045,0
          16.8500443,41.1231314,0
        </coordinates>
      </LineString>
    </Placemark>
    <Placemark>
      <name>ORDINANZA 2026/04010
CHIUSURA AL TRANSITO VEICOLARE CON DIVIETO DI SOSTA E FERMATA
VIA SANT’ANGELO
PER COSTRUZIONE FOGNATURA PLUVIALE
IMPRESA ESECUTRICE: FAP SRL
02/09/2026 - 30/11/2026
</name>
      <description><![CDATA[ORDINANZA 2026/04010<br><br>https://drive.google.com/file/d/14F57mM7Zzk0uzqtk9-Vu73SQtNGnNYLo/view<br><br>PN21006. ACCORDO QUADRO PER LAVORI DI COSTRUZIONE DELLA<br>FOGNATURA PLUVIALE A SERVIZIO DELLE EX FRAZIONI CEGLIE E<br>CARBONARA. ORDINANZA PER DIVIETO DI SOSTA E DI FERMATA, E<br>CHIUSURA AL TRANSITO VEICOLARE DI TUTTA LA VIA SANT’ANGELO<br>PARTENDO DALL’INTERSEZIONE CON VIA DOMENICO DI VENERE FINO<br>ALL’INCROCIO CON PIAZZA VITTORIO EMANUELE, PER LAVORI DI NUOVA<br>COSTRUZIONE DELLA FOGNATURA PLUVIALE COMUNALE. 3° CONTRATTO<br>ATTUATIVO – CIG 8551675973, DALL’ESECUTIVITÀ DELL’ATTO SINO AL<br>30/11/2026.<br>IMPRESA:FAP SRL<br><br>Durata e tempistiche: DAL 02/09/2026 AL 30/11/2026]]></description>
      <styleUrl>#line-E65100-4875</styleUrl>
      <LineString>
        <tessellate>1</tessellate>
        <coordinates>
          16.8683842,41.065711,0
          16.8658897,41.0660709,0
          16.866107,41.0647201,0
        </coordinates>
      </LineString>
    </Placemark>
    <Placemark>
      <name>ORDINANZA 2026/04010
CHIUSURA AL TRANSITO VEICOLARE CON DIVIETO DI SOSTA E FERMATA
VIA SANT’ANGELO
PER COSTRUZIONE FOGNATURA PLUVIALE
IMPRESA ESECUTRICE: FAP SRL
02/09/2026 - 30/11/2026
</name>
      <description><![CDATA[ORDINANZA 2026/04010<br><br>https://drive.google.com/file/d/14F57mM7Zzk0uzqtk9-Vu73SQtNGnNYLo/view<br><br>PN21006. ACCORDO QUADRO PER LAVORI DI COSTRUZIONE DELLA<br>FOGNATURA PLUVIALE A SERVIZIO DELLE EX FRAZIONI CEGLIE E<br>CARBONARA. ORDINANZA PER DIVIETO DI SOSTA E DI FERMATA, E<br>CHIUSURA AL TRANSITO VEICOLARE DI TUTTA LA VIA SANT’ANGELO<br>PARTENDO DALL’INTERSEZIONE CON VIA DOMENICO DI VENERE FINO<br>ALL’INCROCIO CON PIAZZA VITTORIO EMANUELE, PER LAVORI DI NUOVA<br>COSTRUZIONE DELLA FOGNATURA PLUVIALE COMUNALE. 3° CONTRATTO<br>ATTUATIVO – CIG 8551675973, DALL’ESECUTIVITÀ DELL’ATTO SINO AL<br>30/11/2026.<br>IMPRESA:FAP SRL<br><br>Durata e tempistiche: DAL 02/09/2026 AL 30/11/2026]]></description>
      <styleUrl>#icon-1541-E65100</styleUrl>
      <Point>
        <coordinates>
          16.865972,41.0655752,0
        </coordinates>
      </Point>
    </Placemark>
    <Placemark>
      <name>ORDINANZA 2026/04019
RESTRINGIMENTO DI CARREGGIATA E
DEL DIVIETO DI SOSTA CON RIMOZIONE FORZATA AMBO I LATI
VIA PASQUALE PAOLI
VIALE PETRU GIOACCHINO
LAVORI IMPIANTI STRADALI RETE GAS METANO
IMPRESA ESECUTRICE: IMPRESA FAP S.R.L. PER RETEGAS BARI S.P.A. – BARI
05/09/2026 - 20/09/2026</name>
      <description><![CDATA[PROROGATA FINO AL 20/09/2026<br>Ordinanza 2026/04019<br>https://drive.google.com/file/d/1EIBhRsamzGnEELLpaffk7oYdNSdHfZvc/view<br><br>---<br>Ordinanza 2026/03283<br><br>https://drive.google.com/file/d/1ywg9mvcq3sYI_VvkuJ5JG06SwEn-2XzI/view<br><br>ISTITUZIONE TEMPORANEA DEL RESTRINGIMENTO DI CARREGGIATA E<br>DEL DIVIETO DI SOSTA CON RIMOZIONE FORZATA AMBO I LATI PER<br>LAVORI IMPIANTI STRADALI RETE GAS METANO SU VIA PASQUALE PAOLI E<br>VIALE PETRU GIOACCHINO <br>RICHIEDENTE: RETEGAS BARI S.P.A. – BARI.<br>IMPRESA FAP S.R.L..<br><br>Durata e Tempistiche: 06/07/2026 - 04/09/2026]]></description>
      <styleUrl>#icon-1541-E65100</styleUrl>
      <Point>
        <coordinates>
          16.8486101,41.1271774,0
        </coordinates>
      </Point>
    </Placemark>
    <Placemark>
      <name>ORDINANZA 2026/04019
RESTRINGIMENTO DI CARREGGIATA E
DEL DIVIETO DI SOSTA CON RIMOZIONE FORZATA AMBO I LATI
VIA PASQUALE PAOLI
VIALE PETRU GIOACCHINO
LAVORI IMPIANTI STRADALI RETE GAS METANO
IMPRESA ESECUTRICE: IMPRESA FAP S.R.L. PER RETEGAS BARI S.P.A. – BARI
05/09/2026 - 20/09/2026</name>
      <description><![CDATA[PROROGATA FINO AL 20/09/2026<br>Ordinanza 2026/04019<br>https://drive.google.com/file/d/1EIBhRsamzGnEELLpaffk7oYdNSdHfZvc/view<br><br>---<br>Ordinanza 2026/03283<br><br>https://drive.google.com/file/d/1ywg9mvcq3sYI_VvkuJ5JG06SwEn-2XzI/view<br><br>ISTITUZIONE TEMPORANEA DEL RESTRINGIMENTO DI CARREGGIATA E<br>DEL DIVIETO DI SOSTA CON RIMOZIONE FORZATA AMBO I LATI PER<br>LAVORI IMPIANTI STRADALI RETE GAS METANO SU VIA PASQUALE PAOLI E<br>VIALE PETRU GIOACCHINO <br>RICHIEDENTE: RETEGAS BARI S.P.A. – BARI.<br>IMPRESA FAP S.R.L..<br><br>Durata e Tempistiche: 06/07/2026 - 04/09/2026]]></description>
      <styleUrl>#line-E65100-3906</styleUrl>
      <LineString>
        <tessellate>1</tessellate>
        <coordinates>
          16.8485028,41.1272703,0
          16.8484626,41.1265914,0
          16.8483982,41.1257328,0
          16.8484089,41.125654,0
          16.8486879,41.1256378,0
          16.8489159,41.1256216,0
        </coordinates>
      </LineString>
    </Placemark>
    <Placemark>
      <name>ORDINANZA 2026/04040 + ORDINANZA 2026/04051DI RETTIFICA 
ISTITUZIONE TEMPORANEA DEL RESTRINGIMENTO DI CARREGGIATA E DEL DIVIETO DI SOSTA CON RIMOZIONE FORZATA AMBO I LATI PER
LAVORI IMPIANTI STRADALI RETE GAS METANO SU VIA CIRILLO TRATTO
COMPRESO TRA VIA DEI MILLE E VIA PISACANE
TERMINE E DURATA: DAL GIORNO 14.9.2026 AL GIORNO 30.9.2026.
IMPRESA ESECUTRICE:RETEGAS BARI S.P.A. – BARI</name>
      <description><![CDATA[ORDINANZA 2026/04040<br>https://drive.google.com/file/d/1MMmmd39gnrCubJtn066zAuYhF5pDdxLc/view<br>Restringimento di carreggiata e divieto di sosta con rimozione forzata ambo i lati su:<br>1 via Cirillo tratto compreso tra via Dei Mille e via Pisacane<br><br>Tutte le ordinanze sindacali in contrasto con la presente sono provvisoriamente sospese e divengono nuovamente efficaci al raggiungimento dei termini<br>previsti dal presente disposto.<br>______________<br>ORDINANZA 2026/04051 DI RETTIFICA<br>https://drive.google.com/file/d/1XTxwvcbXWrT5EIW7yObk6VunUAvjo2bN/view?usp=sharing<br><br>dal giorno 14.9.2026 al giorno 30.9.2026, è istituito:<br>Restringimento di carreggiata e divieto di sosta con rimozione forzata ambo i lati su:<br>1 via Cirillo tratto compreso tra via Dei Mille e via Pisacane <br><br>TERMINE E DURATA: DAL GIORNO 14.9.2026 AL GIORNO 30.9.2026.]]></description>
      <styleUrl>#line-E65100-3906</styleUrl>
      <LineString>
        <tessellate>1</tessellate>
        <coordinates>
          16.8772135,41.113357,0
          16.8786723,41.1140187,0
        </coordinates>
      </LineString>
    </Placemark>
    <Placemark>
      <name>ORDINANZA 2026/04040 + ORDINANZA 2026/04051DI RETTIFICA 
ISTITUZIONE TEMPORANEA DEL RESTRINGIMENTO DI CARREGGIATA E DEL DIVIETO DI SOSTA CON RIMOZIONE FORZATA AMBO I LATI PER
LAVORI IMPIANTI STRADALI RETE GAS METANO SU VIA CIRILLO TRATTO
COMPRESO TRA VIA DEI MILLE E VIA PISACANE
TERMINE E DURATA: DAL GIORNO 14.9.2026 AL GIORNO 30.9.2026.
IMPRESA ESECUTRICE:RETEGAS BARI S.P.A. – BARI.
</name>
      <description><![CDATA[ORDINANZA 2026/04040<br>https://drive.google.com/file/d/1MMmmd39gnrCubJtn066zAuYhF5pDdxLc/view<br>Restringimento di carreggiata e divieto di sosta con rimozione forzata ambo i lati su:<br>1 via Cirillo tratto compreso tra via Dei Mille e via Pisacane<br><br>Tutte le ordinanze sindacali in contrasto con la presente sono provvisoriamente sospese e divengono nuovamente efficaci al raggiungimento dei termini<br>previsti dal presente disposto.<br>______________<br>ORDINANZA 2026/04051 DI RETTIFICA<br>https://drive.google.com/file/d/1XTxwvcbXWrT5EIW7yObk6VunUAvjo2bN/view?usp=sharing<br><br>dal giorno 14.9.2026 al giorno 30.9.2026, è istituito:<br>Restringimento di carreggiata e divieto di sosta con rimozione forzata ambo i lati su:<br>1 via Cirillo tratto compreso tra via Dei Mille e via Pisacane <br><br>TERMINE E DURATA: DAL GIORNO 14.9.2026 AL GIORNO 30.9.2026.]]></description>
      <styleUrl>#icon-1541-E65100</styleUrl>
      <Point>
        <coordinates>
          16.877986,41.1137495,0
        </coordinates>
      </Point>
    </Placemark>
    <Placemark>
      <name>ORDINANZA 2026/04038
DIVIETO DI SOSTA AMBO I ALTI, SENSO UNICO ALTERNATO NONCHÉ RESTRINGIMENTO
CARREGGIATA E ALL’OCCORRENZA DIVIETO DI TRANSITO VIA BARI (da intersezione con Via Nizza)
VIA BARI (da intersezione con Strada Scizze fino al civico 41)
CONTROLLO DELLE PRESSIONI ED IL MONITORAGGIO DELLE GRANDEZZE
IDRAULICHE
RICHIEDENTE: ACCIONA AGUA S.A
07/09/2026 - 30/11/2026
</name>
      <description><![CDATA[ORDINANZA 2026/04038<br>https://drive.google.com/file/d/1H0aYKtJTP9WA2cO0dYXClTQ-zKimYQzy/view<br>Istituzione temporanea del divieto di sosta ambo i alti,<br>senso unico alternato nonché restringimento carreggiata e all’occorrenza divieto di transito su .<br> VIA BARI – (da intersezione con Via Nizza)<br> VIA BARI (da intersezione con Strada Scizze fino al civico 41)<br>TERMINE E DURATA: DALLE ORE 00:00 ALLE ORE 24:00., DAL GIORNO 07/09/2026 AL 30/11/2026]]></description>
      <styleUrl>#line-E65100-3325</styleUrl>
      <LineString>
        <tessellate>1</tessellate>
        <coordinates>
          16.9887269,41.0870124,0
          16.9971955,41.0855712,0
          16.9971276,41.0855245,0
        </coordinates>
      </LineString>
    </Placemark>
    <Placemark>
      <name>ORDINANZA 2026/04038
DIVIETO DI SOSTA AMBO I ALTI, SENSO UNICO ALTERNATO NONCHÉ RESTRINGIMENTO
CARREGGIATA E ALL’OCCORRENZA DIVIETO DI TRANSITO VIA BARI (da intersezione con Via Nizza)
VIA BARI (da intersezione con Strada Scizze fino al civico 41)
CONTROLLO DELLE PRESSIONI ED IL MONITORAGGIO DELLE GRANDEZZE
IDRAULICHE
RICHIEDENTE: ACCIONA AGUA S.A
07/09/2026 - 30/11/2026
</name>
      <description><![CDATA[ORDINANZA 2026/04038<br>https://drive.google.com/file/d/1H0aYKtJTP9WA2cO0dYXClTQ-zKimYQzy/view<br>Istituzione temporanea del divieto di sosta ambo i alti,<br>senso unico alternato nonché restringimento carreggiata e all’occorrenza divieto di transito su .<br> VIA BARI – (da intersezione con Via Nizza)<br> VIA BARI (da intersezione con Strada Scizze fino al civico 41)<br>TERMINE E DURATA: DALLE ORE 00:00 ALLE ORE 24:00., DAL GIORNO 07/09/2026 AL 30/11/2026]]></description>
      <styleUrl>#icon-1541-E65100</styleUrl>
      <Point>
        <coordinates>
          16.9942022,41.0861968,0
        </coordinates>
      </Point>
    </Placemark>
    <Placemark>
      <name>ORDINANZA 2026/04023
DIVIETO DI SOSTA E RESTRINGIMENTO CARREGGIATA
VIA M. D’AZEGLIO 16 DA VIA NAPOLI A VIA E. FIERAMOSCA
ALLACCIO IDRICO
ISTANTE: AQP S.P.A.
21/09/2026 - 05/10/2026  07:00-16:00
</name>
      <description><![CDATA[ORDINANZA 2026/04023<br><br>https://drive.google.com/file/d/1Spo-fIAuP34ZNfT52KkTXqYVbzfdmlCX/view<br>ISTITUZIONE TEMPORANEA DEL RESTRINGIMENTO DI CARREGGIATA E DIVIETO DI SOSTA IN VIA M.<br>D’AZEGLIO 16 I DA VIA NAPOLI A VIA E. FIERAMOSCA PER LAVORI DI<br>COSTRUZIONE ALLACCIO IDRICO E IMPIANTO FOGNARIO DAL 21.9.2026 AL<br>5.10.2026 DALLA ORE 7.00 ALLE ORE 16.00<br>IMPRESA: ISAP SRL” CON SEDE LEGALE IN CONTRADA LEONESSA SNC -<br>85025 - MELFI (PZ)<br>ISTANTE: AQP S.P.A.<br><br>Durata e tempistiche: DAL 21/09/2026 AL 05/10/2026 07:00-16:00]]></description>
      <styleUrl>#icon-1541-E65100</styleUrl>
      <Point>
        <coordinates>
          16.8577044,41.1266049,0
        </coordinates>
      </Point>
    </Placemark>
    <Placemark>
      <name>ORDINANZA 2026/04023
DIVIETO DI SOSTA E RESTRINGIMENTO CARREGGIATA
VIA M. D’AZEGLIO 16 DA VIA NAPOLI A VIA E. FIERAMOSCA
ALLACCIO IDRICO
ISTANTE: AQP S.P.A.
21/09/2026 - 05/10/2026 07:00-16:00</name>
      <description><![CDATA[ORDINANZA 2026/04023<br><br>https://drive.google.com/file/d/1Spo-fIAuP34ZNfT52KkTXqYVbzfdmlCX/view<br>ISTITUZIONE TEMPORANEA DEL RESTRINGIMENTO DI CARREGGIATA E DIVIETO DI SOSTA IN VIA M.<br>D’AZEGLIO 16 I DA VIA NAPOLI A VIA E. FIERAMOSCA PER LAVORI DI<br>COSTRUZIONE ALLACCIO IDRICO E IMPIANTO FOGNARIO DAL 21.9.2026 AL<br>5.10.2026 DALLA ORE 7.00 ALLE ORE 16.00<br>IMPRESA: ISAP SRL” CON SEDE LEGALE IN CONTRADA LEONESSA SNC -<br>85025 - MELFI (PZ)<br>ISTANTE: AQP S.P.A.<br><br>Durata e tempistiche: DAL 21/09/2026 AL 05/10/2026 07:00-16:00]]></description>
      <styleUrl>#line-E65100-3131</styleUrl>
      <LineString>
        <tessellate>1</tessellate>
        <coordinates>
          16.8569815,41.1264736,0
          16.8575233,41.1264513,0
          16.8576064,41.1269282,0
        </coordinates>
      </LineString>
    </Placemark>
    <Placemark>
      <name>ORDINANZA 2026/04025
DIVIETO DI SOSTA E RESTRINGIMENTO CARREGGIATA
VIA S. JACINI 78
ALLACCIO IDRICO
ISTANTE: AQP S.P.A.
21/09/2026 - 05/10/2026
</name>
      <description><![CDATA[ORDINANZA 2026/04025<br><br>https://drive.google.com/file/d/1bTCK2l0KjyYD6zpjb3X5OmQ2saPjIpyu/view <br>ISTITUZIONE TEMPORANEA DEL RESTRINGIMENTO DI CARREGGIATA E DIVIETO DI SOSTA IN VIA S. JACINI 78 DA VIA DELLA RESISTENZA A VIA PAVONCELLI PER LAVORI DI COSTRUZIONE ALLACCIO IDRICO E IMPIANTO FOGNARIO DAL 21.9.2026 AL 5.10.2026 DALLA ORE 7.00 ALLE ORE 16.00<br>IMPRESA: ISAP SRL” CON SEDE LEGALE IN CONTRADA LEONESSA SNC -<br>85025 - MELFI (PZ)<br>ISTANTE: AQP S.P.A.<br><br><br>Durata e tempistiche: DAL 21/09/2026 AL 05/10/2026]]></description>
      <styleUrl>#icon-1541-E65100</styleUrl>
      <Point>
        <coordinates>
          16.8757138,41.1039203,0
        </coordinates>
      </Point>
    </Placemark>
    <Placemark>
      <name>ORDINANZA 2026/04025
DIVIETO DI SOSTA E RESTRINGIMENTO CARREGGIATA
VIA S. JACINI 78
ALLACCIO IDRICO
ISTANTE: AQP S.P.A.
21/09/2026 - 05/10/2026
</name>
      <description><![CDATA[ORDINANZA 2026/04025<br><br>https://drive.google.com/file/d/1bTCK2l0KjyYD6zpjb3X5OmQ2saPjIpyu/view <br>ISTITUZIONE TEMPORANEA DEL RESTRINGIMENTO DI CARREGGIATA E DIVIETO DI SOSTA IN VIA S. JACINI 78 DA VIA DELLA RESISTENZA A VIA PAVONCELLI PER LAVORI DI COSTRUZIONE ALLACCIO IDRICO E IMPIANTO FOGNARIO DAL 21.9.2026 AL 5.10.2026 DALLA ORE 7.00 ALLE ORE 16.00<br>IMPRESA: ISAP SRL” CON SEDE LEGALE IN CONTRADA LEONESSA SNC -<br>85025 - MELFI (PZ)<br>ISTANTE: AQP S.P.A.<br><br><br>Durata e tempistiche: DAL 21/09/2026 AL 05/10/2026]]></description>
      <styleUrl>#line-E65100-5263</styleUrl>
      <LineString>
        <tessellate>1</tessellate>
        <coordinates>
          16.8755121,41.1039941,0
          16.8774648,41.1045114,0
        </coordinates>
      </LineString>
    </Placemark>
    <Placemark>
      <name>ORDINANZA 2026/04020 
DIVIETO DI SOSTA AMBO I ALTI, SENSO UNICO ALTERNATO NONCHÉ RESTRINGIMENTO CARREGGIATA E ALL’OCCORRENZA DIVIETO DI TRANSITO
VIA GIACOMO LEOPARDI DA INTERSEZIONE CON VIA MONTE SEI BUSI A
INTERSEZIONE CON IA V. GARIBALDI
VIA V. GARIBALDI DA INTERSEZIONE CON VIA G. LEOPARDI A FINE STRADA- INCROCI COMPRESI PROGRAMMA DEGLI INTERVENTI AQP 2020-2023
IMPRESA ESECUTRICE: ACCIONA AGUA S.A
07/09/2026 - 30/11/2026 00:00-24:00
</name>
      <description><![CDATA[ORDINANZA 2026/04020 <br>https://drive.google.com/file/d/12CMz2y8f4XkNnqFZUErTgkKgtLIPRFFX/view<br><br>P1557 LOTTO 1. PROGRAMMA DEGLI INTERVENTI AQP 2020-2023<br>“INTERVENTI MIRATI PER CONSEGUIRE LA DISTRETTUALIZZAZIONE, IL<br>CONTROLLO DELLE PRESSIONI ED IL MONITORAGGIO DELLE GRANDEZZE<br>IDRAULICHE NELLE RETI DEL TERRITORIO SERVITO DALL’ACQUEDOTTO<br>PUGLIESE E SOSTITUZIONE DEI TRONCHI VETUSTI ED AMMALORATI -<br>ORDINANZA PER ISTITUIRE TEMPORANEAMENTE UN DIVIETO DI SOSTA<br>AMBO I ALTI, SENSO UNICO ALTERNATO NONCHÉ RESTRINGIMENTO<br>CARREGGIATA E ALL’OCCORRENZA DIVIETO DI TRANSITO SU VIA<br>GIACOMO LEOPARDI (DA INTERSEZIONE CON VIA MONTE SEI BUSI A<br>INTERSEZIONE CON IA V. GARIBALDI E VIA V. GARIBALDI DA INTERSEZIONE<br>CON VIA G. LEOPARDI A FINE STRADA) - INCROCI COMPRESI<br>, DALLE ORE 00:00 ALLE ORE 24:00., DAL GIORNO 07/09/2026 AL<br>30/11/2026<br>SOCIETÀ: ACCIONA AGUA S.A.<br><br>Durata e tempistiche: 07/09/2026 - 30/11/2026 00:00-24:00<br><br>ORDINANZA 2026/01493<br><br>https://drive.google.com/file/d/1gPTbzT6PZf_ddiBQWeKRa7ZelfylBRYv/view<br>PROROGA ORDINANZA N. 2026/01317 DEL 12.3.2026<br><br>P1557 LOTTO 1. L’istituzione temporanea del divieto di sosta, di fermata ambo i lati con transito veicolare con senso<br>unico alternato nonchè restringimento carreggiata incroci compresi su :<br> Via GIACOMO LEOPARDI (da intersezione con Via Monte Sei Busi a intersezione con Via<br>V.Garibaldi e Via V. Garibaldi da intersezione con Via G. Leopardi a fine strada)<br>PER INTERVENTI MIRATI A CONSEGUIRE LA<br>DISTRETTUALIZZAZIONE, IL CONTROLLO DELLE PRESSIONI ED IL<br>MONITORAGGIO DELLE GRANDEZZE IDRAULICHE NELLE RETI IDRICHE E<br>SOSTITUZIONE DEI TRONCHI VETUSTI ED AMMALORATI<br>Tutti i provvedimenti in contrasto con la presente sono momentaneamente e provvisoriamente sospesi e<br>divengono nuovamente efficaci all’esaurimento dei termini previsti dal presente disposto;<br>TERMINE E DURATA: 04/04/2026 AL 24/04/2026, I lavori saranno svolti nei giorni dal lunedì al venerdì, dalle ore 07.00 alle ore 17.00 e salvo urgenze e<br>necessità anche nei giorni di sabato e domenica dalle ore 00.00 alle ore 24.00;<br>ORDINANZA 2026/01317<br><br>https://drive.google.com/file/d/14eET5qnmPpWdWAAsN2Bq9QGcTiJ-Unvz/view<br><br>P1557 LOTTO 1. ORDINANZA PER ISTITUIRE TEMPORANEAMENTE UN DIVIETO DI SOSTA, DI FERMATA AMBO I LATI CON TRANSITO VEICOLARE CON SENSO UNICO ALTERNATO NONCHÈ RESTRINGIMENTO CARREGGIATA SU VIA GIACOMO LEOPARDI (DA INTERSEZIONE CON VIA MONTE SEI BUSI A INTERSEZIONE CON VIA V.GARIBALDI E VIA V. GARIBALDI DA INTERSEZIONE CON VIA G. LEOPARDI A FINE STRADA) - INCROCI COMPRESI, PER INTERVENTI MIRATI A CONSEGUIRE LA DISTRETTUALIZZAZIONE, IL CONTROLLO DELLE PRESSIONI ED IL MONITORAGGIO DELLE GRANDEZZE IDRAULICHE NELLE RETI IDRICHE E SOSTITUZIONE DEI TRONCHI VETUSTI ED AMMALORATI DAL GIORNO 23/03/2026 SINO AL 03/04/2026 SOCIETÀ: ACCIONA AGUA S.A. <br><br>Durata e tempistiche: 23/03/2026 - 07/04/2026]]></description>
      <styleUrl>#icon-1541-E65100</styleUrl>
      <Point>
        <coordinates>
          16.9987984,41.086934,0
        </coordinates>
      </Point>
    </Placemark>
    <Placemark>
      <name>ORDINANZA 2026/04020 
DIVIETO DI SOSTA AMBO I ALTI, SENSO UNICO ALTERNATO NONCHÉ RESTRINGIMENTO CARREGGIATA E ALL’OCCORRENZA DIVIETO DI TRANSITO
VIA GIACOMO LEOPARDI DA INTERSEZIONE CON VIA MONTE SEI BUSI A
INTERSEZIONE CON IA V. GARIBALDI
VIA V. GARIBALDI DA INTERSEZIONE CON VIA G. LEOPARDI A FINE STRADA- INCROCI COMPRESI PROGRAMMA DEGLI INTERVENTI AQP 2020-2023
IMPRESA ESECUTRICE: ACCIONA AGUA S.A
07/09/2026 - 30/11/2026 00:00-24:00
</name>
      <description><![CDATA[ORDINANZA 2026/04020 <br>https://drive.google.com/file/d/12CMz2y8f4XkNnqFZUErTgkKgtLIPRFFX/view<br><br>P1557 LOTTO 1. PROGRAMMA DEGLI INTERVENTI AQP 2020-2023<br>“INTERVENTI MIRATI PER CONSEGUIRE LA DISTRETTUALIZZAZIONE, IL<br>CONTROLLO DELLE PRESSIONI ED IL MONITORAGGIO DELLE GRANDEZZE<br>IDRAULICHE NELLE RETI DEL TERRITORIO SERVITO DALL’ACQUEDOTTO<br>PUGLIESE E SOSTITUZIONE DEI TRONCHI VETUSTI ED AMMALORATI -<br>ORDINANZA PER ISTITUIRE TEMPORANEAMENTE UN DIVIETO DI SOSTA<br>AMBO I ALTI, SENSO UNICO ALTERNATO NONCHÉ RESTRINGIMENTO<br>CARREGGIATA E ALL’OCCORRENZA DIVIETO DI TRANSITO SU VIA<br>GIACOMO LEOPARDI (DA INTERSEZIONE CON VIA MONTE SEI BUSI A<br>INTERSEZIONE CON IA V. GARIBALDI E VIA V. GARIBALDI DA INTERSEZIONE<br>CON VIA G. LEOPARDI A FINE STRADA) - INCROCI COMPRESI<br>, DALLE ORE 00:00 ALLE ORE 24:00., DAL GIORNO 07/09/2026 AL<br>30/11/2026<br>SOCIETÀ: ACCIONA AGUA S.A.<br><br>Durata e tempistiche: 07/09/2026 - 30/11/2026 00:00-24:00<br><br>ORDINANZA 2026/01493<br><br>https://drive.google.com/file/d/1gPTbzT6PZf_ddiBQWeKRa7ZelfylBRYv/view<br>PROROGA ORDINANZA N. 2026/01317 DEL 12.3.2026<br><br>P1557 LOTTO 1. L’istituzione temporanea del divieto di sosta, di fermata ambo i lati con transito veicolare con senso<br>unico alternato nonchè restringimento carreggiata incroci compresi su :<br> Via GIACOMO LEOPARDI (da intersezione con Via Monte Sei Busi a intersezione con Via<br>V.Garibaldi e Via V. Garibaldi da intersezione con Via G. Leopardi a fine strada)<br>PER INTERVENTI MIRATI A CONSEGUIRE LA<br>DISTRETTUALIZZAZIONE, IL CONTROLLO DELLE PRESSIONI ED IL<br>MONITORAGGIO DELLE GRANDEZZE IDRAULICHE NELLE RETI IDRICHE E<br>SOSTITUZIONE DEI TRONCHI VETUSTI ED AMMALORATI<br>Tutti i provvedimenti in contrasto con la presente sono momentaneamente e provvisoriamente sospesi e<br>divengono nuovamente efficaci all’esaurimento dei termini previsti dal presente disposto;<br>TERMINE E DURATA: 04/04/2026 AL 24/04/2026, I lavori saranno svolti nei giorni dal lunedì al venerdì, dalle ore 07.00 alle ore 17.00 e salvo urgenze e<br>necessità anche nei giorni di sabato e domenica dalle ore 00.00 alle ore 24.00;<br><br>ORDINANZA 2026/01317<br><br>https://drive.google.com/file/d/14eET5qnmPpWdWAAsN2Bq9QGcTiJ-Unvz/view<br><br>P1557 LOTTO 1. ORDINANZA PER ISTITUIRE TEMPORANEAMENTE UN DIVIETO DI SOSTA, DI FERMATA AMBO I LATI CON TRANSITO VEICOLARE CON SENSO UNICO ALTERNATO NONCHÈ RESTRINGIMENTO CARREGGIATA SU VIA GIACOMO LEOPARDI (DA INTERSEZIONE CON VIA MONTE SEI BUSI A INTERSEZIONE CON VIA V.GARIBALDI E VIA V. GARIBALDI DA INTERSEZIONE CON VIA G. LEOPARDI A FINE STRADA) - INCROCI COMPRESI, PER INTERVENTI MIRATI A CONSEGUIRE LA DISTRETTUALIZZAZIONE, IL CONTROLLO DELLE PRESSIONI ED IL MONITORAGGIO DELLE GRANDEZZE IDRAULICHE NELLE RETI IDRICHE E SOSTITUZIONE DEI TRONCHI VETUSTI ED AMMALORATI DAL GIORNO 23/03/2026 SINO AL 03/04/2026 SOCIETÀ: ACCIONA AGUA S.A. <br><br>Durata e tempistiche: 23/03/2026 - 07/04/2026]]></description>
      <styleUrl>#line-E65100-5263</styleUrl>
      <LineString>
        <tessellate>1</tessellate>
        <coordinates>
          16.9983196,41.0870533,0
          16.9988225,41.0868976,0
          16.9986173,41.086464,0
        </coordinates>
      </LineString>
    </Placemark>
    <Placemark>
      <name>ORDINANZA 2026/04022
DIVIETO DI SOSTA E RESTRINGIMENTO CARREGGIATA
VIA PRINCIPE AMEDEO DA VIA TREVISANI A VIA RAVANAS 
ALLACCIO IDRICO
ISTANTE: AQP S.P.A.
IMPRESA ESECUTRICE: ISAP SRL” CON SEDE LEGALE IN CONTRADA LEONESSA SNC -
21/09/2026 - 03/10/2026</name>
      <description><![CDATA[ORDINANZA 2026/04022<br><br>https://drive.google.com/file/d/1Okyevi92yBBrMIoV6v0t3O2MocuyN5VM/view<br>ISTITUZIONE TEMPORANEA DEL RESTRINGIMENTO DI CARREGGIATA E<br>DIVIETO DI SOSTA IN VIA PRINCIPE AMEDEO N. DA VIA TREVISANI A VIA RAVANAS PER LAVORI DI COSTRUZIONE ALLACCIO IDRICO DAL 21.9.2026<br>AL 3.10.2026 DALLA ORE 7.00 ALLE ORE 16.00<br>IMPRESA: ISAP SRL” CON SEDE LEGALE IN CONTRADA LEONESSA SNC -<br>85025 - MELFI (PZ)<br>ISTANTE: AQP S.P.A.<br><br><br>Durata e tempistiche: DAL 21/09/2026 AL 03/10/2026]]></description>
      <styleUrl>#icon-1541-E65100</styleUrl>
      <Point>
        <coordinates>
          16.8590309,41.1221209,0
        </coordinates>
      </Point>
    </Placemark>
    <Placemark>
      <name>ORDINANZA 2026/04022
DIVIETO DI SOSTA E RESTRINGIMENTO CARREGGIATA
VIA PRINCIPE AMEDEO DA VIA TREVISANI A VIA RAVANAS 
ALLACCIO IDRICO
ISTANTE: AQP S.P.A.
IMPRESA ESECUTRICE: ISAP SRL” CON SEDE LEGALE IN CONTRADA LEONESSA SNC -
21/09/2026 - 03/10/2026
</name>
      <description><![CDATA[ORDINANZA 2026/04022<br><br>https://drive.google.com/file/d/1Okyevi92yBBrMIoV6v0t3O2MocuyN5VM/view<br>ISTITUZIONE TEMPORANEA DEL RESTRINGIMENTO DI CARREGGIATA E<br>DIVIETO DI SOSTA IN VIA PRINCIPE AMEDEO N. DA VIA TREVISANI A VIA RAVANAS PER LAVORI DI COSTRUZIONE ALLACCIO IDRICO DAL 21.9.2026<br>AL 3.10.2026 DALLA ORE 7.00 ALLE ORE 16.00<br>IMPRESA: ISAP SRL” CON SEDE LEGALE IN CONTRADA LEONESSA SNC -<br>85025 - MELFI (PZ)<br>ISTANTE: AQP S.P.A.<br><br><br>Durata e tempistiche: DAL 21/09/2026 AL 03/10/2026]]></description>
      <styleUrl>#line-E65100-6038</styleUrl>
      <LineString>
        <tessellate>1</tessellate>
        <coordinates>
          16.8586918,41.1220161,0
          16.8599283,41.1221231,0
        </coordinates>
      </LineString>
    </Placemark>
    <Placemark>
      <name>ORDINANZA 2026/04024
DIVIETO DI SOSTA E RESTRINGIMENTO CARREGGIATA
VIA G. CONTE GIUSSO
ALLACCIO IDRICO
ISTANTE: AQP S.P.A.
21/09/2026 - 05/10/2026</name>
      <description><![CDATA[ORDINANZA 2026/04024<br><br>https://drive.google.com/file/d/17e0Ri_Urh3UowyCbassiZYI9tey5Sv3B/view<br>ISTITUZIONE TEMPORANEA DEL RESTRINGIMENTO DI CARREGGIATA E<br>DIVIETO DI SOSTA IN VIA G. CONTE GIUSSO DA VIA O. TUPPUTI A VIA<br>FANELLI PER LAVORI DI COSTRUZIONE ALLACCIO IDRICO E IMPIANTO<br>FOGNARIO DAL 21.9.2026 AL 5.10.2026 DALLA ORE 7.00 ALLE ORE 16.00<br>IMPRESA: ISAP SRL” CON SEDE LEGALE IN CONTRADA LEONESSA SNC -<br>85025 - MELFI (PZ)<br>ISTANTE: AQP S.P.A.<br><br>Durata e tempistiche: DAL 21/09/2026 AL 05/10/2026]]></description>
      <styleUrl>#icon-1541-E65100</styleUrl>
      <Point>
        <coordinates>
          16.8837473,41.0939862,0
        </coordinates>
      </Point>
    </Placemark>
    <Placemark>
      <name>ORDINANZA 2026/04024
DIVIETO DI SOSTA E RESTRINGIMENTO CARREGGIATA
VIA G. CONTE GIUSSO DA VIA O.TUPPUTI A VIA FANELLI
ALLACCIO IDRICO
ISTANTE: AQP S.P.A.
IMPRESA ESECUTRICE: ISAP SRL” CON SEDE LEGALE IN CONTRADA LEONESSA SNC 
21/09/2026 - 05/10/2026 07:00-16:00 
</name>
      <description><![CDATA[ORDINANZA 2026/04024<br><br>https://drive.google.com/file/d/17e0Ri_Urh3UowyCbassiZYI9tey5Sv3B/view<br>ISTITUZIONE TEMPORANEA DEL RESTRINGIMENTO DI CARREGGIATA E<br>DIVIETO DI SOSTA IN VIA G. CONTE GIUSSO DA VIA O. TUPPUTI A VIA<br>FANELLI PER LAVORI DI COSTRUZIONE ALLACCIO IDRICO E IMPIANTO<br>FOGNARIO DAL 21.9.2026 AL 5.10.2026 DALLA ORE 7.00 ALLE ORE 16.00<br>IMPRESA: ISAP SRL” CON SEDE LEGALE IN CONTRADA LEONESSA SNC -<br>85025 - MELFI (PZ)<br>ISTANTE: AQP S.P.A.<br><br>Durata e tempistiche: DAL 21/09/2026 AL 05/10/2026 07:00-16:00]]></description>
      <styleUrl>#line-E65100-4488</styleUrl>
      <LineString>
        <tessellate>1</tessellate>
        <coordinates>
          16.8901809,41.0938142,0
          16.8900414,41.0938505,0
          16.8833695,41.093735,0
        </coordinates>
      </LineString>
    </Placemark>
    <Placemark>
      <name>ORDINANZA 2026/04024
DIVIETO DI SOSTA E RESTRINGIMENTO CARREGGIATA
VIA G. CONTE GIUSSO DA VIA O.TUPPUTI A VIA FANELLI
ALLACCIO IDRICO
ISTANTE: AQP S.P.A.
IMPRESA ESECUTRICE: ISAP SRL” CON SEDE LEGALE IN CONTRADA LEONESSA SNC 
21/09/2026 - 05/10/2026 07:00-16:00 
</name>
      <description><![CDATA[ORDINANZA 2026/04024<br><br>https://drive.google.com/file/d/17e0Ri_Urh3UowyCbassiZYI9tey5Sv3B/view<br>ISTITUZIONE TEMPORANEA DEL RESTRINGIMENTO DI CARREGGIATA E<br>DIVIETO DI SOSTA IN VIA G. CONTE GIUSSO DA VIA O. TUPPUTI A VIA<br>FANELLI PER LAVORI DI COSTRUZIONE ALLACCIO IDRICO E IMPIANTO<br>FOGNARIO DAL 21.9.2026 AL 5.10.2026 DALLA ORE 7.00 ALLE ORE 16.00<br>IMPRESA: ISAP SRL” CON SEDE LEGALE IN CONTRADA LEONESSA SNC -<br>85025 - MELFI (PZ)<br>ISTANTE: AQP S.P.A.<br><br>Durata e tempistiche: DAL 21/09/2026 AL 05/10/2026 07:00-16:00 ]]></description>
      <styleUrl>#icon-1541-E65100</styleUrl>
      <Point>
        <coordinates>
          16.8883276,41.0938938,0
        </coordinates>
      </Point>
    </Placemark>
    <Placemark>
      <name>ORDINANZA 2026/04041 
DIVIETO DI FERMATA E RESTRINGIMENTO CARREGGIATA
COMPLANARE DI VIA CALDAROLA NEL TRATTO STRADALE COMPRESO TRA LO SVINCOLO DELLA SS 16 E VIA ARTURO TOSCANINI
LAVORI DI REALIZZAZIONE DI UN SISTEMA BRT PER LA CITTÀ DI BARI
IMPRESA ESECUTRICE: R.T.I. COBAR S.P.A. - MER MEC STE S.R.L. 
04/09/2026 - 31/10/2026 
</name>
      <description><![CDATA[ORDINANZA 2026/04041 <br>https://drive.google.com/file/d/1h7q7s__cYHYnAHT6kNWOWGEaqJhFfWIX/view<br><br>LAVORI DI REALIZZAZIONE DI UN SISTEMA BRT PER LA CITTÀ DI BARI - FINANZIATO DALLA UNIONE EUROPEA NEXT GENERATION EU - TRASPORTO RAPIDO DI MASSA - MISURA M2C2 - INV 4.2 DEL PNRR - CUP: J91B21002850001 REGOLAMENTAZIONE TEMPORANEA DELLA CIRCOLAZIONE STRADALE SULLA COMPLANARE DI VIA CALDAROLA NEL TRATTO STRADALE COMPRESO TRA LO SVINCOLO DELLA SS 16 E VIA ARTURO TOSCANINI VIA FINO AL GIORNO 31.10.2026 IMPRESA ESECUTRICE: R.T.I. COBAR S.P.A. - MER MEC STE S.R.L. <br><br>Durata e tempistiche: 04/09/2026 - 31/10/2026 ]]></description>
      <styleUrl>#icon-1541-E65100</styleUrl>
      <Point>
        <coordinates>
          16.9123334,41.1013862,0
        </coordinates>
      </Point>
    </Placemark>
    <Placemark>
      <name>ORDINANZA 2026/04041 
DIVIETO DI FERMATA E RESTRINGIMENTO CARREGGIATA
COMPLANARE DI VIA CALDAROLA NEL TRATTO STRADALE COMPRESO TRA LO SVINCOLO DELLA SS 16 E VIA ARTURO TOSCANINI
LAVORI DI REALIZZAZIONE DI UN SISTEMA BRT PER LA CITTÀ DI BARI
IMPRESA ESECUTRICE: R.T.I. COBAR S.P.A. - MER MEC STE S.R.L. 
04/09/2026 - 31/10/2026 
</name>
      <description><![CDATA[ORDINANZA 2026/04041 <br>https://drive.google.com/file/d/1h7q7s__cYHYnAHT6kNWOWGEaqJhFfWIX/view<br><br>LAVORI DI REALIZZAZIONE DI UN SISTEMA BRT PER LA CITTÀ DI BARI - FINANZIATO DALLA UNIONE EUROPEA NEXT GENERATION EU - TRASPORTO RAPIDO DI MASSA - MISURA M2C2 - INV 4.2 DEL PNRR - CUP: J91B21002850001 REGOLAMENTAZIONE TEMPORANEA DELLA CIRCOLAZIONE STRADALE SULLA COMPLANARE DI VIA CALDAROLA NEL TRATTO STRADALE COMPRESO TRA LO SVINCOLO DELLA SS 16 E VIA ARTURO TOSCANINI VIA FINO AL GIORNO 31.10.2026 IMPRESA ESECUTRICE: R.T.I. COBAR S.P.A. - MER MEC STE S.R.L. <br><br>Durata e tempistiche: 04/09/2026 - 31/10/2026 ]]></description>
      <styleUrl>#line-E65100-3325</styleUrl>
      <LineString>
        <tessellate>1</tessellate>
        <coordinates>
          16.9109581,41.1018184,0
          16.9148498,41.100297,0
        </coordinates>
      </LineString>
    </Placemark>
    <Placemark>
      <name>ORDINANZA 2026/04062
DEROGA AL DIVIETO DI TRANSITO MEZZI PESANTI E ISTITUZIONE PASSAGGIO PEDONALE
VIA VACCARELLA DAL CIVICO 50 AL CIVICO 67
DI DEMOLIZIONE DI VECCHIO FABBRICATO E RICOSTRUZIONE
DI UN NUOVO FABBRICATO AD USO CIVILE ABITAZIONE
RICHIEDENTE: COTAM S.R.L.
08/09/2026 - 08/06/2027</name>
      <description><![CDATA[Ordinanza 2026/04062<br><br>https://drive.google.com/file/d/1pa9Cmb-3fk1MxpXBb-X1Ay2cyl0HC28v/view<br><br>ISTITUZIONE TEMPORANEA DELLA DEROGA AL DIVIETO DI TRANSITO PER I<br>MEZZI PESANTI AVENTI MASSA COMPLESSIVA SUPERIORE AI 35 Q.LI SU<br>VIA VACCARELLA DAL CIVICO 50 AL CIVICO 67 DALL’ESECUTIVITÀ<br>DELL’ATTO PER I SUCCESSIVI 9 MESI DALLE ORE 06:00 ALLE ORE 17:00<br>PER OPERE DI DEMOLIZIONE DI VECCHIO FABBRICATO E RICOSTRUZIONE<br>DI UN NUOVO FABBRICATO AD USO CIVILE ABITAZIONE.<br>IMPRESA: COTAM S.R.L.<br>ISTANTE: TAMBORRA VITO (LEGALE RAPPRESENTANTE)<br><br>Durata e Tempistiche: 08/09/2026 - 08/06/2027]]></description>
      <styleUrl>#icon-1541-E65100</styleUrl>
      <Point>
        <coordinates>
          16.8653876,41.0684047,0
        </coordinates>
      </Point>
    </Placemark>
    <Placemark>
      <name><![CDATA[ORDINANZA 2026/04301
DIVIETO DI TRANSITO ECCETTO FRONTISTI 
STRADA RURALE CANNONE
BARI COSTA SUD, PARCO COSTIERO DELLA CULTURA, DEL TURISMO,
DELL'AMBIENTE - LOTTO 6
IMPRESA ESECUTRICE: FORTE DOMENICO
08/09/2026 - 07/11/2026]]></name>
      <description><![CDATA[RETTIFICATA DALLA Ordinanza<br>2026/04301<br>https://drive.google.com/file/d/15qUnYiptqKREoxwpTB8hNahpzHyptyRF/view<br><br>2026/04058<br><br>https://drive.google.com/file/d/1Nc-rV9H_My5S1L_fznEZCG4LOmvhV-km/view<br><br>BARI COSTA SUD, PARCO COSTIERO DELLA CULTURA, DEL TURISMO,<br><br>DELL'AMBIENTE - LOTTO 6<br>REGOLAMENTAZIONE TEMPORANEA DELLA CIRCOLAZIONE SU STRADA<br>RURALE CANNONE DALLA DATA DI EMANAZIONE DELLA PRESENTE<br>ORDINANZA DALLA DATA DI EMANAZIONE DELLA PRESENTE ORDINANZA<br>AL GIORNO 7.11.2026<br>IMPRESA ESECUTRICE: FORTE DOMENICO<br><br>Durata e tempistiche: 08/09/2026 - 07/11/2026]]></description>
      <styleUrl>#icon-1541-E65100</styleUrl>
      <Point>
        <coordinates>
          16.923321,41.105855,0
        </coordinates>
      </Point>
    </Placemark>
    <Placemark>
      <name>ORDINANZA 2026/04057
PER DIVIETO DI SOSTA E DI FERMATA AMBO I
LATI CON RIMOZIONE FORZATA CON RESTRINGIMENTO DI CARREGGIATA
VIA F. VECCHIO DA VIA PASUBIO A VIA MANFREDI AZZARITA
VIA PADRE MARIO LABARBUTA VIA G. PETRONI PER CIRCA ML 60,00
RIPRISTINO MANTO STRADALE
C/ENEL
IMPRESA ESECUTRICE: NORD COSTRUZIONI GENERALI S.R.L.
14/09/2026 - 21/09/2026
07.00 - 17.00
</name>
      <description><![CDATA[Ordinanza 2026/04057<br><br>https://drive.google.com/file/d/1H7TpqBzHk9Abp3deRdtbTVj0gaxS5Bog/view<br><br>ISTITUZIONE TEMPORANEA PER DIVIETO DI SOSTA E DI FERMATA AMBO I<br>LATI CON RIMOZIONE FORZATA CON RESTRINGIMENTO DI CARREGGIATA<br>SU VIA F. VECCHIO (DA VIA PASUBIO A VIA MANFREDI AZZARITA) E VIA<br>PADRE MARIO LABARBUTA (DA VIA G. PETRONI PER CIRCA ML 60,00) –<br>BARI” DAL GIORNO 14 SETTEMBRE 2026 AL 21 SETTEMBRE 2026 DALLE<br>ORE 07.00 ALLE ORE 17.00 PER LAVORI DI RIPRISTINO MANTO STRADALE<br>C/ENEL,<br>SOCIETÀ: NORD COSTRUZIONI GENERALI S.R.L<br><br>Durata e tempistiche: 14/09/2026 - 21/09/2026<br>07.00 - 17.00.]]></description>
      <styleUrl>#line-E65100-3713</styleUrl>
      <LineString>
        <tessellate>1</tessellate>
        <coordinates>
          16.8678416,41.1113212,0
          16.8676385,41.1104697,0
        </coordinates>
      </LineString>
    </Placemark>
    <Placemark>
      <name>ORDINANZA 2026/04057
PER DIVIETO DI SOSTA E DI FERMATA AMBO I
LATI CON RIMOZIONE FORZATA CON RESTRINGIMENTO DI CARREGGIATA
VIA F. VECCHIO DA VIA PASUBIO A VIA MANFREDI AZZARITA
VIA PADRE MARIO LABARBUTA VIA G. PETRONI PER CIRCA ML 60,00
RIPRISTINO MANTO STRADALE
C/ENEL
IMPRESA ESECUTRICE: NORD COSTRUZIONI GENERALI S.R.L.
14/09/2026 - 21/09/2026
07.00 - 17.00
</name>
      <description><![CDATA[Ordinanza 2026/04057<br><br>https://drive.google.com/file/d/1H7TpqBzHk9Abp3deRdtbTVj0gaxS5Bog/view<br><br>ISTITUZIONE TEMPORANEA PER DIVIETO DI SOSTA E DI FERMATA AMBO I<br>LATI CON RIMOZIONE FORZATA CON RESTRINGIMENTO DI CARREGGIATA<br>SU VIA F. VECCHIO (DA VIA PASUBIO A VIA MANFREDI AZZARITA) E VIA<br>PADRE MARIO LABARBUTA (DA VIA G. PETRONI PER CIRCA ML 60,00) –<br>BARI” DAL GIORNO 14 SETTEMBRE 2026 AL 21 SETTEMBRE 2026 DALLE<br>ORE 07.00 ALLE ORE 17.00 PER LAVORI DI RIPRISTINO MANTO STRADALE<br>C/ENEL,<br>SOCIETÀ: NORD COSTRUZIONI GENERALI S.R.L<br><br>Durata e tempistiche: 14/09/2026 - 21/09/2026<br>07.00 - 17.00.]]></description>
      <styleUrl>#line-E65100-8169</styleUrl>
      <LineString>
        <tessellate>1</tessellate>
        <coordinates>
          16.8684039,41.1123258,0
          16.8682937,41.1123528,0
        </coordinates>
      </LineString>
    </Placemark>
    <Placemark>
      <name>ORDINANZA 2026/04057
PER DIVIETO DI SOSTA E DI FERMATA AMBO I
LATI CON RIMOZIONE FORZATA CON RESTRINGIMENTO DI CARREGGIATA
VIA F. VECCHIO DA VIA PASUBIO A VIA MANFREDI AZZARITA
VIA PADRE MARIO LABARBUTA VIA G. PETRONI PER CIRCA ML 60,00
RIPRISTINO MANTO STRADALE
C/ENEL
IMPRESA ESECUTRICE: NORD COSTRUZIONI GENERALI S.R.L.
14/09/2026 - 21/09/2026
07.00 - 17.00
</name>
      <description><![CDATA[Ordinanza 2026/04057<br><br>https://drive.google.com/file/d/1H7TpqBzHk9Abp3deRdtbTVj0gaxS5Bog/view<br><br>ISTITUZIONE TEMPORANEA PER DIVIETO DI SOSTA E DI FERMATA AMBO I<br>LATI CON RIMOZIONE FORZATA CON RESTRINGIMENTO DI CARREGGIATA<br>SU VIA F. VECCHIO (DA VIA PASUBIO A VIA MANFREDI AZZARITA) E VIA<br>PADRE MARIO LABARBUTA (DA VIA G. PETRONI PER CIRCA ML 60,00) –<br>BARI” DAL GIORNO 14 SETTEMBRE 2026 AL 21 SETTEMBRE 2026 DALLE<br>ORE 07.00 ALLE ORE 17.00 PER LAVORI DI RIPRISTINO MANTO STRADALE<br>C/ENEL,<br>SOCIETÀ: NORD COSTRUZIONI GENERALI S.R.L<br><br>Durata e tempistiche: 14/09/2026 - 21/09/2026<br>07.00 - 17.00.]]></description>
      <styleUrl>#icon-1541-E65100</styleUrl>
      <Point>
        <coordinates>
          16.8679632,41.1112905,0
        </coordinates>
      </Point>
    </Placemark>
    <Placemark>
      <name>ORDINANZA 2026/04056
PER DIVIETO DI SOSTA E DI FERMATA AMBO I
LATI CON RIMOZIONE FORZATA E CHIUSURA AL TRANSITO
VIA IMBRIANI TRA CORSO CAVOUR E VIA DE GIOSA
LAVORI DI POSA CAVI INTERRATI BT
IMPRESA ESECUTRICE: SITE SPA PER CONTO DI E-DISTRIBUZIONE
14/09/2026 - 21/09/2026
07.00 - 17.00</name>
      <description><![CDATA[Ordinanza 2026/04056<br><br>http://drive.google.com/file/d/1NajUceku_C963LPA4GlO-d-VfVNy2ZSZ/view<br><br>LIMITAZIONI TEMPORANEE ALLA SOSTA VEICOLARE CON RIMOZIONE<br>FORZATA SU ENTRAMBI I LATI E CHIUSURA AL TRANSITO VEICOLARE<br>FINALIZZATE AI LAVORI DI POSA CAVI INTERRATI BT – PNRR DAL GIORNO<br>14.9.2026 AL GIORNO 25.9.2026 DALLE ORE 7.00 ALLE ORE 17.00 IN VIA<br>IMBRIANI – TRATTO COMPRESO TRA CORSO CAVOUR E VIA DE GIOSA<br>RICHIEDENTE: SITE SPA PER CONTO DI E-DISTRIBUZIONE<br><br>Durata e tempistiche: 14/09/2026 - 21/09/2026<br>07.00 - 17.00]]></description>
      <styleUrl>#icon-1541-E65100</styleUrl>
      <Point>
        <coordinates>
          16.8727886,41.1221641,0
        </coordinates>
      </Point>
    </Placemark>
    <Placemark>
      <name>ORDINANZA 2026/04056
PER DIVIETO DI SOSTA E DI FERMATA AMBO I
LATI CON RIMOZIONE FORZATA E CHIUSURA AL TRANSITO
VIA IMBRIANI TRA CORSO CAVOUR E VIA DE GIOSA
LAVORI DI POSA CAVI INTERRATI BT
IMPRESA ESECUTRICE: SITE SPA PER CONTO DI E-DISTRIBUZIONE
14/09/2026 - 21/09/2026
07.00 - 17.00
</name>
      <description><![CDATA[Ordinanza 2026/04056<br><br>http://drive.google.com/file/d/1NajUceku_C963LPA4GlO-d-VfVNy2ZSZ/view<br><br>LIMITAZIONI TEMPORANEE ALLA SOSTA VEICOLARE CON RIMOZIONE<br>FORZATA SU ENTRAMBI I LATI E CHIUSURA AL TRANSITO VEICOLARE<br>FINALIZZATE AI LAVORI DI POSA CAVI INTERRATI BT – PNRR DAL GIORNO<br>14.9.2026 AL GIORNO 25.9.2026 DALLE ORE 7.00 ALLE ORE 17.00 IN VIA<br>IMBRIANI – TRATTO COMPRESO TRA CORSO CAVOUR E VIA DE GIOSA<br>RICHIEDENTE: SITE SPA PER CONTO DI E-DISTRIBUZIONE<br><br>Durata e tempistiche: 14/09/2026 - 21/09/2026<br>07.00 - 17.00]]></description>
      <styleUrl>#line-E65100-3713</styleUrl>
      <LineString>
        <tessellate>1</tessellate>
        <coordinates>
          16.8727683,41.122204,0
          16.8736162,41.1222703,0
        </coordinates>
      </LineString>
    </Placemark>
    <Placemark>
      <name>ORDINANZA 2026/04052
ISTITUZIONE TEMPORANEA DEL DIVIETO DI SOSTA
AMBO I LATI CON RESTRINGIMENTO CARREGGIATA 
STRADA SANTA CATERINA: DA VIA NICOLA RUFFO A STRADA SANTA
CATERINA IN CORRISPONDENZA INGRESSO IPERCOOP
LAVORI DI SCAVO PER POSA CAVI
IMPRESA: DMF COSTRUZIONI S.R.L.
ISTANTE: LOSACCO LUIGI
09/09/2026 - 31/10/2026
</name>
      <description><![CDATA[ORDINANZA 2026/04052<br><br>https://drive.google.com/file/d/1ZXTojDsbq2DkH-RYjST000QrhyWkNRZ6/view?usp=sharing<br><br>dal 09 Settembre 2026 al 31 Ottobre 2026<br>1. L’istituzione temporanea del divieto di sosta ambo i lati della carreggiata con restringimento carreggiata<br>su:<br> Strada Santa Caterina: da Via Nicola Ruffo a strada Santa Caterina in corrispondenza<br>ingresso Ipercoop<br><br>Durata e tempistiche:  09/09/2026 - 31/10/2026]]></description>
      <styleUrl>#line-E65100-5263</styleUrl>
      <LineString>
        <tessellate>1</tessellate>
        <coordinates>
          16.8358764,41.102269,0
          16.8355098,41.1017613,0
          16.8353274,41.1016319,0
          16.8351129,41.1016562,0
          16.8340332,41.1005365,0
          16.8327954,41.0996592,0
          16.8311364,41.0981551,0
          16.8313119,41.0978391,0
          16.8313607,41.0976406,0
        </coordinates>
      </LineString>
    </Placemark>
    <Placemark>
      <name>ORDINANZA 2026/04052
ISTITUZIONE TEMPORANEA DEL DIVIETO DI SOSTA
AMBO I LATI CON RESTRINGIMENTO CARREGGIATA 
STRADA SANTA CATERINA: DA VIA NICOLA RUFFO A STRADA SANTA
CATERINA IN CORRISPONDENZA INGRESSO IPERCOOP
LAVORI DI SCAVO PER POSA CAVI
IMPRESA: DMF COSTRUZIONI S.R.L.
ISTANTE: LOSACCO LUIGI
09/09/2026 - 31/10/2026
</name>
      <description><![CDATA[ORDINANZA 2026/04052<br>https://drive.google.com/file/d/1ZXTojDsbq2DkH-RYjST000QrhyWkNRZ6/view?usp=sharing<br><br>dal 09 Settembre 2026 al 31 Ottobre 2026<br>1. L’istituzione temporanea del divieto di sosta ambo i lati della carreggiata con restringimento carreggiata<br>su:<br> Strada Santa Caterina: da Via Nicola Ruffo a strada Santa Caterina in corrispondenza<br>ingresso Ipercoop<br><br>Durata e tempistiche: 09/09/2026 - 31/10/2026]]></description>
      <styleUrl>#icon-1541-E65100</styleUrl>
      <Point>
        <coordinates>
          16.8326522,41.0994707,0
        </coordinates>
      </Point>
    </Placemark>
    <Placemark>
      <name><![CDATA[ORDINANZA 2026/04054
ISTITUZIONE TEMPORANEA DEL DIVIETO DI SOSTA
AMBO I LATI CON RESTRINGIMENTO CARREGGIATA 
VIA MONTEGRAPPA DAL CIV.137 AL CIV.161
LAVORI DI SCAVO PER POSA CAVI
IMPRESA: PATANO IMPIANTI & COSTRUZIONI S.R.L.
28/09/2026 - 02/10/2026 DALLE ORE 07:30 ALLE ORE 19:00]]></name>
      <description><![CDATA[ORDINANZA 2026/04054<br>https://drive.google.com/file/d/12H4131mPOBPKbjfgJIWXay1GxMGXEe3S/view?usp=sharing<br>dal giorno 28/09/2026 al giorno 02/10/2026 dalle ore 07:30 alle ore 19:00<br>Istituire temporaneamente un restringimento carreggiata, divieto di sosta ambo i lati su :<br>Via Montegrappa dal civ.137 al civ.161.<br>Tutti i provvedimenti in contrasto con la presente sono momentaneamente e provvisoriamente sospesi e divengono nuovamente efficaci all’esaurimento dei termini previsti dal presente disposto;<br><br>28/09/2026 - 02/10/2026 DALLE ORE 07:30 ALLE ORE 19:00]]></description>
      <styleUrl>#icon-1541-E65100</styleUrl>
      <Point>
        <coordinates>
          16.8683874,41.1092215,0
        </coordinates>
      </Point>
    </Placemark>
    <Placemark>
      <name><![CDATA[ORDINANZA 2026/04054
ISTITUZIONE TEMPORANEA DEL DIVIETO DI SOSTA
AMBO I LATI CON RESTRINGIMENTO CARREGGIATA 
VIA MONTEGRAPPA DAL CIV.137 AL CIV.161
LAVORI DI SCAVO PER POSA CAVI
IMPRESA: PATANO IMPIANTI & COSTRUZIONI S.R.L.
28/09/2026 - 02/10/2026 DALLE ORE 07:30 ALLE ORE 19:00]]></name>
      <description><![CDATA[ORDINANZA 2026/04054<br>https://drive.google.com/file/d/12H4131mPOBPKbjfgJIWXay1GxMGXEe3S/view?usp=sharing<br>dal giorno 28/09/2026 al giorno 02/10/2026 dalle ore 07:30 alle ore 19:00<br>Istituire temporaneamente un restringimento carreggiata, divieto di sosta ambo i lati su :<br>Via Montegrappa dal civ.137 al civ.161.<br>Tutti i provvedimenti in contrasto con la presente sono momentaneamente e provvisoriamente sospesi e divengono nuovamente efficaci all’esaurimento dei termini previsti dal presente disposto;<br><br>28/09/2026 - 02/10/2026 DALLE ORE 07:30 ALLE ORE 19:00]]></description>
      <styleUrl>#line-E65100-4681</styleUrl>
      <LineString>
        <tessellate>1</tessellate>
        <coordinates>
          16.8687155,41.1091053,0
          16.8681059,41.10921,0
        </coordinates>
      </LineString>
    </Placemark>
    <Placemark>
      <name><![CDATA[ORDINANZA 2026/04055
ISTITUZIONE TEMPORANEA DEL DIVIETO DI SOSTA AMBO I LATI CON RESTRINGIMENTO CARREGGIATA 
CORSO GIUSEPPE MAZZINI DAL CIV.96 AL CIV.108
LAVORI DI SCAVO PER POSA CAVI
IMPRESA: PATANO IMPIANTI & COSTRUZIONI S.R.L.
01/10/2026 - 02/10/2026 DALLE ORE 07:30 ALLE ORE 19:00]]></name>
      <description><![CDATA[ORDINANZA 2026/04055<br>https://drive.google.com/file/d/1xHlYzMNGk8gAjbFZKqz-WCYd-zMKo_l5/view?usp=sharing<br>dal giorno 01/10/2026 al giorno 02/10/2026 dalle ore 07:30 alle ore 19:00<br>Istituire temporaneamente un restringimento carreggiata, divieto di sosta ambo i lati su :<br>Corso Giuseppe Mazzini dal civ.96 al civ.108 .<br>Tutti i provvedimenti in contrasto con la presente sono momentaneamente e provvisoriamente sospesi e divengono nuovamente efficaci all’esaurimento dei termini previsti dal presente disposto;<br><br>01/10/2026 - 02/10/2026 DALLE ORE 07:30 ALLE ORE 19:00]]></description>
      <styleUrl>#line-E65100-4100</styleUrl>
      <LineString>
        <tessellate>1</tessellate>
        <coordinates>
          16.8564462,41.1253147,0
          16.856768,41.1253294,0
        </coordinates>
      </LineString>
    </Placemark>
    <Placemark>
      <name>ORDINANZA 2026/04065
DIVIETO DI SOSTA DI FERMATA
VIA CONTE MOSSA DA VIA NAPOLI SINO ALL’INTERSEZIONE CON LINEA FERROVIARIA 
VIA LUCCA DA VIA CONTE MOSSA SINO A VIA DE PASCALE
LAVORI CONDOTTA IDRICA AQP
IMPRESA ESECUTRICE: INGALLINA S.R.L.
09/09/2026 - 07/05/2027</name>
      <description><![CDATA[2026/04065<br><br>https://drive.google.com/file/d/1VG-rCjBX0bVP8LDZ22NSdXrDciquSGna/view<br><br>ORDINANZA PER ISTITUIRE TEMPORANEAMENTE UN DIVIETO DI SOSTA DI<br>FERMATA SU VIA CONTE MOSSA DALL’INTERSEZIONE CON VIA NAPOLI<br>SINO ALL’INTERSEZIONE CON LINEA FERROVIARIA ED IN VIA LUCCA DA VIA<br>CONTE MOSSA SINO A VIA DE PASCALE PER LAVORI CONDOTTA IDRICA<br>COMPRESI I COLLEGAMENTI NELLE SUDDETTE VIE E GLI ALLACCIAMENTI<br>D’UTENZA DALL’ESECUTIVITÀ DELL’ATTO PER 240 GIORNI NATURALI E<br>CONSECUTIVI CIRCA MESI OTTO.<br>SOCIETÀ: INGALLINA S.R.L.<br>ISTANTE: AQP<br><br>Durata e tempistiche: 09/09/2026 - 07/05/2027]]></description>
      <styleUrl>#line-E65100-5456</styleUrl>
      <LineString>
        <tessellate>1</tessellate>
        <coordinates>
          16.7479566,41.1628742,0
          16.7469587,41.1615851,0
          16.7465609,41.1610747,0
          16.7464745,41.1609782,0
          16.7461913,41.1608311,0
          16.7461302,41.1607739,0
          16.7460289,41.1606786,0
          16.745862,41.1605675,0
          16.745722,41.160504,0
          16.7453214,41.160526,0
          16.7451226,41.1605497,0
          16.7445921,41.1604913,0
          16.7446011,41.160516,0
          16.7449557,41.1605586,0
          16.7452031,41.1605564,0
          16.7455369,41.1604891,0
          16.7456799,41.1604846,0
          16.7459422,41.1606416,0
          16.7461359,41.1608077,0
          16.7464131,41.1609558,0
          16.7465114,41.1610522,0
          16.7449021,41.1614696,0
          16.742139,41.1622331,0
        </coordinates>
      </LineString>
    </Placemark>
    <Placemark>
      <name>ORDINANZA 2026/04065
DIVIETO DI SOSTA DI FERMATA
VIA CONTE MOSSA DA VIA NAPOLI SINO ALL’INTERSEZIONE CON LINEA FERROVIARIA
VIA LUCCA DA VIA CONTE MOSSA SINO A VIA DE PASCALE
LAVORI CONDOTTA IDRICA AQP
IMPRESA ESECUTRICE: INGALLINA S.R.L.
09/09/2026 - 07/05/2027</name>
      <description><![CDATA[2026/04065<br><br>https://drive.google.com/file/d/1VG-rCjBX0bVP8LDZ22NSdXrDciquSGna/view<br><br>ORDINANZA PER ISTITUIRE TEMPORANEAMENTE UN DIVIETO DI SOSTA DI<br>FERMATA SU VIA CONTE MOSSA DALL’INTERSEZIONE CON VIA NAPOLI<br>SINO ALL’INTERSEZIONE CON LINEA FERROVIARIA ED IN VIA LUCCA DA VIA<br>CONTE MOSSA SINO A VIA DE PASCALE PER LAVORI CONDOTTA IDRICA<br>COMPRESI I COLLEGAMENTI NELLE SUDDETTE VIE E GLI ALLACCIAMENTI<br>D’UTENZA DALL’ESECUTIVITÀ DELL’ATTO PER 240 GIORNI NATURALI E<br>CONSECUTIVI CIRCA MESI OTTO.<br>SOCIETÀ: INGALLINA S.R.L.<br>ISTANTE: AQP<br><br>Durata e tempistiche: 09/09/2026 - 07/05/2027]]></description>
      <styleUrl>#icon-1541-E65100</styleUrl>
      <Point>
        <coordinates>
          16.746035,41.1609535,0
        </coordinates>
      </Point>
    </Placemark>
    <Placemark>
      <name>ORDINANZA 2026/04071
DIVIETO DI SOSTA E DI FERMATA AMBO I LATI NONCHÉ RESTRINGIMENTO
CARREGGIATA
VIA S. MARCO
LAVORO RETI IDRICHE
IMPRESA ESECUTRICE: ACCIONA AGUA S.A.
09/09/2026 - 17/10/2026</name>
      <description><![CDATA[2026/04071<br><br>https://drive.google.com/file/d/1g7-LL88G_nkiMJlUHTVW_t2zicPzIyFB/view<br><br>P1557 LOTTO 1. ORDINANZA PER ISTITUIRE TEMPORANEAMENTE UN<br>DIVIETO DI SOSTA E DI FERMATA AMBO I LATI NONCHÉ RESTRINGIMENTO<br>CARREGGIATA CON SENSO UNICO ALTERNATO SU VIA S. MARCO, PER<br>INTERVENTI MIRATI A CONSEGUIRE LA DISTRETTUALIZZAZIONE, IL<br>CONTROLLO DELLE PRESSIONI ED IL MONITORAGGIO DELLE GRANDEZZE<br>IDRAULICHE NELLE RETI IDRICHE E SOSTITUZIONE DEI TRONCHI VETUSTI<br>ED AMMALORATI DALL’ESECUTIVITÀ DELL’ATTO SINO AL 17/10/2026.<br>SOCIETÀ: ACCIONA AGUA S.A.<br><br>Durata e tempistiche: 09/09/2026 - 17/10/2026]]></description>
      <styleUrl>#icon-1541-E65100</styleUrl>
      <Point>
        <coordinates>
          16.7466301,41.1667501,0
        </coordinates>
      </Point>
    </Placemark>
    <Placemark>
      <name>ORDINANZA 2026/04071
DIVIETO DI SOSTA E DI FERMATA AMBO I LATI NONCHÉ RESTRINGIMENTO
CARREGGIATA
VIA S. MARCO
LAVORO RETI IDRICHE
IMPRESA ESECUTRICE: ACCIONA AGUA S.A.
09/09/2026 - 17/10/2026</name>
      <description><![CDATA[2026/04071<br><br>https://drive.google.com/file/d/1g7-LL88G_nkiMJlUHTVW_t2zicPzIyFB/view<br><br>P1557 LOTTO 1. ORDINANZA PER ISTITUIRE TEMPORANEAMENTE UN<br>DIVIETO DI SOSTA E DI FERMATA AMBO I LATI NONCHÉ RESTRINGIMENTO<br>CARREGGIATA CON SENSO UNICO ALTERNATO SU VIA S. MARCO, PER<br>INTERVENTI MIRATI A CONSEGUIRE LA DISTRETTUALIZZAZIONE, IL<br>CONTROLLO DELLE PRESSIONI ED IL MONITORAGGIO DELLE GRANDEZZE<br>IDRAULICHE NELLE RETI IDRICHE E SOSTITUZIONE DEI TRONCHI VETUSTI<br>ED AMMALORATI DALL’ESECUTIVITÀ DELL’ATTO SINO AL 17/10/2026.<br>SOCIETÀ: ACCIONA AGUA S.A.<br><br>Durata e tempistiche: 09/09/2026 - 17/10/2026]]></description>
      <styleUrl>#line-E65100-4100</styleUrl>
      <LineString>
        <tessellate>1</tessellate>
        <coordinates>
          16.7457486,41.1645286,0
          16.7465335,41.1668632,0
        </coordinates>
      </LineString>
    </Placemark>
    <Placemark>
      <name>ORDINANZA 2026/04072
DIVIETO DI SOSTA E DI FERMATA AMBO I LATI NONCHÉ RESTRINGIMENTO
CARREGGIATA CON SENSO UNICO ALTERNATO
TRAVERSA 9/D DI VIA NAZIONALE
LAVORO RETI IDRICHE
IMPRESA ESECUTRICE: ACCIONA AGUA S.A.
09/09/2026 - 02/11/2026</name>
      <description><![CDATA[Ordinanza 2026/04072<br><br>https://drive.google.com/file/d/1JqhqLIf7etckchmVLpOFzizWApu9DT03/view<br><br>P1557 LOTTO 1. ORDINANZA PER ISTITUIRE TEMPORANEAMENTE UN<br>DIVIETO DI SOSTA E DI FERMATA AMBO I LATI NONCHÉ RESTRINGIMENTO<br>CARREGGIATA CON SENSO UNICO ALTERNATO SU TRAVERSA 9/D DI VIA<br>NAZIONALE, PER INTERVENTI MIRATI A CONSEGUIRE LA<br>DISTRETTUALIZZAZIONE, IL CONTROLLO DELLE PRESSIONI ED IL<br>MONITORAGGIO DELLE GRANDEZZE IDRAULICHE NELLE RETI IDRICHE E<br>SOSTITUZIONE DEI TRONCHI VETUSTI ED AMMALORATI DALL’ESECUTIVITÀ<br>DELL’ATTO SINO AL 02/11/2026.<br>SOCIETÀ: ACCIONA AGUA S.A.<br><br>Durata e Tempistiche: 09/09/2026 - 02/11/2026]]></description>
      <styleUrl>#icon-1541-E65100</styleUrl>
      <Point>
        <coordinates>
          16.7775963,41.1530254,0
        </coordinates>
      </Point>
    </Placemark>
    <Placemark>
      <name>ORDINANZA 2026/04106
DIVIETO DI SOSTA CON RIMOZIONE FORZATA AMBO I LATI
VIA MAGGIORE TURITTO CIV 13 CIV 17
MANUTENZIONE EDILE
IMPRESA ESECUTRICE: CARAMELLA SRL
07/09/2026 - 31/10/2026
</name>
      <description><![CDATA[Ordinanza 2026/04106<br><br>https://drive.google.com/file/d/1CaJnhp4NAX2NDSBuEyM34Le2AkUZclIp/view<br><br>ACCORDO QUADRO BIENNALE PER INTERVENTI DI MANUTENZIONE EDILE<br><br>ED<br>IMPIANTISTICA DI TIPO ECCEZIONALE NON PROGRAMMATA E “A<br>CHIAMATA” AGLI<br>IMMOBILI ADIBITI A SCUOLA MEDIA, ELEMENTARE, MATERNA E NIDO<br>GESTITI DAL<br>COMUNE DI BARI: MUNICIPIO 1<br>RICHIESTA ORDINANZA DI DIVIETO DI SOSTA CON RIMOZIONE FORZATA<br>AMBO I LATI SU VIA MAGGIORE TURITTO CIV 13 CIV 17 (PLESSO<br>SCOLASTICO MELO DA BARI) IN BARI PER IL PERIODO INTERCORRENTE<br>TRA IL 7 SETTEMBRE AL 31 OTTOBRE PPVV<br>RICHIEDENTE : RIPARTIZIONE INFRASTRUTTURE VIABILITÀ E OPERE<br>PUBBLICHE IL RESPONSABILE DEL PROGETTO ING. MAURO RESTA<br>IMPRESA CARAMELLA SRL - VIA BERGAMO 20B - 70022 ALTAMURA BA,<br><br>Durata e Tempistiche: 07/09/2026 - 31/10/2026]]></description>
      <styleUrl>#icon-1541-E65100</styleUrl>
      <Point>
        <coordinates>
          16.8560188,41.1244537,0
        </coordinates>
      </Point>
    </Placemark>
    <Placemark>
      <name><![CDATA[ORDINANZA 2026/04099
RESTRINGIMENTO CARREGGIATA E DIVIETO DI
SOSTA AMBO I LATI
VIA FRANCESCO CURZIO DEI MILLE DA VIA PETRU
GIOVACCHINI FINO VIA DAVIDE LOPEZ
LAVORI DI SCAVO PER POSA IMPIANTI
IMPRESA ESECUTRICE: PATANO IMPIANTI & COSTRUZIONI S.R.L.
14/09/2026 - 30/10/2026]]></name>
      <description><![CDATA[Ordinanza 2026/04099<br><br>https://drive.google.com/file/d/1TGPApRsGmxOVIY-Pw7hLIburKC60SPwV/view<br><br>ISTITUZIONE TEMPORANEA RESTRINGIMENTO CARREGGIATA, DIVIETO DI<br>SOSTA AMBO I LATI IN VIA FRANCESCO CURZIO DEI MILLE DA VIA PETRU<br>GIOVACCHINI FINO VIA DAVIDE LOPEZ PER LAVORI DI SCAVO PER POSA<br>IMPIANTI SU SEDE STRADALE <br>IMPRESA: PATANO IMPIANTI & COSTRUZIONI S.R.L.<br><br>Durata e Tempistiche:14/09/2026 - 30/10/2026]]></description>
      <styleUrl>#icon-1541-E65100</styleUrl>
      <Point>
        <coordinates>
          16.8489985,41.1265019,0
        </coordinates>
      </Point>
    </Placemark>
    <Placemark>
      <name><![CDATA[ORDINANZA 2026/04099
RESTRINGIMENTO CARREGGIATA E DIVIETO DI
SOSTA AMBO I LATI
VIA FRANCESCO CURZIO DEI MILLE DA VIA PETRU
GIOVACCHINI FINO VIA DAVIDE LOPEZ
LAVORI DI SCAVO PER POSA IMPIANTI
IMPRESA ESECUTRICE: PATANO IMPIANTI & COSTRUZIONI S.R.L.
14/09/2026 - 30/10/2026]]></name>
      <description><![CDATA[Ordinanza 2026/04099<br><br>https://drive.google.com/file/d/1TGPApRsGmxOVIY-Pw7hLIburKC60SPwV/view<br><br>ISTITUZIONE TEMPORANEA RESTRINGIMENTO CARREGGIATA, DIVIETO DI<br>SOSTA AMBO I LATI IN VIA FRANCESCO CURZIO DEI MILLE DA VIA PETRU<br>GIOVACCHINI FINO VIA DAVIDE LOPEZ PER LAVORI DI SCAVO PER POSA<br>IMPIANTI SU SEDE STRADALE <br>IMPRESA: PATANO IMPIANTI & COSTRUZIONI S.R.L.<br><br>Durata e Tempistiche:14/09/2026 - 30/10/2026]]></description>
      <styleUrl>#line-E65100-3325</styleUrl>
      <LineString>
        <tessellate>1</tessellate>
        <coordinates>
          16.8489951,41.1264897,0
          16.8489307,41.1256987,0
        </coordinates>
      </LineString>
    </Placemark>
    <Placemark>
      <name>ORDINANZA 2026/04098
RESTRINGIMENTO CARREGGIATA E DIVIETO DI
SOSTA AMBO I LATI
VIA G. GENTILE SNC FRONTE SACRARIO MILITARE
LAVORI DI COSTRUZIONE ALLACCIO IDRICO
IMPRESA ESECUTRICE: AQP S.P.A.
05/10/2026 - 17/10/2026
7.00 - 16.00</name>
      <description><![CDATA[Ordinanza 2026/04098<br><br>https://drive.google.com/file/d/10vm7wPSH5g88eVaprEc7qYUA8vSM1U-W/view<br><br>ISTITUZIONE TEMPORANEA DEL RESTRINGIMENTO DI CARREGGIATA E<br><br>DIVIETO DI SOSTA IN VIA G.<br>GENTILE SNC FRONTE SACRARIO MILITARE I DA STRADA TORRE<br>DEL DIAVOLO PER I SUCCESSIVI 100 METRI E PER I PRECEDENTI 100<br>METRI PER LAVORI DI COSTRUZIONE ALLACCIO IDRICO E IMPIANTO<br>FOGNARIO DAL 5 AL 17 OTTOBRE 2026 DALLA ORE 7.00 ALLE ORE 16.00<br>IMPRESA: ISAP SRL” CON SEDE LEGALE IN CONTRADA LEONESSA SNC -<br>85025 - MELFI (PZ)<br>ISTANTE: AQP S.P.A.<br><br>Durata e Tempistiche: 05/10/2026 - 17/10/2026<br>7.00 - 16.00]]></description>
      <styleUrl>#line-E65100-3325</styleUrl>
      <LineString>
        <tessellate>1</tessellate>
        <coordinates>
          16.90432,41.110812,0
          16.9061084,41.1101071,0
        </coordinates>
      </LineString>
    </Placemark>
    <Placemark>
      <name>ORDINANZA 2026/04098
RESTRINGIMENTO CARREGGIATA E DIVIETO DI
SOSTA AMBO I LATI
VIA G. GENTILE SNC FRONTE SACRARIO MILITARE
LAVORI DI COSTRUZIONE ALLACCIO IDRICO
IMPRESA ESECUTRICE: AQP S.P.A.
05/10/2026 - 17/10/2026
7.00 - 16.00</name>
      <description><![CDATA[Ordinanza 2026/04098<br><br>https://drive.google.com/file/d/10vm7wPSH5g88eVaprEc7qYUA8vSM1U-W/view<br><br>ISTITUZIONE TEMPORANEA DEL RESTRINGIMENTO DI CARREGGIATA E<br><br>DIVIETO DI SOSTA IN VIA G.<br>GENTILE SNC FRONTE SACRARIO MILITARE I DA STRADA TORRE<br>DEL DIAVOLO PER I SUCCESSIVI 100 METRI E PER I PRECEDENTI 100<br>METRI PER LAVORI DI COSTRUZIONE ALLACCIO IDRICO E IMPIANTO<br>FOGNARIO DAL 5 AL 17 OTTOBRE 2026 DALLA ORE 7.00 ALLE ORE 16.00<br>IMPRESA: ISAP SRL” CON SEDE LEGALE IN CONTRADA LEONESSA SNC -<br>85025 - MELFI (PZ)<br>ISTANTE: AQP S.P.A.<br><br>Durata e Tempistiche: 05/10/2026 - 17/10/2026<br>7.00 - 16.00]]></description>
      <styleUrl>#icon-1541-E65100</styleUrl>
      <Point>
        <coordinates>
          16.9043262,41.1105992,0
        </coordinates>
      </Point>
    </Placemark>
    <Placemark>
      <name>ORDINANZA 2026/04111
ISTITUZIONE TEMPORANEA DEL DIVIETO DI TRANSITO VEICOLARE E
DIVIETO DI SOSTA IN VIA S.
VISCONTI 66 DA VIA N. PUTIGNANI A VIA A. M. CALEFATI PER LAVORI DI
COSTRUZIONE ALLACCIO IDRICO E FOGNARIO
TERMINE E DURATA: DAL 14 AL 26 SETTEMBRE
2026
IMPRESA ESECUTRICE:ISAP SRL” CON SEDE LEGALE IN CONTRADA LEONESSA SNC -
85025 - MELFI (PZ)
</name>
      <description><![CDATA[ORDINANZA 2026/04111<br>https://drive.google.com/file/d/1g03JCdWwh7D8Ptf2wNLy-4dXNATnrswL/view<br> L’istituzione temporanea del divieto di transito veicolare e divieto di sosta in:<br>via S. Visconti 66 da via N. Putignani a via A. M. Calefati <br>TERMINE E DURATA: DAL 14 AL 26 SETTEMBRE 2026]]></description>
      <styleUrl>#icon-1541-E65100</styleUrl>
      <Point>
        <coordinates>
          16.8630813,41.1232931,0
        </coordinates>
      </Point>
    </Placemark>
    <Placemark>
      <name>ORDINANZA 2026/04116
ACCORDO QUADRO DI DURATA TRIENNALE (ANNUALITÀ 2022-20224)
PER “LAVORI DI MANUTENZIONE DEGLI
IMMOBILI CON DESTINAZIONE NON SCOLASTICA SOTTOPOSTI A VINCOLO
AI SENSI DEL D.LGS 42/2004 E SITI SU
TUTTO IL TERRITORIO COMUNALE – MUNICIPI 1-2-3-4-5. CIG AQ: 9339077225
- CUP: J97H22001370004
ISTITUZIONE DI DIVIETO DI SOSTA E FERMATA IN VIA CAIROLI DAL CIV. 1
AL CIV. 5, A PARTIRE DAL GIORNO 11/09/2026 PER 50 GIORNI NATURALI E
CONSECUTIVI PER L’ ESECUZIONE DELLE NECESSARIE OPERE DI
MANUTENZIONE STRAORDINARIA ALL’INTERNO DEL PALAZZO COMUNALE
TERMINE E DURATA: DAL GIORNO 11/09/2026 PER 50 GIORNI 
IMPRESA ESECUTRICE:DI GREGORIO SRL
</name>
      <description><![CDATA[ORDINANZA 2026/04116<br>https://drive.google.com/file/d/1bF3AXbFrNl3zxRUNsZdZ8G9rOpPRtGa9/view<br>ACCORDO QUADRO DI DURATA TRIENNALE (ANNUALITÀ 2022-20224)<br>PER “LAVORI DI MANUTENZIONE DEGLI<br>IMMOBILI CON DESTINAZIONE NON SCOLASTICA SOTTOPOSTI A VINCOLO<br>AI SENSI DEL D.LGS 42/2004 E SITI SU<br>TUTTO IL TERRITORIO COMUNALE – MUNICIPI 1-2-3-4-5. CIG AQ: 9339077225<br>- CUP: J97H22001370004<br>ISTITUZIONE DI DIVIETO DI SOSTA E FERMATA IN VIA CAIROLI DAL CIV. 1<br>AL CIV. 5, A PARTIRE DAL GIORNO 11/09/2026 PER 50 GIORNI NATURALI E<br>CONSECUTIVI PER L’ ESECUZIONE DELLE NECESSARIE OPERE DI<br>MANUTENZIONE STRAORDINARIA ALL’INTERNO DEL PALAZZO COMUNALE<br>TERMINE E DURATA: DAL GIORNO 11/09/2026 PER 50 GIORNI <br>IMPRESA ESECUTRICE:DI GREGORIO SRL]]></description>
      <styleUrl>#icon-1541-E65100</styleUrl>
      <Point>
        <coordinates>
          16.8671724,41.0718283,0
        </coordinates>
      </Point>
    </Placemark>
    <Placemark>
      <name>ORDINANZA 2026/04297 
DIVIETO DI SOSTA AMBO I LATI, SENSO UNICO ALTERNATO NONCHÉ RESTRINGIMENTO CARREGGIATA E ALL’OCCORRENZA DIVIETO DI TRANSITO
VIA PODGORA , VIA PREMUDA
P1557 - PROGRAMMA DEGLI INTERVENTI AQP 2020-2023
IMPRESA ESECUTRICE: ACCIONA AGUA S.A 
11/09/2026 - 30/11/2026
</name>
      <description><![CDATA[ORDINANZA 2026/04297 <br>https://drive.google.com/file/d/1wAEm5isAqob-KZH73t2JYMr5a24fWnTg/view<br><br>P1557 - PROGRAMMA DEGLI INTERVENTI AQP 2020-2023 “INTERVENTI MIRATI PER CONSEGUIRE LA DISTRETTUALIZZAZIONE, IL CONTROLLO DELLE PRESSIONI ED IL MONITORAGGIO DELLE GRANDEZZE IDRAULICHE NELLE RETI DEL TERRITORIO SERVITO DALL’ACQUEDOTTO PUGLIESE E SOSTITUZIONE DEI TRONCHI VETUSTI ED AMMALORATI - LOTTO1 - BA1”. ORDINANZA PER ISTITUIRE TEMPORANEAMENTE UN DIVIETO DI SOSTA AMBO I ALTI, SENSO UNICO ALTERNATO NONCHÉ RESTRINGIMENTO CARREGGIATA E ALL’OCCORRENZA DIVIETO DI TRANSITO SU VIA PODGORA , VIA PREMUDA DAL GIORNO 01/10/2026 AL 30/11/2026 SOCIETÀ: ACCIONA AGUA S.A. <br><br>Durata e tempistiche: 01/10/2026 - 30/11/2026<br><br>ORDINANZA 2026/04115<br>https://drive.google.com/file/d/1VnIfHbiuE5gh8s95ktoOVNjW5Q-8eR9J/view<br> Istituzione temporanea del divieto di sosta ambo i alti,<br>senso unico alternato nonché restringimento carreggiata e all’occorrenza divieto di transito su .<br> VIA PODGORA ,<br> VIA PREMUDA<br>TERMINE E DURATA: dal giorno 11/09/2026 al 30/9/2026 ]]></description>
      <styleUrl>#icon-1541-E65100</styleUrl>
      <Point>
        <coordinates>
          16.8708508,41.1052924,0
        </coordinates>
      </Point>
    </Placemark>
    <Placemark>
      <name>ORDINANZA 2026/04114

P1557 LOTTO 1. ORDINANZA PER ISTITUIRE TEMPORANEAMENTE UN
DIVIETO DI SOSTA AMBO I ALTI, SENSO UNICO ALTERNATO NONCHÉ
RESTRINGIMENTO CARREGGIATA E ALL’OCCORRENZA DIVIETO DI
TRANSITO SU CORSO DELLA CARBONERIA PER LAVORI DI RIPRISTINO
DEFINITIVO DELLA PAVIMENTAZIONE MEDIANTE SCARIFICA E SUCCESSIVA
STESA DEL TAPPETO D’USURA, NONCHÉ NEL RIFACIMENTO DELLA PISTA
CICLABILE
TERMINE E DURATA: DAL 14/09/2026 AL 30/10/2026 
IMPRESA ESECUTRICE:ACCIONA AGUA S.A.

</name>
      <description><![CDATA[ORDINANZA 2026/04114<br><br>https://drive.google.com/file/d/1iMm_SO3R2Gxx0bPpbpaC00XLMnTfZC9W/view<br>Istituzione temporanea del divieto di sosta ambo i alti, senso<br>unico alternato nonché restringimento carreggiata e all’occorrenza divieto di transito su Corso della<br>Carboneria;<br>2. Sarà consentito il transito ai residenti, ai mezzi pubblici ed ai mezzi di soccorso;<br>TERMINE E DURATA: dal giorno 14/09/2026 al 30/10/2026 ]]></description>
      <styleUrl>#icon-1541-E65100</styleUrl>
      <Point>
        <coordinates>
          16.8485412,41.1251546,0
        </coordinates>
      </Point>
    </Placemark>
    <Placemark>
      <name><![CDATA[ORDINANZA 2026/04113

P1557 LOTTO 1. ORDINANZA PER ISTITUIRE TEMPORANEAMENTE UN
ISTITUZIONE TEMPORANEA RESTRINGIMENTO CARREGGIATA, DIVIETO DI
SOSTA AMBO I LATI IN VIA FRANCESCO SAVERIO ABBRESCIA DA VIA
MARCELLO CELENTANO FINO VIA FRANCESCO SAVERIO ABBRESCIA CIV. 7
PER LAVORI DI SCAVO PER POSA IMPIANTI SU SEDE STRADALE 1
TERMINE E DURATA: 14/09/2026 AL 30/10/2026DALLE ORE 07:30 ALLE ORE 18:00

IMPRESA ESECUTRICE: PATANO IMPIANTI & COSTRUZIONI S.R.L.
]]></name>
      <description><![CDATA[ORDINANZA 2026/04113<br><br>https://drive.google.com/file/d/11FsDUoesYfP3yQhgsxmfuDFmbYBMAQ05/view<br>Istituire temporaneamente un restringimento carreggiata, divieto di sosta ambo i lati su :<br>Via Francesco Saverio Abbrescia da Via Marcello Celentano fino Via Francesco Saverio<br>Abbrescia civ. 7<br>Tutti i provvedimenti in contrasto con la presente sono momentaneamente e provvisoriamente sospesi e<br>divengono nuovamente efficaci all’esaurimento dei termini previsti dal presente disposto;<br>TERMINE E DURATA: 14/09/2026 AL 30/10/2026DALLE ORE 07:30 ALLE ORE 18:00]]></description>
      <styleUrl>#icon-1541-E65100</styleUrl>
      <Point>
        <coordinates>
          16.876101,41.1211097,0
        </coordinates>
      </Point>
    </Placemark>
    <Placemark>
      <name>ORDINANZA 2026/04112

ISTITUZIONE TEMPORANEA DEL DIVIETO DI TRANSITO VEICOLARE E
DIVIETO DI SOSTA IN VIA M.
GARRUBA 89 DA VIA Q. SELLA A VIA S. VISCONTI PER LAVORI DI
COSTRUZIONE ALLACCIO IDRICO E FOGNARIO
TERMINE E DURATA: 14/09/2026 AL 26/09/2026DALLE ORE 07:30 ALLE ORE 18:00

IMPRESA ESECUTRICE: ISAP SRL” CON SEDE LEGALE IN CONTRADA LEONESSA SNC -
85025 - MELFI (PZ)
ISTANTE: AQP S.P.A
</name>
      <description><![CDATA[ORDINANZA 2026/04112<br><br>https://drive.google.com/file/d/1RtBKUhNydu7Tm3j85dtoqafXDye-XVrL/view<br>L’istituzione temporanea del divieto di transito veicolare e divieto di sosta in:<br>via M. Garruba 89 da via Q. Sella a via S. Visconti<br>TERMINE E DURATA: 14/09/2026 AL 26/09/2026DALLE ORE 07:30 ALLE ORE 18:00]]></description>
      <styleUrl>#icon-1541-E65100</styleUrl>
      <Point>
        <coordinates>
          16.8638814,41.1203709,0
        </coordinates>
      </Point>
    </Placemark>
    <Placemark>
      <name><![CDATA[ORDINANZA 2026/04136/2026/04561
DIVIETO DI SOSTA CON RIMOZIONE FORZATA
VIA PAPA INNOCENZO XII TRA VIA NICEFORO E VIA S. LIOCE (LATO SCUOLA NUMERI DISPARI)-
VIA PAPA BENEDETTO XIII TRA VIA NICEFORO E VIA S. LIOCE (LATO SCUOLA NUMERI PARI)-
VIA S. LIOCE TRA VIA PAPA BENEDETTO XIII E VIA PAPA INNOCENZO XII PER UNA LUNGHEZZA DI
METRI 15 DALL'INCROCIO CON VIA PAPA BENEDETTO XIII E PER UNA
LUNGHEZZA DI METRI 12 DALL'INCROCIO CON VIA PAPA INNOCENZO XII 
INTERVENTO DI “DEMOLIZIONE E RICOSTRUZIONE DELLA
SCUOLA STATALE PRIMARIA E INFANZIA “ANNA FRANK”
RICHIEDENTE: - RIPARTIZIONE INFRASTRUTTURE, VIABILITÀ E OPERE PUBBLICHE 
TERMINE E DURATA: 15/09/2026 AL 30/06/2027]]></name>
      <description><![CDATA[integrazione <br>ORDINANZA 2026/04561 https://drive.google.com/file/d/16OHofQg1-p2nqOMtVRLHDBfvrCMXclik/view<br><br>ORDINANZA 2026/04136<br>https://drive.google.com/file/d/1sLVffByaD40fn1pGh1Z2LnTHnqWi1xDb/view<br>Via Papa Innocenzo XII nel tratto compreso tra Via Niceforo e Via S. Lioce (lato scuola numeri dispari)<br>Via Papa Benedetto XIII nel trattto compreso tra Via Niceforo e Via S. Lioce (lato scuola numeri pari)<br>Via S. Lioce nel tratto compreso tra Via Papa Benedetto XIII e Via Papa Innocenzo XII per una lunghezza di metri 15<br>dall'incrocio con Via Papa Benedetto XIII e per una lunghezza di metri 12 dall'incrocio con via Papa Innocenzo XII<br>Ove siano istituiti divieti di sosta che prescrivano la rimozione forzata dei veicoli, trattandosi di lavori eseguiti in regime di cantiere<br>mobile, sono validi esclusivamente lungo il tratto stradale interessato dagli interventi di manutenzione e il termine previsto inizierà<br>a decorrere successivamente all’apposizione della necessaria segnaletica, da installare non meno di 48 ore prima dell’inizio<br>dei lavori ai sensi del Decreto Legislativo n. 285 del 30.4.1992, art.6, co. 4, lett. f)TERMINE E DURATA: 15/09/2026 AL 30/06/2027]]></description>
      <styleUrl>#icon-1541-E65100</styleUrl>
      <Point>
        <coordinates>
          16.8629556,41.103446,0
        </coordinates>
      </Point>
    </Placemark>
    <Placemark>
      <name><![CDATA[ORDINANZA 2026/04136/2026/04561
DIVIETO DI SOSTA CON RIMOZIONE FORZATA
VIA PAPA INNOCENZO XII TRA VIA NICEFORO E VIA S. LIOCE (LATO SCUOLA NUMERI DISPARI)-
VIA PAPA BENEDETTO XIII TRA VIA NICEFORO E VIA S. LIOCE (LATO SCUOLA NUMERI PARI)-
VIA S. LIOCE TRA VIA PAPA BENEDETTO XIII E VIA PAPA INNOCENZO XII PER UNA LUNGHEZZA DI
METRI 15 DALL'INCROCIO CON VIA PAPA BENEDETTO XIII E PER UNA
LUNGHEZZA DI METRI 12 DALL'INCROCIO CON VIA PAPA INNOCENZO XII 
INTERVENTO DI “DEMOLIZIONE E RICOSTRUZIONE DELLA
SCUOLA STATALE PRIMARIA E INFANZIA “ANNA FRANK”
RICHIEDENTE: - RIPARTIZIONE INFRASTRUTTURE, VIABILITÀ E OPERE PUBBLICHE 
TERMINE E DURATA: 15/09/2026 AL 30/06/2027]]></name>
      <description><![CDATA[integrazione ORDINANZA 2026/04561 https://drive.google.com/file/d/16OHofQg1-p2nqOMtVRLHDBfvrCMXclik/view<br><br>ORDINANZA 2026/04136<br>https://drive.google.com/file/d/1sLVffByaD40fn1pGh1Z2LnTHnqWi1xDb/view<br>Via Papa Innocenzo XII nel tratto compreso tra Via Niceforo e Via S. Lioce (lato scuola numeri dispari)<br>Via Papa Benedetto XIII nel trattto compreso tra Via Niceforo e Via S. Lioce (lato scuola numeri pari)<br>Via S. Lioce nel tratto compreso tra Via Papa Benedetto XIII e Via Papa Innocenzo XII per una lunghezza di metri 15<br>dall'incrocio con Via Papa Benedetto XIII e per una lunghezza di metri 12 dall'incrocio con via Papa Innocenzo XII<br>Ove siano istituiti divieti di sosta che prescrivano la rimozione forzata dei veicoli, trattandosi di lavori eseguiti in regime di cantiere<br>mobile, sono validi esclusivamente lungo il tratto stradale interessato dagli interventi di manutenzione e il termine previsto inizierà<br>a decorrere successivamente all’apposizione della necessaria segnaletica, da installare non meno di 48 ore prima dell’inizio<br>dei lavori ai sensi del Decreto Legislativo n. 285 del 30.4.1992, art.6, co. 4, lett. f)TERMINE E DURATA: 15/09/2026 AL 30/06/2027]]></description>
      <styleUrl>#line-E65100-4488</styleUrl>
      <LineString>
        <tessellate>1</tessellate>
        <coordinates>
          16.8622943,41.1025773,0
          16.8629722,41.1025718,0
          16.862999,41.1033435,0
          16.8624065,41.1034005,0
        </coordinates>
      </LineString>
    </Placemark>
    <Placemark>
      <name>ORDINANZA 2026/04135
DIVIETO DI SOSTA DI FERMATA 
 VIA NENNI TRA IL NEW DIAL E IL 3 
LAVORI CONDOTTA IDRICA
RICHIEDENTE: INGALLINA S.R.L.
ISTANTE: AQP  
TERMINE E DURATA: 15/09/2026 AL 30/09/2026


</name>
      <description><![CDATA[ORDINANZA 2026/04135<br>https://drive.google.com/file/d/1wDoEH6i_MqFfk57P9jEk1ALwnk_Bo5Iu/view<br>1. Istituzione temporanea del divieto di sosta di fermata su via Nenni tra il New Dial e il civ 3;<br>3. Tutti i provvedimenti in contrasto con la presente sono momentaneamente e provvisoriamente sospesi e<br>divengono nuovamente efficaci all’esaurimento dei termini previsti dal presente disposto;<br>TERMINE E DURATA: 15/09/2026 AL 30/09/2026]]></description>
      <styleUrl>#icon-1541-E65100</styleUrl>
      <Point>
        <coordinates>
          16.8671434,41.092637,0
        </coordinates>
      </Point>
    </Placemark>
    <Placemark>
      <name>ORDINANZA 2026/04135
DIVIETO DI SOSTA DI FERMATA
VIA NENNI TRA IL NEW DIAL E IL 3
LAVORI CONDOTTA IDRICA
RICHIEDENTE: INGALLINA S.R.L.
ISTANTE: AQP 
TERMINE E DURATA: 15/09/2026 AL 30/09/2026</name>
      <description><![CDATA[ORDINANZA 2026/04135<br>https://drive.google.com/file/d/1wDoEH6i_MqFfk57P9jEk1ALwnk_Bo5Iu/view<br>1. Istituzione temporanea del divieto di sosta di fermata su via Nenni tra il New Dial e il civ 3;<br>3. Tutti i provvedimenti in contrasto con la presente sono momentaneamente e provvisoriamente sospesi e<br>divengono nuovamente efficaci all’esaurimento dei termini previsti dal presente disposto;<br>TERMINE E DURATA: 15/09/2026 AL 30/09/2026]]></description>
      <styleUrl>#line-E65100-4875</styleUrl>
      <LineString>
        <tessellate>1</tessellate>
        <coordinates>
          16.8672811,41.0925235,0
          16.8671738,41.0912812,0
        </coordinates>
      </LineString>
    </Placemark>
    <Placemark>
      <name>ORDINANZA 2026/04198 
DIVIETO DI TRANSITO VEICOLARE E DIVIETO DI SOSTA 
VIA M. D’AZEGLIO 16 DA VIA NAPOLI A VIA E. FIERAMOSCA 
LAVORI DI COSTRUZIONE ALLACCIO IDRICO E FOGNARIO
IMPRESA ESECUTRICE: ISAP SRL
ISTANTE: AQP S.P.A. 
28/09/2026 - 10/10/2026 
</name>
      <description><![CDATA[ORDINANZA 2026/04198 <br><br>https://drive.google.com/file/d/12_jc2YebgzRXno9MOFpi8NK_-IcckN24/view<br><br>ISTITUZIONE TEMPORANEA DEL DIVIETO DI TRANSITO VEICOLARE E DIVIETO DI SOSTA IN VIA M. D’AZEGLIO 16 DA VIA NAPOLI A VIA E. FIERAMOSCA PER LAVORI DI COSTRUZIONE ALLACCIO IDRICO E FOGNARIO DAL 28.9.2026 AL 10.10 2026 IMPRESA: ISAP SRL” CON SEDE LEGALE IN CONTRADA LEONESSA SNC - 85025 - MELFI (PZ) ISTANTE: AQP S.P.A. <br><br>Durata e tempistiche: 28/09/2026 - 10/10/2026]]></description>
      <styleUrl>#icon-1541-E65100</styleUrl>
      <Point>
        <coordinates>
          16.8576612,41.1267194,0
        </coordinates>
      </Point>
    </Placemark>
    <Placemark>
      <name>ORDINANZA 2026/04199 
DIVIETO DI TRANSITO VEICOLARE E DIVIETO DI SOSTA 
STRADA DELLA TORRETTA 17 DA VICO DE GIRONDA A STRADA INCURIA 
LAVORI DI COSTRUZIONE ALLACCIO IDRICO E FOGNARIO
IMPRESA ESECUTRICE: ISAP SRL
ISTANTE: AQP S.P.A. 
19/10/2026 - 31/10/2026 
</name>
      <description><![CDATA[ORDINANZA 2026/04199 <br>https://drive.google.com/file/d/1dCiDiWrx_QRii2v3KkKzKYSxlxtAZnsC/view<br><br><br>ISTITUZIONE TEMPORANEA DEL DIVIETO DI TRANSITO VEICOLARE E DIVIETO DI SOSTA IN STRADA DELLA TORRETTA 17 DA VICO DE GIRONDA A STRADA INCURIA PER LAVORI DI COSTRUZIONE ALLACCIO IDRICO E FOGNARIO DAL 19 AL 31 OTTOBRE 2026 IMPRESA: ISAP SRL” CON SEDE LEGALE IN CONTRADA LEONESSA SNC - 85025 - MELFI (PZ) ISTANTE: AQP S.P.A. <br><br>Durata e tempistiche: 19/10/2026 - 31/10/2026 ]]></description>
      <styleUrl>#icon-1541-E65100</styleUrl>
      <Point>
        <coordinates>
          16.8704332,41.1271759,0
        </coordinates>
      </Point>
    </Placemark>
    <Placemark>
      <name>ORDINANZA 2026/04199 
DIVIETO DI TRANSITO VEICOLARE E DIVIETO DI SOSTA 
STRADA DELLA TORRETTA 17 DA VICO DE GIRONDA A STRADA INCURIA 
LAVORI DI COSTRUZIONE ALLACCIO IDRICO E FOGNARIO
IMPRESA ESECUTRICE: ISAP SRL
ISTANTE: AQP S.P.A. 
19/10/2026 - 31/10/2026 
</name>
      <description><![CDATA[ORDINANZA 2026/04199 <br>https://drive.google.com/file/d/1dCiDiWrx_QRii2v3KkKzKYSxlxtAZnsC/view<br><br><br>ISTITUZIONE TEMPORANEA DEL DIVIETO DI TRANSITO VEICOLARE E DIVIETO DI SOSTA IN STRADA DELLA TORRETTA 17 DA VICO DE GIRONDA A STRADA INCURIA PER LAVORI DI COSTRUZIONE ALLACCIO IDRICO E FOGNARIO DAL 19 AL 31 OTTOBRE 2026 IMPRESA: ISAP SRL” CON SEDE LEGALE IN CONTRADA LEONESSA SNC - 85025 - MELFI (PZ) ISTANTE: AQP S.P.A. <br><br>Durata e tempistiche: 19/10/2026 - 31/10/2026 ]]></description>
      <styleUrl>#line-E65100-3519</styleUrl>
      <LineString>
        <tessellate>1</tessellate>
        <coordinates>
          16.8701857,41.1271309,0
          16.8704661,41.1271603,0
          16.8705271,41.1275589,0
        </coordinates>
      </LineString>
    </Placemark>
    <Placemark>
      <name>ORDINANZA 2026/04201
DIVIETO DI TRANSITO VEICOLARE E DIVIETO DI SOSTA
VIA G. ABATE GIMMA 295 DA VIA P. RAVANAS A VIA G. TREVISANI
LAVORI DI COSTRUZIONE ALLACCIO IDRICO
IMPRESA ESECUTRICE: AQP S.P.A.
19/10/2026 - 31/10/2026</name>
      <description><![CDATA[Ordinanza 2026/04201<br><br>https://drive.google.com/file/d/14coQs5bMtS70uFxD2NjSCfsW0uu8ESm_/view<br><br>ISTITUZIONE TEMPORANEA DEL DIVIETO DI TRANSITO VEICOLARE E<br><br>DIVIETO DI SOSTA IN VIA G.<br>ABATE GIMMA 295 DA VIA P. RAVANAS A VIA G. TREVISANI PER<br>LAVORI DI COSTRUZIONE ALLACCIO IDRICO E FOGNARIO DAL 19 AL 31<br>OTTOBRE 2026<br>IMPRESA: ISAP SRL” CON SEDE LEGALE IN CONTRADA LEONESSA SNC -<br>85025 - MELFI (PZ)<br>ISTANTE: AQP S.P.A.<br><br>Durata e tempistiche: 19/10/2026 - 31/10/2026]]></description>
      <styleUrl>#line-E65100-4100</styleUrl>
      <LineString>
        <tessellate>1</tessellate>
        <coordinates>
          16.8586064,41.1240187,0
          16.8597226,41.1240907,0
        </coordinates>
      </LineString>
    </Placemark>
    <Placemark>
      <name>ORDINANZA 2026/04201
DIVIETO DI TRANSITO VEICOLARE E DIVIETO DI SOSTA
VIA G. ABATE GIMMA 295 DA VIA P. RAVANAS A VIA G. TREVISANI
LAVORI DI COSTRUZIONE ALLACCIO IDRICO
IMPRESA ESECUTRICE: AQP S.P.A.
19/10/2026 - 31/10/2026</name>
      <description><![CDATA[Ordinanza 2026/04201<br><br>https://drive.google.com/file/d/14coQs5bMtS70uFxD2NjSCfsW0uu8ESm_/view<br><br>ISTITUZIONE TEMPORANEA DEL DIVIETO DI TRANSITO VEICOLARE E<br><br>DIVIETO DI SOSTA IN VIA G.<br>ABATE GIMMA 295 DA VIA P. RAVANAS A VIA G. TREVISANI PER<br>LAVORI DI COSTRUZIONE ALLACCIO IDRICO E FOGNARIO DAL 19 AL 31<br>OTTOBRE 2026<br>IMPRESA: ISAP SRL” CON SEDE LEGALE IN CONTRADA LEONESSA SNC -<br>85025 - MELFI (PZ)<br>ISTANTE: AQP S.P.A.<br><br>Durata e tempistiche: 19/10/2026 - 31/10/2026]]></description>
      <styleUrl>#icon-1541-E65100</styleUrl>
      <Point>
        <coordinates>
          16.8595666,41.1241557,0
        </coordinates>
      </Point>
    </Placemark>
    <Placemark>
      <name>ORDINANZA 2026/04202 
RESTRINGIMENTO DI CARREGGIATA E DIVIETO DI SOSTA 
VIA M. MITOLO DA VIA G. BARTOLO A VIALE DE LAURENTIS
LAVORI DI COSTRUZIONE ALLACCIO IDRICO E FOGNARIO
IMPRESA ESECUTRICE: ISAP SRL
ISTANTE: AQP S.P.A. 
05/10/2026 - 17/10/2026 07:00-17:00
</name>
      <description><![CDATA[ORDINANZA 2026/04202 <br>https://drive.google.com/file/d/1T87rO1SFFV-AO0uOrjr4PJHeDt4dd7PI/view<br><br>ISTITUZIONE TEMPORANEA DEL RESTRINGIMENTO DI CARREGGIATA E DIVIETO DI SOSTA IN VIA M. MITOLO DA VIA G. BARTOLO A VIALE DE LAURENTIS PER LAVORI DI COSTRUZIONE ALLACCIO IDRICO E IMPIANTO FOGNARIO DAL 5.10.2026 AL 17.10.2026 DALLA ORE 7.00 ALLE ORE 16.00 IMPRESA: ISAP SRL” CON SEDE LEGALE IN CONTRADA LEONESSA SNC - 85025 - MELFI (PZ) ISTANTE: AQP S.P.A. <br><br>Durata e tempistiche: 05/10/2026 - 17/10/2026 07:00-17:00]]></description>
      <styleUrl>#line-E65100-4100</styleUrl>
      <LineString>
        <tessellate>1</tessellate>
        <coordinates>
          16.8584413,41.0914004,0
          16.8638379,41.0912791,0
        </coordinates>
      </LineString>
    </Placemark>
    <Placemark>
      <name>ORDINANZA 2026/04200 
DIVIETO DI TRANSITO VEICOLARE E DIVIETO DI SOSTA 
VIA S. COSTANTINO 6 DA VIA F. CRISPI A VIA G. BOVIO
LAVORI DI COSTRUZIONE ALLACCIO IDRICO E FOGNARIO
IMPRESA ESECUTRICE: ISAP SRL
ISTANTE: AQP S.P.A. 
19/10/2026 - 31/10/2026 
</name>
      <description><![CDATA[ORDINANZA 2026/04200 <br>https://drive.google.com/file/d/1OsPMsLZuFzX0HANBKw-qg5Zb_7UbGm_j/view<br><br><br>ISTITUZIONE TEMPORANEA DEL DIVIETO DI TRANSITO VEICOLARE E DIVIETO DI SOSTA IN VIA S. COSTANTINO 6 DA VIA F. CRISPI A VIA G. BOVIO PER LAVORI DI COSTRUZIONE ALLACCIO IDRICO E FOGNARIO DAL 19 AL 31 OTTOBRE 2026 IMPRESA: ISAP SRL” CON SEDE LEGALE IN CONTRADA LEONESSA SNC - 85025 - MELFI (PZ) ISTANTE: AQP S.P.A. <br><br>Durata e tempistiche: 19/10/2026 - 31/10/2026 ]]></description>
      <styleUrl>#icon-1541-E65100</styleUrl>
      <Point>
        <coordinates>
          16.8556204,41.1230913,0
        </coordinates>
      </Point>
    </Placemark>
    <Placemark>
      <name>ORDINANZA 2026/04203 
DIVIETO DI SOSTA AMBO I LATI, SENSO UNICO ALTERNATO NONCHÉ RESTRINGIMENTO CARREGGIATA E ALL’OCCORRENZA DIVIETO DI TRANSITO 
VIA NICOLA ANGELINI
P1557 LOTTO 1. PROGRAMMA DEGLI INTERVENTI AQP 2020-2023
IMPRESA ESECUTRICE: ACCIONA AGUA S.A. 
19/09/2026 - 30/10/2026 
</name>
      <description><![CDATA[ORDINANZA 2026/04203 <br>https://drive.google.com/file/d/1lZNIzm_bHtiMXXVD9N9crh5C3jdqqFXJ/view<br><br>P1557 LOTTO 1. PROGRAMMA DEGLI INTERVENTI AQP 2020-2023 “INTERVENTI MIRATI PER CONSEGUIRE LA DISTRETTUALIZZAZIONE, IL CONTROLLO DELLE PRESSIONI ED IL MONITORAGGIO DELLE GRANDEZZE IDRAULICHE NELLE RETI DEL TERRITORIO SERVITO DALL’ACQUEDOTTO PUGLIESE E SOSTITUZIONE DEI TRONCHI VETUSTI ED AMMALORATI - ORDINANZA PER ISTITUIRE TEMPORANEAMENTE UN DIVIETO DI SOSTA AMBO I ALTI, SENSO UNICO ALTERNATO NONCHÉ RESTRINGIMENTO CARREGGIATA E ALL’OCCORRENZA DIVIETO DI TRANSITO SU VIA NICOLA ANGELINI, DAL 19/09/2026 AL 30/10/2026 E SOCIETÀ: ACCIONA AGUA S.A. <br><br>Durata e tempistiche: 19/09/2026 - 30/10/2026 ]]></description>
      <styleUrl>#line-E65100-3519</styleUrl>
      <LineString>
        <tessellate>1</tessellate>
        <coordinates>
          16.8535059,41.0975907,0
          16.8530402,41.0964496,0
        </coordinates>
      </LineString>
    </Placemark>
    <Placemark>
      <name>ORDINANZA 2026/04202 
RESTRINGIMENTO DI CARREGGIATA E DIVIETO DI SOSTA 
VIA M. MITOLO DA VIA G. BARTOLO A VIALE DE LAURENTIS
LAVORI DI COSTRUZIONE ALLACCIO IDRICO E FOGNARIO
IMPRESA ESECUTRICE: ISAP SRL
ISTANTE: AQP S.P.A. 
05/10/2026 - 17/10/2026 07:00-17:00
</name>
      <description><![CDATA[ORDINANZA 2026/04202 <br>https://drive.google.com/file/d/1T87rO1SFFV-AO0uOrjr4PJHeDt4dd7PI/view<br><br>ISTITUZIONE TEMPORANEA DEL RESTRINGIMENTO DI CARREGGIATA E DIVIETO DI SOSTA IN VIA M. MITOLO DA VIA G. BARTOLO A VIALE DE LAURENTIS PER LAVORI DI COSTRUZIONE ALLACCIO IDRICO E IMPIANTO FOGNARIO DAL 5.10.2026 AL 17.10.2026 DALLA ORE 7.00 ALLE ORE 16.00 IMPRESA: ISAP SRL” CON SEDE LEGALE IN CONTRADA LEONESSA SNC - 85025 - MELFI (PZ) ISTANTE: AQP S.P.A. <br><br>Durata e tempistiche: 05/10/2026 - 17/10/2026 07:00-17:00]]></description>
      <styleUrl>#icon-1541-E65100</styleUrl>
      <Point>
        <coordinates>
          16.8599135,41.0914757,0
        </coordinates>
      </Point>
    </Placemark>
    <Placemark>
      <name>ORDINANZA 2026/04204 
DIVIETO DI SOSTA E DI FERMATA
VIA STRADA COLA DI CAGNO
P1557 LOTTO 1. PROGRAMMA DEGLI INTERVENTI AQP 2020-2023
IMPRESA ESECUTRICE: ACCIONA AGUA S.A. 
15/09/2026 - 30/10/2026 
</name>
      <description><![CDATA[ORDINANZA 2026/04204 <br>https://drive.google.com/file/d/1n3E_fCrjKoLsbZOBYiKO9gxjBf-7_Qj7/view<br><br>P1557 LOTTO 1. ORDINANZA PER ISTITUIRE TEMPORANEAMENTE UN DIVIETO DI SOSTA E DI FERMATA SU VIA STRADA COLA DI CAGNO PER REALIZZAZIONE DI UNA POSTAZIONE DI MISURA POSIZIONATA LUNGO IL TRONCO OGGETTO DI RISANAMENTO E SUCCESSIVI RIPRISTINI PROVVISORI DALL’ESECUTIVITÀ DELL’ATTO SINO AL 30/10/2026. SOCIETÀ: ACCIONA AGUA S.A. <br><br>Durata e tempistiche: 15/09/2026 - 30/10/2026 ]]></description>
      <styleUrl>#line-E65100-3325</styleUrl>
      <LineString>
        <tessellate>1</tessellate>
        <coordinates>
          16.7890265,41.1513946,0
          16.7868222,41.1479061,0
        </coordinates>
      </LineString>
    </Placemark>
    <Placemark>
      <name>ORDINANZA 2026/04203 
DIVIETO DI SOSTA AMBO I LATI, SENSO UNICO ALTERNATO NONCHÉ RESTRINGIMENTO CARREGGIATA E ALL’OCCORRENZA DIVIETO DI TRANSITO 
VIA NICOLA ANGELINI
P1557 LOTTO 1. PROGRAMMA DEGLI INTERVENTI AQP 2020-2023
IMPRESA ESECUTRICE: ACCIONA AGUA S.A. 
19/09/2026 - 30/10/2026 
</name>
      <description><![CDATA[ORDINANZA 2026/04203 <br>https://drive.google.com/file/d/1lZNIzm_bHtiMXXVD9N9crh5C3jdqqFXJ/view<br><br>P1557 LOTTO 1. PROGRAMMA DEGLI INTERVENTI AQP 2020-2023 “INTERVENTI MIRATI PER CONSEGUIRE LA DISTRETTUALIZZAZIONE, IL CONTROLLO DELLE PRESSIONI ED IL MONITORAGGIO DELLE GRANDEZZE IDRAULICHE NELLE RETI DEL TERRITORIO SERVITO DALL’ACQUEDOTTO PUGLIESE E SOSTITUZIONE DEI TRONCHI VETUSTI ED AMMALORATI - ORDINANZA PER ISTITUIRE TEMPORANEAMENTE UN DIVIETO DI SOSTA AMBO I ALTI, SENSO UNICO ALTERNATO NONCHÉ RESTRINGIMENTO CARREGGIATA E ALL’OCCORRENZA DIVIETO DI TRANSITO SU VIA NICOLA ANGELINI, DAL 19/09/2026 AL 30/10/2026 E SOCIETÀ: ACCIONA AGUA S.A. <br><br>Durata e tempistiche: 19/09/2026 - 30/10/2026 ]]></description>
      <styleUrl>#icon-1541-E65100</styleUrl>
      <Point>
        <coordinates>
          16.8534206,41.0975007,0
        </coordinates>
      </Point>
    </Placemark>
    <Placemark>
      <name>ORDINANZA 2026/04204 
DIVIETO DI SOSTA E DI FERMATA
VIA STRADA COLA DI CAGNO
P1557 LOTTO 1. PROGRAMMA DEGLI INTERVENTI AQP 2020-2023
IMPRESA ESECUTRICE: ACCIONA AGUA S.A. 
15/09/2026 - 30/10/2026 
</name>
      <description><![CDATA[ORDINANZA 2026/04204 <br>https://drive.google.com/file/d/1n3E_fCrjKoLsbZOBYiKO9gxjBf-7_Qj7/view<br><br>P1557 LOTTO 1. ORDINANZA PER ISTITUIRE TEMPORANEAMENTE UN DIVIETO DI SOSTA E DI FERMATA SU VIA STRADA COLA DI CAGNO PER REALIZZAZIONE DI UNA POSTAZIONE DI MISURA POSIZIONATA LUNGO IL TRONCO OGGETTO DI RISANAMENTO E SUCCESSIVI RIPRISTINI PROVVISORI DALL’ESECUTIVITÀ DELL’ATTO SINO AL 30/10/2026. SOCIETÀ: ACCIONA AGUA S.A. <br><br>Durata e tempistiche: 15/09/2026 - 30/10/2026 ]]></description>
      <styleUrl>#icon-1541-E65100</styleUrl>
      <Point>
        <coordinates>
          16.7888022,41.1507248,0
        </coordinates>
      </Point>
    </Placemark>
    <Placemark>
      <name><![CDATA[ORDINANZA 2026/04209
SENSO UNICO ALTERNATO
VIA QUARANTA FINO ALL'INTERSEZIONE CON VIA ROMA
LAVORI DI COSTRUZIONE DELLA RETE DI FOGNATURA PLUVIALE
IMPRESA ESECUTRICE: CO.RES. SRL
15/10/2026 - 30/10/2026]]></name>
      <description><![CDATA[ORDINANZA 2026/04209<br><br>https://drive.google.com/file/d/1pNTi-61UjhjhzEJAGSaHkMeo3k00SbYl/view<br><br>LAVORI DI COSTRUZIONE DELLA RETE DI FOGNATURA PLUVIALE E<br><br>RIFACIMENTO DEI MARCIAPIEDI.<br>ISTITUZIONE TEMPORANEA DEL SENSO UNICO ALTERNATO TRATTO DA<br>VIA QUARANTA AD INTERSEZIONE CON VIA ROMA PER ULTIMAZIONE<br>TRONCO FOGNARIO DALL’ESECUTIVITÀ DELL’ATTO PER SUCCESSIVI<br>TRENTA GIORNI.<br>IMPRESA : CO.RES. SRL<br><br>Durata e tempistiche: 15/10/2026 - 30/10/2026]]></description>
      <styleUrl>#line-E65100-4100</styleUrl>
      <LineString>
        <tessellate>1</tessellate>
        <coordinates>
          16.8715635,41.0741495,0
          16.8725337,41.0737447,0
          16.8734051,41.0734277,0
          16.874025,41.0732271,0
          16.874435,41.0730395,0
          16.8749925,41.0729383,0
          16.8753255,41.0728373,0
          16.8756343,41.072758,0
          16.8759585,41.0726189,0
          16.8763019,41.0723844,0
          16.876849,41.0721255,0
          16.8771923,41.0719961,0
          16.8778927,41.0717146,0
          16.8785579,41.071476,0
          16.8788339,41.0713248,0
          16.8792523,41.0711145,0
          16.8795527,41.0709689,0
          16.8798829,41.0707885,0
          16.8805964,41.0704407,0
          16.8812908,41.0699497,0
          16.8817736,41.06961,0
          16.8820096,41.0694078,0
          16.8824602,41.0691085,0
          16.884091,41.0683805,0
        </coordinates>
      </LineString>
    </Placemark>
    <Placemark>
      <name><![CDATA[ORDINANZA 2026/04209
SENSO UNICO ALTERNATO
VIA QUARANTA FINO ALL'INTERSEZIONE CON VIA ROMA
LAVORI DI COSTRUZIONE DELLA RETE DI FOGNATURA PLUVIALE
IMPRESA ESECUTRICE: CO.RES. SRL
15/10/2026 - 30/10/2026]]></name>
      <description><![CDATA[ORDINANZA 2026/04209<br><br>https://drive.google.com/file/d/1pNTi-61UjhjhzEJAGSaHkMeo3k00SbYl/view<br><br>LAVORI DI COSTRUZIONE DELLA RETE DI FOGNATURA PLUVIALE E<br><br>RIFACIMENTO DEI MARCIAPIEDI.<br>ISTITUZIONE TEMPORANEA DEL SENSO UNICO ALTERNATO TRATTO DA<br>VIA QUARANTA AD INTERSEZIONE CON VIA ROMA PER ULTIMAZIONE<br>TRONCO FOGNARIO DALL’ESECUTIVITÀ DELL’ATTO PER SUCCESSIVI<br>TRENTA GIORNI.<br>IMPRESA : CO.RES. SRL<br><br>Durata e tempistiche: 15/10/2026 - 30/10/2026]]></description>
      <styleUrl>#icon-1541-E65100</styleUrl>
      <Point>
        <coordinates>
          16.8716589,41.0739825,0
        </coordinates>
      </Point>
    </Placemark>
    <Placemark>
      <name>ORDINANZA 2026/04208
RESTRINGIMENTO DI CARREGGIATA E DIVIETO DI SOSTA CON RIMOZIONE FORZATA
VIA BISSOLATI ANGOLO VIALE L. EINAUDI CIV. 27/B
POSIZIONAMENTO RECINZIONE AREA DI CANTIERE
RICHIEDENTE: SIG. SAVINO FRANCESCO GIOVANNI
18/09/2026 - 18/03/2027</name>
      <description><![CDATA[Ordinanza 2026/04208<br><br>https://drive.google.com/file/d/1WCDPZ48JQjSaimRM6Eext3Mv2AnkZ0IK/view<br><br>ISTITUZIONE TEMPORANEA DEL RESTRINGIMENTO DI CARREGGIATA,<br>DEROGA AL DIVIETO DI SOSTA PER I MEZZI AL SERVIZIO DEL SIG. SAVINO<br>FRANCESCO GIOVANNI E DIVIETO DI SOSTA CON RIMOZIONE FORZATA ,SU<br>VIA BISSOLATI ANGOLO VIALE L. EINAUDI CIV. 27/B PER IL<br>POSIZIONAMENTO RECINZIONE AREA DI CANTIERE <br>RICHIEDENTE: SIG. SAVINO FRANCESCO GIOVANNI<br><br>Durata e tempistiche: 18/09/2026 - 18/03/2027]]></description>
      <styleUrl>#icon-1541-E65100</styleUrl>
      <Point>
        <coordinates>
          16.8817897,41.1018363,0
        </coordinates>
      </Point>
    </Placemark>
    <Placemark>
      <name>ORDINANZA 2026/04207
DIVIETO DI SOSTA, DI FERMATA CON RESTRINGIMENTO CARREGGIATA
VIA GENOVA CIV. 1
POSIZIONAMENTO PONTEGGIO
IMPRESA ESECUTRICE: MA DIL DI MASSIMO SCHIAVONE
16/09/2026 - 25/09/2026</name>
      <description><![CDATA[Ordinanza 2026/04207<br><br>https://drive.google.com/file/d/1LlJRxOAwnw9SMoxYdtBOy_ForFEhkeC-/view<br><br>ISTITUZIONE TEMPORANEA DEL DIVIETO DI SOSTA, DI FERMATA CON<br>RESTRINGIMENTO CARREGGIATA SU VIA GENOVA CIV. 1 PER<br>POSIZIONAMENTO PONTEGGIO METALLICO PER SVOLGERE LAVORI DI<br>EDILIZIA LIBERA, MANUTENZIONE ORDINARIA TERRAZZO DAL GIORNO<br>16/09/2026 AL 25/09/2026.<br>IMPRESA: MA DIL DI MASSIMO SCHIAVONE<br>ISTANTE: MASSIMO SCHIAVONE<br><br>Durata e tempistiche: 16/09/2026 - 25/09/2026]]></description>
      <styleUrl>#icon-1541-E65100</styleUrl>
      <Point>
        <coordinates>
          16.8656456,41.0761061,0
        </coordinates>
      </Point>
    </Placemark>
    <Placemark>
      <name>ORDINANZA 2026/04284
RESTRINGIMENTO DI CARREGGIATA E SENSO UNICO ALTERNATO
VIA CRISPI TRA VIA MIRENGHI E VIA MALTA
POSIZIONAMENTO PIATTAFORMA AEREA
RICHIEDENTE:SIG. TRAVERSA GIUSEPPE
22/09/2026 - 23/09/2026</name>
      <description><![CDATA[prorogata da ord 2026/04284<br>https://drive.google.com/file/d/1GUjyYRKjHhr5jnZX1L7f9imd2xe7-SoJ/view<br>22/09/2026 - 23/09/2026<br><br>prorogata da Ordinanza<br>2026/04104 <br><br>Ordinanza 2026/03722<br><br>https://drive.google.com/file/d/1GdDCjbUY0MGpbKJ2l1Ifu4xdGKGNdAv1/view<br><br>AUTORIZZAZIONE TEMPORANEA AL TRANSITO DEI MEZZI SUPERIORI AI 35<br><br>Q.LI, IN DEROGA ALL’ORDINANZA SINDACALE N. 2322 DEL 20.3.1991<br>ISTITUZIONE TEMPORANEA DEL RESTRINGIMENTO DI CARREGGIATA,<br>SENSO UNICO ALTERNATO E DEROGA AL DIVIETO DI SOSTA SU VIA<br>CRISPI DAL CIV. 166 AL 170 E DAL CIV.121 AL131, TRATTO COMPRESO TRA<br>VIA MIRENGHI E VIA MALTA PER<br>POSIZIONAMENTO PIATTAFORMA AEREA.<br>RICHIEDENTE:SIG. TRAVERSA GIUSEPPE<br><br>Durata e tempistiche: 25/08/2026 - 26/08/2026]]></description>
      <styleUrl>#icon-1541-E65100</styleUrl>
      <Point>
        <coordinates>
          16.8538856,41.1228373,0
        </coordinates>
      </Point>
    </Placemark>
    <Placemark>
      <name>ORDINANZA 2026/04284
RESTRINGIMENTO DI CARREGGIATA E SENSO UNICO ALTERNATO 
VIA CRISPI TRA VIA MIRENGHI E VIA MALTA
POSIZIONAMENTO PIATTAFORMA AEREA
RICHIEDENTE:SIG. TRAVERSA GIUSEPPE
22/09/2026 - 23/09/2026
</name>
      <description><![CDATA[prorogata da ord 2026/04284<br>https://drive.google.com/file/d/1GUjyYRKjHhr5jnZX1L7f9imd2xe7-SoJ/view<br>22/09/2026 - 23/09/2026<br><br>prorogata da Ordinanza<br>2026/04104 <br><br>Ordinanza  2026/03722<br><br>https://drive.google.com/file/d/1GdDCjbUY0MGpbKJ2l1Ifu4xdGKGNdAv1/view<br><br>AUTORIZZAZIONE TEMPORANEA AL TRANSITO DEI MEZZI SUPERIORI AI 35<br><br>Q.LI, IN DEROGA ALL’ORDINANZA SINDACALE N. 2322 DEL 20.3.1991<br>ISTITUZIONE TEMPORANEA DEL RESTRINGIMENTO DI CARREGGIATA,<br>SENSO UNICO ALTERNATO E DEROGA AL DIVIETO DI SOSTA SU VIA<br>CRISPI DAL CIV. 166 AL 170 E DAL CIV.121 AL131, TRATTO COMPRESO TRA<br>VIA MIRENGHI E VIA MALTA PER<br>POSIZIONAMENTO PIATTAFORMA AEREA.<br>RICHIEDENTE:SIG. TRAVERSA GIUSEPPE<br><br>Durata e tempistiche: 25/08/2026 - 26/08/2026]]></description>
      <styleUrl>#line-E65100-3713</styleUrl>
      <LineString>
        <tessellate>1</tessellate>
        <coordinates>
          16.8539455,41.122802,0
          16.8533689,41.1225494,0
        </coordinates>
      </LineString>
    </Placemark>
    <Placemark>
      <name>ORDINANZA 2026/04300
RESTRINGIMENTO DI CARREGGIATA E DIVIETO DI SOSTA
VIA PEUCETIA N. 19 DA VIA MAGNA GRECIA A VIA DELLE MEDAGLIE D’ORO
COSTRUZIONE ALLACCIO IDRICO E IMPIANTO FOGNARIO
IMPRESA ESECUTRICE: AQP S.P.A.
05/10/2026 - 17/10/2026
7.00 - 16.00</name>
      <description><![CDATA[2026/04300<br><br>https://drive.google.com/file/d/1Zk5B-6a8LuN8iqxiwuKF5fT-kKlFi6lQ/view<br><br>ISTITUZIONE TEMPORANEA DEL RESTRINGIMENTO DI CARREGGIATA E<br>DIVIETO DI SOSTA IN VIA PEUCETIA 19 DA VIA MAGNA GRECIA A VIA DELLE<br>MEDAGLIE D’ORO PER LAVORI DI COSTRUZIONE ALLACCIO IDRICO E<br>IMPIANTO FOGNARIO <br>IMPRESA: ISAP SRL” CON SEDE LEGALE IN CONTRADA LEONESSA SNC -<br>85025 - MELFI (PZ)<br>ISTANTE: AQP S.P.A.<br><br>Durata e Tempistiche: 05/10/2026 - 17/10/2026<br>7.00 - 16.00]]></description>
      <styleUrl>#line-E65100-3713</styleUrl>
      <LineString>
        <tessellate>1</tessellate>
        <coordinates>
          16.8928604,41.1130428,0
          16.8938689,41.1126709,0
          16.8943088,41.1125012,0
          16.8949149,41.1122789,0
          16.8958054,41.1119313,0
          16.8961112,41.1118303,0
        </coordinates>
      </LineString>
    </Placemark>
    <Placemark>
      <name>ORDINANZA 2026/04298 
 RESTRINGIMENTO DI CARREGGIATA E DIVIETO DI SOSTA
VIA LIBERTÀ DA VIA S. CRISANZIO A VIA S. SPERANZA E DA VIA S. SPERANZA A VIA P. RAVANAS
LAVORI DI COSTRUZIONE ALLACCIO IDRICO E IMPIANTO FOGNARIO
IMPRESA ESECUTRICE: ISAP SRL
ISTANTE: AQP S.P.A.
02/11/2026 - 15/11/2026 07:00-16:00
</name>
      <description><![CDATA[ORDINANZA 2026/04298 <br>https://drive.google.com/file/d/1cASeJBapJy3mzuS-2bkZQjOTlZSnnq1V/view<br><br>ISTITUZIONE TEMPORANEA DEL RESTRINGIMENTO DI CARREGGIATA E DIVIETO DI SOSTA IN VIA LIBERTÀ DA VIA S. CRISANZIO A VIA S. SPERANZA E DA VIA S. SPERANZA A VIA P. RAVANAS PER LAVORI DI COSTRUZIONE ALLACCIO IDRICO E IMPIANTO FOGNARIO DAL 2 AL 15 NOVEMBRE 2026 DALLA ORE 7.00 ALLE ORE 16.00 IMPRESA: ISAP SRL” CON SEDE LEGALE IN CONTRADA LEONESSA SNC - 85025 - MELFI (PZ) ISTANTE: AQP S.P.A. <br><br>Durata e tempistiche: 02/11/2026 - 15/11/2026 07:00-16:00]]></description>
      <styleUrl>#line-E65100-3519</styleUrl>
      <LineString>
        <tessellate>1</tessellate>
        <coordinates>
          16.856181,41.1198286,0
          16.8562668,41.1191254,0
          16.858899,41.119318,0
        </coordinates>
      </LineString>
    </Placemark>
    <Placemark>
      <name>ORDINANZA 2026/04300
RESTRINGIMENTO DI CARREGGIATA E DIVIETO DI SOSTA
VIA PEUCETIA N. 19 DA VIA MAGNA GRECIA A VIA DELLE MEDAGLIE D’ORO
COSTRUZIONE ALLACCIO IDRICO E IMPIANTO FOGNARIO
IMPRESA ESECUTRICE: AQP S.P.A.
05/10/2026 - 17/10/2026
7.00 - 16.00</name>
      <description><![CDATA[2026/04300<br><br>https://drive.google.com/file/d/1Zk5B-6a8LuN8iqxiwuKF5fT-kKlFi6lQ/view<br><br>ISTITUZIONE TEMPORANEA DEL RESTRINGIMENTO DI CARREGGIATA E<br>DIVIETO DI SOSTA IN VIA PEUCETIA 19 DA VIA MAGNA GRECIA A VIA DELLE<br>MEDAGLIE D’ORO PER LAVORI DI COSTRUZIONE ALLACCIO IDRICO E<br>IMPIANTO FOGNARIO <br>IMPRESA: ISAP SRL” CON SEDE LEGALE IN CONTRADA LEONESSA SNC -<br>85025 - MELFI (PZ)<br>ISTANTE: AQP S.P.A.<br><br>Durata e Tempistiche: 05/10/2026 - 17/10/2026<br>7.00 - 16.00]]></description>
      <styleUrl>#icon-1541-E65100</styleUrl>
      <Point>
        <coordinates>
          16.8929355,41.1131175,0
        </coordinates>
      </Point>
    </Placemark>
    <Placemark>
      <name>ORDINANZA 2026/04299
RESTRINGIMENTO DI CARREGGIATA E DIVIETO DI SOSTA
VIA M.PAGANO 57 DA LARGO F. CRISPI A VIA BRIGATA BARI
COSTRUZIONE ALLACCIO IDRICO E IMPIANTO FOGNARIO
IMPRESA ESECUTRICE: ISAP SRL” 
19/10/2026 - 31/10/2026
7.00 - 16.00</name>
      <description><![CDATA[ORDINANZA 2026/04299<br><br>https://drive.google.com/file/d/1LM6ZHe0DDEp9GYdYHpOvQg94xOts22S-/view<br><br>ISTITUZIONE TEMPORANEA DEL RESTRINGIMENTO DI CARREGGIATA E<br><br>DIVIETO DI SOSTA IN VIA M.<br>PAGANO 57 DA LARGO F. CRISPI A VIA BRIGATA BARI PER LAVORI DI<br>COSTRUZIONE ALLACCIO IDRICO E IMPIANTO FOGNARIO DAL 19.10.2026 AL<br>31.10.2026 DALLA ORE 7.00 ALLE ORE 16.00<br>IMPRESA: ISAP SRL” CON SEDE LEGALE IN CONTRADA LEONESSA SNC -<br>85025 - MELFI (PZ)<br>ISTANTE: AQP S.P.A.<br><br>Durata e tempistiche: 19/10/2026 - 31/10/2026<br>7.00 - 16.00]]></description>
      <styleUrl>#line-E65100-4100</styleUrl>
      <LineString>
        <tessellate>1</tessellate>
        <coordinates>
          16.8499903,41.1208904,0
          16.8519688,41.1209929,0
        </coordinates>
      </LineString>
    </Placemark>
    <Placemark>
      <name>ORDINANZA 2026/04299
RESTRINGIMENTO DI CARREGGIATA E DIVIETO DI SOSTA
VIA M.PAGANO 57 DA LARGO F. CRISPI A VIA BRIGATA BARI
COSTRUZIONE ALLACCIO IDRICO E IMPIANTO FOGNARIO
IMPRESA ESECUTRICE: ISAP SRL”
19/10/2026 - 31/10/2026
7.00 - 16.00</name>
      <description><![CDATA[ORDINANZA 2026/04299<br><br>https://drive.google.com/file/d/1LM6ZHe0DDEp9GYdYHpOvQg94xOts22S-/view<br><br>ISTITUZIONE TEMPORANEA DEL RESTRINGIMENTO DI CARREGGIATA E<br><br>DIVIETO DI SOSTA IN VIA M.<br>PAGANO 57 DA LARGO F. CRISPI A VIA BRIGATA BARI PER LAVORI DI<br>COSTRUZIONE ALLACCIO IDRICO E IMPIANTO FOGNARIO DAL 19.10.2026 AL<br>31.10.2026 DALLA ORE 7.00 ALLE ORE 16.00<br>IMPRESA: ISAP SRL” CON SEDE LEGALE IN CONTRADA LEONESSA SNC -<br>85025 - MELFI (PZ)<br>ISTANTE: AQP S.P.A.<br><br>Durata e tempistiche: 19/10/2026 - 31/10/2026<br>7.00 - 16.00]]></description>
      <styleUrl>#icon-1541-E65100</styleUrl>
      <Point>
        <coordinates>
          16.8517743,41.1210669,0
        </coordinates>
      </Point>
    </Placemark>
    <Placemark>
      <name>ORDINANZA 2026/04298 
 RESTRINGIMENTO DI CARREGGIATA E DIVIETO DI SOSTA
VIA LIBERTÀ DA VIA S. CRISANZIO A VIA S. SPERANZA E DA VIA S. SPERANZA A VIA P. RAVANAS
LAVORI DI COSTRUZIONE ALLACCIO IDRICO E IMPIANTO FOGNARIO
IMPRESA ESECUTRICE: ISAP SRL
ISTANTE: AQP S.P.A.
02/11/2026 - 15/11/2026 07:00-16:00
</name>
      <description><![CDATA[ORDINANZA 2026/04298 <br>https://drive.google.com/file/d/1cASeJBapJy3mzuS-2bkZQjOTlZSnnq1V/view<br><br>ISTITUZIONE TEMPORANEA DEL RESTRINGIMENTO DI CARREGGIATA E DIVIETO DI SOSTA IN VIA LIBERTÀ DA VIA S. CRISANZIO A VIA S. SPERANZA E DA VIA S. SPERANZA A VIA P. RAVANAS PER LAVORI DI COSTRUZIONE ALLACCIO IDRICO E IMPIANTO FOGNARIO DAL 2 AL 15 NOVEMBRE 2026 DALLA ORE 7.00 ALLE ORE 16.00 IMPRESA: ISAP SRL” CON SEDE LEGALE IN CONTRADA LEONESSA SNC - 85025 - MELFI (PZ) ISTANTE: AQP S.P.A. <br><br>Durata e tempistiche: 02/11/2026 - 15/11/2026 07:00-16:00]]></description>
      <styleUrl>#icon-1541-E65100</styleUrl>
      <Point>
        <coordinates>
          16.8564131,41.1192598,0
        </coordinates>
      </Point>
    </Placemark>
    <Placemark>
      <name>ORDINANZA 2026/04306
DIVIETO DI TRANSITO 
VIA PROSPERO PETRONI TRA CORSO CAVOUR E VIA MELO
VIA GIAN GIUSEPPE CARULLI TRA CORSO CAVOUR E VIA DE GIOSA 
BRT
IMPRESA ESECUTRICE: R.T.I. COBAR S.P.A. - MER MEC STE S.R.L.
17-18-20-21-22-23/09/2026
21:30 - 05:30</name>
      <description><![CDATA[ORDINANZA 2026/04306<br><br>https://drive.google.com/file/d/1UKQiACrY24JxNGT3SewragiErpu1lsj3/view<br><br>LAVORI DI REALIZZAZIONE DI UN SISTEMA BRT PER LA CITTÀ DI BARI -<br>FINANZIATO DALLA UNIONE EUROPEA NEXT GENERATION EU -<br>TRASPORTO RAPIDO DI MASSA - MISURA M2C2 - INV 4.2 DEL PNRR - CUP:<br>J91B21002850001<br>REGOLAMENTAZIONE TEMPORANEA DELLA CIRCOLAZIONE STRADALE SU<br>VIA PROSPERO PETRONI E VIA GIAN GIUSEPPE CARULLI DALLE ORE 21:30<br>ALLE ORE 05:30 (GIORNO SUCCESSIVO) DEI GIORNI 17-18-20-21-22-23<br>SETTEMBRE 2026<br>IMPRESA ESECUTRICE: R.T.I. COBAR S.P.A. - MER MEC STE S.R.L.]]></description>
      <styleUrl>#line-E65100-3131</styleUrl>
      <LineString>
        <tessellate>1</tessellate>
        <coordinates>
          16.871788,41.119987,0
          16.8738172,41.1201176,0
        </coordinates>
      </LineString>
    </Placemark>
    <Placemark>
      <name>ORDINANZA 2026/04306
DIVIETO DI TRANSITO
VIA PROSPERO PETRONI TRA CORSO CAVOUR E VIA MELO
VIA GIAN GIUSEPPE CARULLI TRA CORSO CAVOUR E VIA DE GIOSA
BRT
IMPRESA ESECUTRICE: R.T.I. COBAR S.P.A. - MER MEC STE S.R.L.
17-18-20-21-22-23/09/2026
21:30 - 05:30</name>
      <description><![CDATA[ORDINANZA 2026/04306<br><br>https://drive.google.com/file/d/1UKQiACrY24JxNGT3SewragiErpu1lsj3/view<br><br>LAVORI DI REALIZZAZIONE DI UN SISTEMA BRT PER LA CITTÀ DI BARI -<br>FINANZIATO DALLA UNIONE EUROPEA NEXT GENERATION EU -<br>TRASPORTO RAPIDO DI MASSA - MISURA M2C2 - INV 4.2 DEL PNRR - CUP:<br>J91B21002850001<br>REGOLAMENTAZIONE TEMPORANEA DELLA CIRCOLAZIONE STRADALE SU<br>VIA PROSPERO PETRONI E VIA GIAN GIUSEPPE CARULLI DALLE ORE 21:30<br>ALLE ORE 05:30 (GIORNO SUCCESSIVO) DEI GIORNI 17-18-20-21-22-23<br>SETTEMBRE 2026<br>IMPRESA ESECUTRICE: R.T.I. COBAR S.P.A. - MER MEC STE S.R.L.]]></description>
      <styleUrl>#icon-1541-E65100</styleUrl>
      <Point>
        <coordinates>
          16.8719061,41.1200513,0
        </coordinates>
      </Point>
    </Placemark>
    <Placemark>
      <name>ORDINANZA 2026/04303 
DIVIETO DI SOSTA E DI FERMATA AMBO I LATI CON RIMOZIONE FORZATA CON RESTRINGIMENTO DI CARREGGIATA 
VIA A. GARIBALDI (DA VIA NAPOLI A C.SO MAZZINI), C.SO MAZZINI (DA VIA A. GARIBALDI A VIA MIRENGHI), VIA MIRENGHI (DA C.SO MAZZINI A VIA CRISPI), VIA CRISPI (DA VIA TREVISANI A L.GO CRISPI), VIA S. COSTANTINO (DA VIA CRISPI A VIA BOVIO), VIA BOVIO (DA VIA S. COSTANTINO A VIA E. FIERAMOSCA), VIA E. FIERAMOSCA (DA VIA BOVIO A VIA CALEFATI), VIA CALEFATI (DA VIA E. FIERAMOSCA A VIA S. VISCONTI) E VIA BOTTEGO (DA VIA CRISPI A VIA F. NETTI) 
LAVORI DI RIPRISTINO MANTO STRADALE C/ENEL
IMPRESA ESECUTRICE: NORD COSTRUZIONI GENERALI S.R.L
13/08/2026 - 02/10/2026 07:00-17:00
</name>
      <description><![CDATA[ORDINANZA 2026/04303 <br>https://drive.google.com/file/d/1YECrzaNiUfRcB1YRsc8PIqDrikXNgwec/view<br><br>ISTITUZIONE TEMPORANEA PER DIVIETO DI SOSTA E DI FERMATA AMBO I LATI CON RIMOZIONE FORZATA CON RESTRINGIMENTO DI CARREGGIATA SU VIA A. GARIBALDI (DA VIA NAPOLI A C.SO MAZZINI), C.SO MAZZINI (DA VIA A. GARIBALDI A VIA MIRENGHI), VIA MIRENGHI (DA C.SO MAZZINI A VIA CRISPI), VIA CRISPI (DA VIA TREVISANI A L.GO CRISPI), VIA S. COSTANTINO (DA VIA CRISPI A VIA BOVIO), VIA BOVIO (DA VIA S. COSTANTINO A VIA E. FIERAMOSCA), VIA E. FIERAMOSCA (DA VIA BOVIO A VIA CALEFATI), VIA CALEFATI (DA VIA E. FIERAMOSCA A VIA S. VISCONTI) E VIA BOTTEGO (DA VIA CRISPI A VIA F. NETTI) – BARI” DAL GIORNO 13 AGOSTO 2026 A TUTTO IL 02/10/2026 DALLE ORE 07.00 ALLE ORE 17.00. PER LAVORI DI RIPRISTINO MANTO STRADALE C/ENEL, SOCIETÀ: NORD COSTRUZIONI GENERALI S.R.L. <br><br>Durata e tempistiche: 13/08/2026 - 02/10/2026 07:00-17:00<br><br>ORDINANZA 2026/03368 <br><br>https://drive.google.com/file/d/1B-S4c2YAcywf_9yp98Vh5E3LOW7xe67Q/view<br><br>ISTITUZIONE TEMPORANEA PER DIVIETO DI SOSTA E DI FERMATA AMBO I LATI CON RIMOZIONE FORZATA CON RESTRINGIMENTO DI CARREGGIATA SU VIA A. GARIBALDI (DA VIA NAPOLI A C.SO MAZZINI), C.SO MAZZINI (DA VIA A. GARIBALDI A VIA MIRENGHI), VIA MIRENGHI (DA C.SO MAZZINI A VIA CRISPI), VIA CRISPI (DA VIA TREVISANI A L.GO CRISPI), VIA S. COSTANTINO (DA VIA CRISPI A VIA BOVIO), VIA BOVIO (DA VIA S. COSTANTINO A VIA E. FIERAMOSCA), VIA E. FIERAMOSCA (DA VIA BOVIO A VIA CALEFATI), VIA CALEFATI (DA VIA E. FIERAMOSCA A VIA S. VISCONTI) E VIA BOTTEGO (DA VIA CRISPI A VIA F. NETTI) – BARI” DALLA DATA DI EMANAZIONE DELLA PRESENTE ORDINANZA AL GIORNO 12 AGOSTO 2026 DALLE ORE 07.00 ALLE ORE 17.00. PER LAVORI DI RIPRISTINO MANTO STRADALE C/ENEL, SOCIETÀ: NORD COSTRUZIONI GENERALI S.R.L. <br><br>Durata e tempistiche: 07/07/2026 - 12/08/2026 07:00-17:00]]></description>
      <styleUrl>#icon-1541-E65100</styleUrl>
      <Point>
        <coordinates>
          16.8529085,41.125398,0
        </coordinates>
      </Point>
    </Placemark>
    <Placemark>
      <name>ORDINANZA 2026/04303 
DIVIETO DI SOSTA E DI FERMATA AMBO I LATI CON RIMOZIONE FORZATA CON RESTRINGIMENTO DI CARREGGIATA 
VIA A. GARIBALDI (DA VIA NAPOLI A C.SO MAZZINI), C.SO MAZZINI (DA VIA A. GARIBALDI A VIA MIRENGHI), VIA MIRENGHI (DA C.SO MAZZINI A VIA CRISPI), VIA CRISPI (DA VIA TREVISANI A L.GO CRISPI), VIA S. COSTANTINO (DA VIA CRISPI A VIA BOVIO), VIA BOVIO (DA VIA S. COSTANTINO A VIA E. FIERAMOSCA), VIA E. FIERAMOSCA (DA VIA BOVIO A VIA CALEFATI), VIA CALEFATI (DA VIA E. FIERAMOSCA A VIA S. VISCONTI) E VIA BOTTEGO (DA VIA CRISPI A VIA F. NETTI) 
LAVORI DI RIPRISTINO MANTO STRADALE C/ENEL
IMPRESA ESECUTRICE: NORD COSTRUZIONI GENERALI S.R.L
13/08/2026 - 02/10/2026 07:00-17:00
</name>
      <description><![CDATA[ORDINANZA 2026/04303 <br>https://drive.google.com/file/d/1YECrzaNiUfRcB1YRsc8PIqDrikXNgwec/view<br><br>ISTITUZIONE TEMPORANEA PER DIVIETO DI SOSTA E DI FERMATA AMBO I LATI CON RIMOZIONE FORZATA CON RESTRINGIMENTO DI CARREGGIATA SU VIA A. GARIBALDI (DA VIA NAPOLI A C.SO MAZZINI), C.SO MAZZINI (DA VIA A. GARIBALDI A VIA MIRENGHI), VIA MIRENGHI (DA C.SO MAZZINI A VIA CRISPI), VIA CRISPI (DA VIA TREVISANI A L.GO CRISPI), VIA S. COSTANTINO (DA VIA CRISPI A VIA BOVIO), VIA BOVIO (DA VIA S. COSTANTINO A VIA E. FIERAMOSCA), VIA E. FIERAMOSCA (DA VIA BOVIO A VIA CALEFATI), VIA CALEFATI (DA VIA E. FIERAMOSCA A VIA S. VISCONTI) E VIA BOTTEGO (DA VIA CRISPI A VIA F. NETTI) – BARI” DAL GIORNO 13 AGOSTO 2026 A TUTTO IL 02/10/2026 DALLE ORE 07.00 ALLE ORE 17.00. PER LAVORI DI RIPRISTINO MANTO STRADALE C/ENEL, SOCIETÀ: NORD COSTRUZIONI GENERALI S.R.L. <br><br>Durata e tempistiche: 13/08/2026 - 02/10/2026 07:00-17:00<br><br>ORDINANZA 2026/03368 <br><br>https://drive.google.com/file/d/1B-S4c2YAcywf_9yp98Vh5E3LOW7xe67Q/view<br><br>ISTITUZIONE TEMPORANEA PER DIVIETO DI SOSTA E DI FERMATA AMBO I LATI CON RIMOZIONE FORZATA CON RESTRINGIMENTO DI CARREGGIATA SU VIA A. GARIBALDI (DA VIA NAPOLI A C.SO MAZZINI), C.SO MAZZINI (DA VIA A. GARIBALDI A VIA MIRENGHI), VIA MIRENGHI (DA C.SO MAZZINI A VIA CRISPI), VIA CRISPI (DA VIA TREVISANI A L.GO CRISPI), VIA S. COSTANTINO (DA VIA CRISPI A VIA BOVIO), VIA BOVIO (DA VIA S. COSTANTINO A VIA E. FIERAMOSCA), VIA E. FIERAMOSCA (DA VIA BOVIO A VIA CALEFATI), VIA CALEFATI (DA VIA E. FIERAMOSCA A VIA S. VISCONTI) E VIA BOTTEGO (DA VIA CRISPI A VIA F. NETTI) – BARI” DALLA DATA DI EMANAZIONE DELLA PRESENTE ORDINANZA AL GIORNO 12 AGOSTO 2026 DALLE ORE 07.00 ALLE ORE 17.00. PER LAVORI DI RIPRISTINO MANTO STRADALE C/ENEL, SOCIETÀ: NORD COSTRUZIONI GENERALI S.R.L. <br><br>Durata e tempistiche: 07/07/2026 - 12/08/2026 07:00-17:00]]></description>
      <styleUrl>#line-E65100-3325</styleUrl>
      <LineString>
        <tessellate>1</tessellate>
        <coordinates>
          16.8530426,41.1271194,0
          16.8531539,41.1261052,0
          16.8531761,41.1256516,0
          16.8532652,41.125204,0
          16.8528817,41.1251919,0
          16.8529675,41.124311,0
          16.8540082,41.1227896,0
          16.8555854,41.1234084,0
          16.855236,41.123919,0
          16.8556068,41.1233972,0
          16.8553775,41.1233084,0
          16.8558697,41.1225613,0
          16.8573181,41.1226259,0
          16.8572537,41.1234341,0
          16.863058,41.1236766,0
        </coordinates>
      </LineString>
    </Placemark>
    <Placemark>
      <name><![CDATA[ORDINANZA 2026/04304 
RESTRINGIMENTO CARREGGIATA, DIVIETO DI SOSTA AMBO I LATI 
PIAZZA UMBERTO I NEL TRATTO TRA VIA PROSPERO PETRONI E VIA GIUSEPPE DAVANZATI FORGES
LAVORI DI SCAVO PER ALLACCIAMENTO PALAZZO “LE GIARE” 
IMPRESA ESECUTRICE: PATANO IMPIANTI & COSTRUZIONI S.R.L. 
05/10/2026 - 09/10/2026 07:30-18:30
]]></name>
      <description><![CDATA[ORDINANZA 2026/04304 <br>https://drive.google.com/file/d/1YECrzaNiUfRcB1YRsc8PIqDrikXNgwec/view<br><br>ISTITUZIONE TEMPORANEA RESTRINGIMENTO CARREGGIATA, DIVIETO DI SOSTA AMBO I LATI IN PIAZZA UMBERTO I NEL TRATTO TRA VIA PROSPERO PETRONI E VIA GIUSEPPE DAVANZATI FORGES PER LAVORI DI SCAVO PER ALLACCIAMENTO PALAZZO “LE GIARE” DAL GIORNO 05/10/2026 AL 09/10/2026 DALLE ORE 07:30 ALLE ORE 18:30. IMPRESA: PATANO IMPIANTI & COSTRUZIONI S.R.L. <br><br>Durata e tempistiche: 05/10/2026 - 09/10/2026 07:30-18:30<br><br>ORDINANZA 2026/01969 <br><br>https://drive.google.com/file/d/1-JTnwlwdUVACK05XL1ivRYYG35Cd1ILU/view<br><br>ISTITUZIONE TEMPORANEA RESTRINGIMENTO CARREGGIATA, DIVIETO DI SOSTA AMBO I LATI IN PIAZZA UMBERTO I NEL TRATTO TRA VIA PROSPERO PETRONI E VIA GIUSEPPE DAVANZATI FORGES PER LAVORI DI SCAVO PER ALLACCIAMENTO PALAZZO “LE GIARE” DAL GIORNO 21/04/2026 AL 29/05/2026 DALLE ORE 07:30 ALLE ORE 18:30. IMPRESA: PATANO IMPIANTI & COSTRUZIONI S.R.L.<br><br>Durata e tempistiche: 21/04/2026 - 29/05/2026 07:30-18:30<br><br>Ordinanza: 2026/00628<br><br>https://drive.google.com/file/d/1iPjnhZXGr0I2gPwDL4Va_cxKqTXXOo7J/view<br><br>ISTITUZIONE TEMPORANEA RESTRINGIMENTO CARREGGIATA, DIVIETO DI<br>SOSTA AMBO I LATI PIAZZA UMBERTO I NEL TRATTO TRA VIA PROSPERO<br>PETRONI E VIA GIUSEPPE DAVANZATI FORGES , PER LAVORI DI ALLACCIAMENTO PALAZZO LE GIARE .<br>IMPRESA: PATANO IMPIANTI & COSTRUZIONI S.R.L.<br><br>Durata e Tempistiche: 11/02/2026 - 31/03/2026 DALLE ORE 07:30 ALLE ORE 17:00]]></description>
      <styleUrl>#icon-1541-E65100</styleUrl>
      <Point>
        <coordinates>
          16.8709053,41.1200251,0
        </coordinates>
      </Point>
    </Placemark>
    <Placemark>
      <name><![CDATA[ORDINANZA 2026/04304 
RESTRINGIMENTO CARREGGIATA, DIVIETO DI SOSTA AMBO I LATI 
PIAZZA UMBERTO I NEL TRATTO TRA VIA PROSPERO PETRONI E VIA GIUSEPPE DAVANZATI FORGES
LAVORI DI SCAVO PER ALLACCIAMENTO PALAZZO “LE GIARE” 
IMPRESA ESECUTRICE: PATANO IMPIANTI & COSTRUZIONI S.R.L. 
05/10/2026 - 09/10/2026 07:30-18:30
]]></name>
      <description><![CDATA[ORDINANZA 2026/04304 <br>https://drive.google.com/file/d/1YECrzaNiUfRcB1YRsc8PIqDrikXNgwec/view<br><br>ISTITUZIONE TEMPORANEA RESTRINGIMENTO CARREGGIATA, DIVIETO DI SOSTA AMBO I LATI IN PIAZZA UMBERTO I NEL TRATTO TRA VIA PROSPERO PETRONI E VIA GIUSEPPE DAVANZATI FORGES PER LAVORI DI SCAVO PER ALLACCIAMENTO PALAZZO “LE GIARE” DAL GIORNO 05/10/2026 AL 09/10/2026 DALLE ORE 07:30 ALLE ORE 18:30. IMPRESA: PATANO IMPIANTI & COSTRUZIONI S.R.L. <br><br>Durata e tempistiche: 05/10/2026 - 09/10/2026 07:30-18:30<br><br>ORDINANZA 2026/01969 <br><br>https://drive.google.com/file/d/1-JTnwlwdUVACK05XL1ivRYYG35Cd1ILU/view<br><br>ISTITUZIONE TEMPORANEA RESTRINGIMENTO CARREGGIATA, DIVIETO DI SOSTA AMBO I LATI IN PIAZZA UMBERTO I NEL TRATTO TRA VIA PROSPERO PETRONI E VIA GIUSEPPE DAVANZATI FORGES PER LAVORI DI SCAVO PER ALLACCIAMENTO PALAZZO “LE GIARE” DAL GIORNO 21/04/2026 AL 29/05/2026 DALLE ORE 07:30 ALLE ORE 18:30. IMPRESA: PATANO IMPIANTI & COSTRUZIONI S.R.L.<br><br>Durata e tempistiche: 21/04/2026 - 29/05/2026 07:30-18:30<br><br>Ordinanza: 2026/00628<br><br>https://drive.google.com/file/d/1iPjnhZXGr0I2gPwDL4Va_cxKqTXXOo7J/view<br><br>ISTITUZIONE TEMPORANEA RESTRINGIMENTO CARREGGIATA, DIVIETO DI<br>SOSTA AMBO I LATI PIAZZA UMBERTO I NEL TRATTO TRA VIA PROSPERO<br>PETRONI E VIA GIUSEPPE DAVANZATI FORGES , PER LAVORI DI ALLACCIAMENTO PALAZZO LE GIARE .<br>IMPRESA: PATANO IMPIANTI & COSTRUZIONI S.R.L.<br><br>Durata e Tempistiche:  11/02/2026 - 31/03/2026 DALLE ORE 07:30 ALLE ORE 17:00]]></description>
      <styleUrl>#line-E65100-3131</styleUrl>
      <LineString>
        <tessellate>1</tessellate>
        <coordinates>
          16.870739,41.1206879,0
          16.8708302,41.1199645,0
        </coordinates>
      </LineString>
    </Placemark>
    <Placemark>
      <name>ORDINANZA 2026/04564 
DIVIETO DI TRANSITO
PIAZZA ALDO MORO 
LAVORI DI REALIZZAZIONE DI UN SISTEMA BRT PER LA CITTÀ DI BARI
IMPRESA ESECUTRICE: R.T.I. COBAR S.P.A. - MER MEC STE S.R.L 
21/09/2026 - 25/09/2026 23:30-05:30
</name>
      <description><![CDATA[ORDINANZA 2026/04564 https://drive.google.com/file/d/1HHf2btD6zFD9l6d_UC6ugrxLzi1OCqHX/view<br><br>LAVORI DI REALIZZAZIONE DI UN SISTEMA BRT PER LA CITTÀ DI BARI - FINANZIATO DALLA UNIONE EUROPEA NEXT GENERATION EU - TRASPORTO RAPIDO DI MASSA - MISURA M2C2 - INV 4.2 DEL PNRR - CUP: J91B21002850001 REGOLAMENTAZIONE TEMPORANEA DELLA CIRCOLAZIONE STRADALE SU PIAZZA ALDO MORO DALLE ORE 23:30 ALLE ORE 05:30 (GIORNO SUCCESSIVO) DEI GIORNI 21-22-23-24 SETTEMBRE 2026 IMPRESA ESECUTRICE: R.T.I. COBAR S.P.A. - MER MEC STE S.R.L <br><br>1) Dalle ore 23:30 del giorno 21.09.2026 alle ore 05:30 del giorno 22.09.2026 dalle ore 23:30 del giorno 22.09.2026 alle ore 05:30 del giorno 23.09.2026 dalle ore 23:30 del giorno 23.09.2026 alle ore 05:30 del giorno 24.09.2026 dalle ore 23:30 del giorno 24.09.2026 alle ore 05:30 del giorno 25.09.2026 sono istituiti i seguenti provvedimenti temporanei di circolazione: a) L’istituzione del divieto di transito su: i) Piazza Aldo Moro, nel tratto stradale prospiciente i civv. dal 4 al 20 ii) Piazza Aldo Moro, nel tratto stradale prospiciente i civv. dal 21 al 44 b) L’istituzione del limite massimo di velocità pari a trenta chilometri orari a tutti i veicoli in avvicinamento alle aree interessate dai lavori. <br><br>Durata e tempistiche: 21/09/2026 - 25/09/2026 23:30-05:30<br><br>ORDINANZA 2026/04280 <br>https://drive.google.com/file/d/1cpLeUyv2Dxrq-wRLZrwWZhQogC8DyZdv/view<br><br>LAVORI DI REALIZZAZIONE DI UN SISTEMA BRT PER LA CITTÀ DI BARI - FINANZIATO DALLA UNIONE EUROPEA NEXT GENERATION EU - TRASPORTO RAPIDO DI MASSA - MISURA M2C2 - INV 4.2 DEL PNRR - CUP: J91B21002850001 REGOLAMENTAZIONE TEMPORANEA DELLA CIRCOLAZIONE STRADALE SU PIAZZA ALDO MORO DALLE ORE 23:00 DEL GIORNO ALLE ORE 06:00 DEI GIORNI 16-17-18- SETTEMBRE 2026 IMPRESA ESECUTRICE: R.T.I. COBAR S.P.A. - MER MEC STE S.R.L. <br><br>Dalle ore 23:00 del giorno 16.09.2026 alle ore 06:00 del giorno 17.09.2026 Dalle ore 23:00 del giorno 17.09.2026 alle ore 06:00 del giorno 18.09.2026 Dalle ore 23:00 del giorno 18.09.2026 alle ore 06:00 del giorno 19.09.2026 sono istituiti i seguenti provvedimenti temporanei di circolazione: a) L’istituzione del divieto di transito su: i) Piazza Aldo Moro nel tratto stradale prospiciente i civv. tra il 4 ed il 20; b) L’istituzione del limite massimo di velocità pari a trenta chilometri orari a tutti i veicoli in avvicinamento alle aree interessate dai lavori. 2) Dalle ore 06:00 alle ore 14:00 del giorno 17.09.2026 sono istituiti i seguenti provvedimenti temporanei di circolazione: a) L’istituzione del restringimento di carreggiata su: i) Piazza Aldo Moro nel tratto stradale prospiciente i civv. tra il 4 ed il 20; b) L’istituzione del limite massimo di velocità pari a trenta chilometri orari a tutti i veicoli in avvicinamento alle aree interessate dai lavori. 3) Dagli obblighi e divieti di cui al punto 1) e 2) sono esclusi: i) i veicoli al servizio, ovvero di proprietà dell’impresa esecutrice dei lavori e sue subappaltatrici; ii) i veicoli delle forze dell’ordine, dei vigili del fuoco e delle ambulanze durante l’espletamento di servizi d’istituto e di soccorso pubblico e d’emergenza; <br><br><br>Durata e tempistiche: 16/09/2026 - 19/09/2026 23:00-06:00]]></description>
      <styleUrl>#icon-1541-E65100</styleUrl>
      <Point>
        <coordinates>
          16.8694415,41.1191491,0
        </coordinates>
      </Point>
    </Placemark>
    <Placemark>
      <name>ORDINANZA 2026/04564 
DIVIETO DI TRANSITO
PIAZZA ALDO MORO 
LAVORI DI REALIZZAZIONE DI UN SISTEMA BRT PER LA CITTÀ DI BARI
IMPRESA ESECUTRICE: R.T.I. COBAR S.P.A. - MER MEC STE S.R.L 
21/09/2026 - 25/09/2026 23:30-05:30
</name>
      <description><![CDATA[ORDINANZA 2026/04564 https://drive.google.com/file/d/1HHf2btD6zFD9l6d_UC6ugrxLzi1OCqHX/view<br><br>LAVORI DI REALIZZAZIONE DI UN SISTEMA BRT PER LA CITTÀ DI BARI - FINANZIATO DALLA UNIONE EUROPEA NEXT GENERATION EU - TRASPORTO RAPIDO DI MASSA - MISURA M2C2 - INV 4.2 DEL PNRR - CUP: J91B21002850001 REGOLAMENTAZIONE TEMPORANEA DELLA CIRCOLAZIONE STRADALE SU PIAZZA ALDO MORO DALLE ORE 23:30 ALLE ORE 05:30 (GIORNO SUCCESSIVO) DEI GIORNI 21-22-23-24 SETTEMBRE 2026 IMPRESA ESECUTRICE: R.T.I. COBAR S.P.A. - MER MEC STE S.R.L <br><br>1) Dalle ore 23:30 del giorno 21.09.2026 alle ore 05:30 del giorno 22.09.2026 dalle ore 23:30 del giorno 22.09.2026 alle ore 05:30 del giorno 23.09.2026 dalle ore 23:30 del giorno 23.09.2026 alle ore 05:30 del giorno 24.09.2026 dalle ore 23:30 del giorno 24.09.2026 alle ore 05:30 del giorno 25.09.2026 sono istituiti i seguenti provvedimenti temporanei di circolazione: a) L’istituzione del divieto di transito su: i) Piazza Aldo Moro, nel tratto stradale prospiciente i civv. dal 4 al 20 ii) Piazza Aldo Moro, nel tratto stradale prospiciente i civv. dal 21 al 44 b) L’istituzione del limite massimo di velocità pari a trenta chilometri orari a tutti i veicoli in avvicinamento alle aree interessate dai lavori. <br><br>Durata e tempistiche: 21/09/2026 - 25/09/2026 23:30-05:30<br><br>ORDINANZA 2026/04280 <br>https://drive.google.com/file/d/1cpLeUyv2Dxrq-wRLZrwWZhQogC8DyZdv/view<br><br>LAVORI DI REALIZZAZIONE DI UN SISTEMA BRT PER LA CITTÀ DI BARI - FINANZIATO DALLA UNIONE EUROPEA NEXT GENERATION EU - TRASPORTO RAPIDO DI MASSA - MISURA M2C2 - INV 4.2 DEL PNRR - CUP: J91B21002850001 REGOLAMENTAZIONE TEMPORANEA DELLA CIRCOLAZIONE STRADALE SU PIAZZA ALDO MORO DALLE ORE 23:00 DEL GIORNO ALLE ORE 06:00 DEI GIORNI 16-17-18- SETTEMBRE 2026 IMPRESA ESECUTRICE: R.T.I. COBAR S.P.A. - MER MEC STE S.R.L. <br><br>Dalle ore 23:00 del giorno 16.09.2026 alle ore 06:00 del giorno 17.09.2026 Dalle ore 23:00 del giorno 17.09.2026 alle ore 06:00 del giorno 18.09.2026 Dalle ore 23:00 del giorno 18.09.2026 alle ore 06:00 del giorno 19.09.2026 sono istituiti i seguenti provvedimenti temporanei di circolazione: a) L’istituzione del divieto di transito su: i) Piazza Aldo Moro nel tratto stradale prospiciente i civv. tra il 4 ed il 20; b) L’istituzione del limite massimo di velocità pari a trenta chilometri orari a tutti i veicoli in avvicinamento alle aree interessate dai lavori. 2) Dalle ore 06:00 alle ore 14:00 del giorno 17.09.2026 sono istituiti i seguenti provvedimenti temporanei di circolazione: a) L’istituzione del restringimento di carreggiata su: i) Piazza Aldo Moro nel tratto stradale prospiciente i civv. tra il 4 ed il 20; b) L’istituzione del limite massimo di velocità pari a trenta chilometri orari a tutti i veicoli in avvicinamento alle aree interessate dai lavori. 3) Dagli obblighi e divieti di cui al punto 1) e 2) sono esclusi: i) i veicoli al servizio, ovvero di proprietà dell’impresa esecutrice dei lavori e sue subappaltatrici; ii) i veicoli delle forze dell’ordine, dei vigili del fuoco e delle ambulanze durante l’espletamento di servizi d’istituto e di soccorso pubblico e d’emergenza;<br>Durata e tempistiche: 16/09/2026 - 19/09/2026 23:00-06:00 ]]></description>
      <styleUrl>#line-E65100-2938</styleUrl>
      <LineString>
        <tessellate>1</tessellate>
        <coordinates>
          16.8693171,41.1191142,0
          16.8707728,41.1191895,0
        </coordinates>
      </LineString>
    </Placemark>
    <Placemark>
      <name>ORDINANZA 2026/04565 
DIVIETO DI TRANSITO
LARGO CIAIA
LAVORI DI REALIZZAZIONE DI UN SISTEMA BRT PER LA CITTÀ DI BARI
IMPRESA ESECUTRICE: R.T.I. COBAR S.P.A. - MER MEC STE S.R.L 
21/09/2026 - 24/09/2026 23:30-05:30
</name>
      <description><![CDATA[ORDINANZA 2026/04565 https://drive.google.com/file/d/1qtQbYnuuJXZszoZ_aV5AKQZiy89RWQ0R/view<br><br>LAVORI DI REALIZZAZIONE DI UN SISTEMA BRT PER LA CITTÀ DI BARI - FINANZIATO DALLA UNIONE EUROPEA NEXT GENERATION EU - TRASPORTO RAPIDO DI MASSA - MISURA M2C2 - INV 4.2 DEL PNRR - CUP: J91B21002850001 REGOLAMENTAZIONE TEMPORANEA DELLA CIRCOLAZIONE STRADALE SU LARGO CIAIA DALLE ORE 23:30 ALLE ORE 05:30 (GIORNO SUCCESSIVO) DEI GIORNI 21-22-23-24 SETTEMBRE 2026 IMPRESA ESECUTRICE: R.T.I. COBAR S.P.A. - MER MEC STE S.R.L. . <br><br>Durata e tempistiche: 21/09/2026 - 24/09/2026 23:30-05:30]]></description>
      <styleUrl>#icon-1899-E65100</styleUrl>
      <Point>
        <coordinates>
          16.8727442,41.1152854,0
        </coordinates>
      </Point>
    </Placemark>
    <Placemark>
      <name>ORDINANZA 2026/04570 
DIVIETO DI SOSTA, RESTRINGIMENTO CARREGGIATA
VIA UMBERTO I CIV. 25 SANTO SPIRITO 
LAVORI DI REALIZZAZIONE ALLACCIO IDRICO 
IMPRESA ESECUTRICE: IMPRESA INDIVIDUALE FRISULLO LUIGI 
ISTANTE: AQP S.P.A. 
 28/09/2026 - 08/10/2026 
</name>
      <description><![CDATA[ORDINANZA 2026/04570 <br>https://drive.google.com/drive/folders/1o_4xwMypnO8_KMAcgkw4KDE0i085fQcS?hl=it<br> ISTITUZIONE TEMPORANEA DEL RESTRINGIMENTO CARREGGIATA E<br>DIVIETO DI SOSTA SU VIA UMBERTO I CIV. 25 IN SANTO SPIRITO (BA), PER<br>LAVORI DI ALLACCIO IDRICO DAL 28/09/2026 AL 08/10/2026.<br>IMPRESA: IMPRESA INDIVIDUALE “FRISULLO LUIGI”<br>ISTANTE: AQP S.P.A.<br>Durata e tempistiche: 28/09/2026 - 08/10/2026 <br><br>ORDINANZA 2026/02915 <br><br>https://drive.google.com/file/d/13LqtNcC-naZHjEZB7NQYhNUMlUHZX1OW/view<br><br>ISTITUZIONE TEMPORANEA DEL RESTRINGIMENTO CARREGGIATA E DIVIETO DI SOSTA SU VIA UMBERTO I CIV. 25 SANTO SPIRITO (BA), PER LAVORI DI REALIZZAZIONE ALLACCIO IDRICO DAL GIORNO 29/06/2026 AL 04/07/2026. IMPRESA: IMPRESA INDIVIDUALE FRISULLO LUIGI ISTANTE: AQP S.P.A. <br><br>Durata e tempistiche: 29/06//2026 - 04/07/2026   ]]></description>
      <styleUrl>#icon-1541-E65100</styleUrl>
      <Point>
        <coordinates>
          16.7509515,41.1620344,0
        </coordinates>
      </Point>
    </Placemark>
    <Placemark>
      <name>ORDINANZA 2026/04570 
DIVIETO DI SOSTA, RESTRINGIMENTO CARREGGIATA
VIA UMBERTO I CIV. 25 SANTO SPIRITO 
LAVORI DI REALIZZAZIONE ALLACCIO IDRICO 
IMPRESA ESECUTRICE: IMPRESA INDIVIDUALE FRISULLO LUIGI 
ISTANTE: AQP S.P.A. 
28/09/2026 - 08/10/2026 
</name>
      <description><![CDATA[ORDINANZA 2026/04570 <br>https://drive.google.com/drive/folders/1o_4xwMypnO8_KMAcgkw4KDE0i085fQcS?hl=it<br> ISTITUZIONE TEMPORANEA DEL RESTRINGIMENTO CARREGGIATA E<br>DIVIETO DI SOSTA SU VIA UMBERTO I CIV. 25 IN SANTO SPIRITO (BA), PER<br>LAVORI DI ALLACCIO IDRICO DAL 28/09/2026 AL 08/10/2026.<br>IMPRESA: IMPRESA INDIVIDUALE “FRISULLO LUIGI”<br>ISTANTE: AQP S.P.A.<br>Durata e tempistiche: 28/09/2026 - 08/10/2026<br>ORDINANZA 2026/02915 <br><br>https://drive.google.com/file/d/13LqtNcC-naZHjEZB7NQYhNUMlUHZX1OW/view<br><br>ISTITUZIONE TEMPORANEA DEL RESTRINGIMENTO CARREGGIATA E DIVIETO DI SOSTA SU VIA UMBERTO I CIV. 25 SANTO SPIRITO (BA), PER LAVORI DI REALIZZAZIONE ALLACCIO IDRICO DAL GIORNO 29/06/2026 AL 04/07/2026. IMPRESA: IMPRESA INDIVIDUALE FRISULLO LUIGI ISTANTE: AQP S.P.A. <br><br>Durata e tempistiche: 29/06//2026 - 04/07/2026   ]]></description>
      <styleUrl>#line-E65100-3713</styleUrl>
      <LineString>
        <tessellate>1</tessellate>
        <coordinates>
          16.7509917,41.1620834,0
          16.7509274,41.1619451,0
        </coordinates>
      </LineString>
    </Placemark>
    <Placemark>
      <name>ORDINANZA 2026/04571
RESTRINGIMENTO DI CARREGGIATA E SENSO UNICO ALTERNATO
CORSO ALCIDE DE GASPERI TRA STRADA CALVANI E STRADA VASSALLO
LAVORI DI ALLACCIO FOGNA BIANCA
SOCIETÀ: “ADDANTE GIOVANNI SRL”
22/09/2026 - 25/09/2026  09:00-17:00</name>
      <description><![CDATA[ORDINANZA 2026/04571<br>https://drive.google.com/file/d/1gJpfc91r30BtIlbF_W2axkdm0DHLvuAU/view<br>ORDINANZA PER TEMPORANEO RESTRINGIMENTO DI CARREGGIATA E<br>SENSO UNICO ALTERNATO GESTITO DA ALMENO DUE MOVIERI SU CORSO<br>ALCIDE DE GASPERI NEL TRATTO STRADALE COMPRESO TRA STRADA<br>CALVANI E STRADA VASSALLO PER LAVORI DI ALLACCIO FOGNA BIANCA<br>DAL 22/09/2026 AL 25/09/2026, DALLE ORE 9.00 ALLE ORE 17.00<br>SOCIETÀ: “ADDANTE GIOVANNI SRL”<br>22/09/2026 - 25/09/2026  09:00-17:00]]></description>
      <styleUrl>#icon-1541-E65100</styleUrl>
      <Point>
        <coordinates>
          16.8702198,41.0927361,0
        </coordinates>
      </Point>
    </Placemark>
    <Placemark>
      <name>ORDINANZA 2026/04571
RESTRINGIMENTO DI CARREGGIATA E SENSO UNICO ALTERNATO
CORSO ALCIDE DE GASPERI TRA STRADA CALVANI E STRADA VASSALLO
LAVORI DI ALLACCIO FOGNA BIANCA
SOCIETÀ: “ADDANTE GIOVANNI SRL”
22/09/2026 - 25/09/2026 09:00-17:00
</name>
      <description><![CDATA[ORDINANZA 2026/04571<br>https://drive.google.com/file/d/1gJpfc91r30BtIlbF_W2axkdm0DHLvuAU/view<br>ORDINANZA PER TEMPORANEO RESTRINGIMENTO DI CARREGGIATA E<br>SENSO UNICO ALTERNATO GESTITO DA ALMENO DUE MOVIERI SU CORSO<br>ALCIDE DE GASPERI NEL TRATTO STRADALE COMPRESO TRA STRADA<br>CALVANI E STRADA VASSALLO PER LAVORI DI ALLACCIO FOGNA BIANCA<br>DAL 22/09/2026 AL 25/09/2026, DALLE ORE 9.00 ALLE ORE 17.00<br>SOCIETÀ: “ADDANTE GIOVANNI SRL”<br>22/09/2026 - 25/09/2026  09:00-17:00]]></description>
      <styleUrl>#line-E65100-3713</styleUrl>
      <LineString>
        <tessellate>1</tessellate>
        <coordinates>
          16.8703695,41.0932145,0
          16.8701728,41.092206,0
        </coordinates>
      </LineString>
    </Placemark>
  </Document>
</kml>
